  0
SECTION
  2
HEADER
  9
$ACADVER
  1
AC1027
  9
$ACADMAINTVER
 70
   125
  9
$DWGCODEPAGE
  3
ANSI_1252
  9
$LASTSAVEDBY
  1
kaley
  9
$REQUIREDVERSIONS
160
                 0
  9
$INSBASE
 10
0.0
 20
0.0
 30
0.0
  9
$EXTMIN
 10
0.0
 20
0.0
 30
0.0
  9
$EXTMAX
 10
420.0
 20
297.0
 30
0.0
  9
$LIMMIN
 10
0.0
 20
0.0
  9
$LIMMAX
 10
420.0
 20
297.0
  9
$ORTHOMODE
 70
     0
  9
$REGENMODE
 70
     1
  9
$FILLMODE
 70
     1
  9
$QTEXTMODE
 70
     0
  9
$MIRRTEXT
 70
     0
  9
$LTSCALE
 40
0.75
  9
$ATTMODE
 70
     1
  9
$TEXTSIZE
 40
3.5
  9
$TRACEWID
 40
1.0
  9
$TEXTSTYLE
  7
Standard
  9
$CLAYER
  8
0
  9
$CELTYPE
  6
ByLayer
  9
$CECOLOR
 62
   256
  9
$CELTSCALE
 40
1.0
  9
$DISPSILH
 70
     0
  9
$DIMSCALE
 40
1.0
  9
$DIMASZ
 40
3.5
  9
$DIMEXO
 40
2.1
  9
$DIMDLI
 40
10.5
  9
$DIMRND
 40
0.0
  9
$DIMDLE
 40
0.0
  9
$DIMEXE
 40
2.1
  9
$DIMTP
 40
0.1
  9
$DIMTM
 40
0.1
  9
$DIMTXT
 40
3.5
  9
$DIMCEN
 40
0.0
  9
$DIMTSZ
 40
0.0
  9
$DIMTOL
 70
     0
  9
$DIMLIM
 70
     0
  9
$DIMTIH
 70
     0
  9
$DIMTOH
 70
     0
  9
$DIMSE1
 70
     0
  9
$DIMSE2
 70
     0
  9
$DIMTAD
 70
     1
  9
$DIMZIN
 70
    12
  9
$DIMBLK
  1

  9
$DIMASO
 70
     1
  9
$DIMSHO
 70
     1
  9
$DIMPOST
  1

  9
$DIMAPOST
  1

  9
$DIMALT
 70
     0
  9
$DIMALTD
 70
     2
  9
$DIMALTF
 40
0.03937
  9
$DIMLFAC
 40
1.0
  9
$DIMTOFL
 70
     1
  9
$DIMTVP
 40
0.0
  9
$DIMTIX
 70
     0
  9
$DIMSOXD
 70
     0
  9
$DIMSAH
 70
     0
  9
$DIMBLK1
  1

  9
$DIMBLK2
  1

  9
$DIMSTYLE
  2
Dim-ISO-25
  9
$DIMCLRD
 70
     0
  9
$DIMCLRE
 70
     0
  9
$DIMCLRT
 70
     0
  9
$DIMTFAC
 40
0.714286
  9
$DIMGAP
 40
1.4
  9
$DIMJUST
 70
     0
  9
$DIMSD1
 70
     0
  9
$DIMSD2
 70
     0
  9
$DIMTOLJ
 70
     0
  9
$DIMTZIN
 70
    12
  9
$DIMALTZ
 70
    12
  9
$DIMALTTZ
 70
    12
  9
$DIMUPT
 70
     0
  9
$DIMDEC
 70
     2
  9
$DIMTDEC
 70
     2
  9
$DIMALTU
 70
     2
  9
$DIMALTTD
 70
     2
  9
$DIMTXSTY
  7
Standard
  9
$DIMAUNIT
 70
     0
  9
$DIMADEC
 70
     2
  9
$DIMALTRND
 40
0.0
  9
$DIMAZIN
 70
     3
  9
$DIMDSEP
 70
    46
  9
$DIMATFIT
 70
     3
  9
$DIMFRAC
 70
     0
  9
$DIMLDRBLK
  1

  9
$DIMLUNIT
 70
     2
  9
$DIMLWD
 70
    -2
  9
$DIMLWE
 70
    -2
  9
$DIMTMOVE
 70
     0
  9
$DIMFXL
 40
1.0
  9
$DIMFXLON
 70
     0
  9
$DIMJOGANG
 40
0.785398
  9
$DIMTFILL
 70
     0
  9
$DIMTFILLCLR
 70
     0
  9
$DIMARCSYM
 70
     0
  9
$DIMLTYPE
  6

  9
$DIMLTEX1
  6

  9
$DIMLTEX2
  6

  9
$DIMTXTDIRECTION
 70
     0
  9
$LUNITS
 70
     2
  9
$LUPREC
 70
     4
  9
$SKETCHINC
 40
1.0
  9
$FILLETRAD
 40
0.0
  9
$AUNITS
 70
     0
  9
$AUPREC
 70
     0
  9
$MENU
  1
.
  9
$ELEVATION
 40
0.0
  9
$PELEVATION
 40
0.0
  9
$THICKNESS
 40
0.0
  9
$LIMCHECK
 70
     0
  9
$CHAMFERA
 40
0.0
  9
$CHAMFERB
 40
0.0
  9
$CHAMFERC
 40
0.0
  9
$CHAMFERD
 40
0.0
  9
$SKPOLY
 70
     0
  9
$TDCREATE
 40
2461145.590601852
  9
$TDUCREATE
 40
2461145.548935185
  9
$TDUPDATE
 40
2461145.590601852
  9
$TDUUPDATE
 40
2461145.548935185
  9
$TDINDWG
 40
0.0000000000
  9
$TDUSRTIMER
 40
0.0000000000
  9
$USRTIMER
 70
     1
  9
$ANGBASE
 50
0.0
  9
$ANGDIR
 70
     0
  9
$PDMODE
 70
     0
  9
$PDSIZE
 40
0.0
  9
$PLINEWID
 40
0.0
  9
$SPLFRAME
 70
     0
  9
$SPLINETYPE
 70
     6
  9
$SPLINESEGS
 70
     8
  9
$HANDSEED
  5
718
  9
$SURFTAB1
 70
     6
  9
$SURFTAB2
 70
     6
  9
$SURFTYPE
 70
     6
  9
$SURFU
 70
     6
  9
$SURFV
 70
     6
  9
$UCSBASE
  2

  9
$UCSNAME
  2

  9
$UCSORG
 10
0.0
 20
0.0
 30
0.0
  9
$UCSXDIR
 10
1.0
 20
0.0
 30
0.0
  9
$UCSYDIR
 10
0.0
 20
1.0
 30
0.0
  9
$UCSORTHOREF
  2

  9
$UCSORTHOVIEW
 70
     0
  9
$UCSORGTOP
 10
0.0
 20
0.0
 30
0.0
  9
$UCSORGBOTTOM
 10
0.0
 20
0.0
 30
0.0
  9
$UCSORGLEFT
 10
0.0
 20
0.0
 30
0.0
  9
$UCSORGRIGHT
 10
0.0
 20
0.0
 30
0.0
  9
$UCSORGFRONT
 10
0.0
 20
0.0
 30
0.0
  9
$UCSORGBACK
 10
0.0
 20
0.0
 30
0.0
  9
$PUCSBASE
  2

  9
$PUCSNAME
  2

  9
$PUCSORG
 10
0.0
 20
0.0
 30
0.0
  9
$PUCSXDIR
 10
1.0
 20
0.0
 30
0.0
  9
$PUCSYDIR
 10
0.0
 20
1.0
 30
0.0
  9
$PUCSORTHOREF
  2

  9
$PUCSORTHOVIEW
 70
     0
  9
$PUCSORGTOP
 10
0.0
 20
0.0
 30
0.0
  9
$PUCSORGBOTTOM
 10
0.0
 20
0.0
 30
0.0
  9
$PUCSORGLEFT
 10
0.0
 20
0.0
 30
0.0
  9
$PUCSORGRIGHT
 10
0.0
 20
0.0
 30
0.0
  9
$PUCSORGFRONT
 10
0.0
 20
0.0
 30
0.0
  9
$PUCSORGBACK
 10
0.0
 20
0.0
 30
0.0
  9
$USERI1
 70
     0
  9
$USERI2
 70
     0
  9
$USERI3
 70
     0
  9
$USERI4
 70
     0
  9
$USERI5
 70
     0
  9
$USERR1
 40
0.0
  9
$USERR2
 40
0.0
  9
$USERR3
 40
0.0
  9
$USERR4
 40
0.0
  9
$USERR5
 40
0.0
  9
$WORLDVIEW
 70
     1
  9
$SHADEDGE
 70
     3
  9
$SHADEDIF
 70
    70
  9
$TILEMODE
 70
     1
  9
$MAXACTVP
 70
    64
  9
$PINSBASE
 10
0.0
 20
0.0
 30
0.0
  9
$PLIMCHECK
 70
     0
  9
$PEXTMIN
 10
1.000000E+20
 20
1.000000E+20
 30
1.000000E+20
  9
$PEXTMAX
 10
-1.000000E+20
 20
-1.000000E+20
 30
-1.000000E+20
  9
$PLIMMIN
 10
0.0
 20
0.0
  9
$PLIMMAX
 10
12.0
 20
9.0
  9
$UNITMODE
 70
     0
  9
$VISRETAIN
 70
     1
  9
$PLINEGEN
 70
     0
  9
$PSLTSCALE
 70
     1
  9
$TREEDEPTH
 70
  3020
  9
$CMLSTYLE
  2
Standard
  9
$CMLJUST
 70
     0
  9
$CMLSCALE
 40
20.0
  9
$PROXYGRAPHICS
 70
     1
  9
$MEASUREMENT
 70
     1
  9
$CELWEIGHT
370
    -1
  9
$ENDCAPS
280
     0
  9
$JOINSTYLE
280
     0
  9
$LWDISPLAY
290
     0
  9
$INSUNITS
 70
     4
  9
$HYPERLINKBASE
  1

  9
$STYLESHEET
  1

  9
$XEDIT
290
     1
  9
$CEPSNTYPE
380
     0
  9
$PSTYLEMODE
290
     1
  9
$FINGERPRINTGUID
  2
{2EA21A52-7401-AB4F-8E97-EC6F8536AF62}
  9
$VERSIONGUID
  2
{44810905-9C10-BD45-B2E0-0B8FB511A214}
  9
$EXTNAMES
290
     1
  9
$PSVPSCALE
 40
0.0
  9
$OLESTARTUP
290
     0
  9
$SORTENTS
280
   127
  9
$INDEXCTL
280
     0
  9
$HIDETEXT
280
     1
  9
$XCLIPFRAME
280
     0
  9
$HALOGAP
280
     0
  9
$OBSCOLOR
 70
   257
  9
$OBSLTYPE
280
     0
  9
$INTERSECTIONDISPLAY
280
     0
  9
$INTERSECTIONCOLOR
 70
   257
  9
$DIMASSOC
280
     2
  9
$PROJECTNAME
  1

  9
$CAMERADISPLAY
290
     0
  9
$LENSLENGTH
 40
50.0
  9
$CAMERAHEIGHT
 40
0.0
  9
$STEPSPERSEC
 40
2.0
  9
$STEPSIZE
 40
6.0
  9
$3DDWFPREC
 40
2.0
  9
$PSOLWIDTH
 40
5.0
  9
$PSOLHEIGHT
 40
80.0
  9
$LOFTANG1
 40
1.570796
  9
$LOFTANG2
 40
1.570796
  9
$LOFTMAG1
 40
0.0
  9
$LOFTMAG2
 40
0.0
  9
$LOFTPARAM
 70
     7
  9
$LOFTNORMALS
280
     1
  9
$LATITUDE
 40
37.795
  9
$LONGITUDE
 40
-122.394
  9
$NORTHDIRECTION
 40
0.0
  9
$TIMEZONE
 70
 -8000
  9
$LIGHTGLYPHDISPLAY
280
     1
  9
$TILEMODELIGHTSYNCH
280
     1
  9
$CMATERIAL
347
11
  9
$SOLIDHIST
280
     0
  9
$SHOWHIST
280
     1
  9
$DWFFRAME
280
     2
  9
$DGNFRAME
280
     0
  9
$REALWORLDSCALE
290
     1
  9
$INTERFERECOLOR
 62
     1
  9
$INTERFEREOBJVS
345
33
  9
$INTERFEREVPVS
346
30
  9
$CSHADOW
280
     0
  9
$SHADOWPLANELOCATION
 40
0.0
  0
ENDSEC
  0
SECTION
  2
CLASSES
  0
CLASS
  1
ACDBDICTIONARYWDFLT
  2
AcDbDictionaryWithDefault
  3
ObjectDBX Classes
 90
        0
 91
        1
280
     0
281
     0
  0
CLASS
  1
MATERIAL
  2
AcDbMaterial
  3
ObjectDBX Classes
 90
     1153
 91
        3
280
     0
281
     0
  0
CLASS
  1
VISUALSTYLE
  2
AcDbVisualStyle
  3
ObjectDBX Classes
 90
     4095
 91
       24
280
     0
281
     0
  0
CLASS
  1
SCALE
  2
AcDbScale
  3
ObjectDBX Classes
 90
     1153
 91
       17
280
     0
281
     0
  0
CLASS
  1
TABLESTYLE
  2
AcDbTableStyle
  3
ObjectDBX Classes
 90
     4095
 91
        1
280
     0
281
     0
  0
CLASS
  1
MLEADERSTYLE
  2
AcDbMLeaderStyle
  3
ACDB_MLEADERSTYLE_CLASS
 90
     4095
 91
        1
280
     0
281
     0
  0
CLASS
  1
ACDBSECTIONVIEWSTYLE
  2
AcDbSectionViewStyle
  3
ObjectDBX Classes
 90
     1025
 91
        1
280
     0
281
     0
  0
CLASS
  1
ACDBDETAILVIEWSTYLE
  2
AcDbDetailViewStyle
  3
ObjectDBX Classes
 90
     1025
 91
        1
280
     0
281
     0
  0
CLASS
  1
ACMESCOPE
  2
AcMeScope
  3
AcMeServices
 90
     1024
 91
        1
280
     0
281
     0
  0
CLASS
  1
ACMECOMMANDHISTORY
  2
AcMeCommandHistory
  3
AcMeServices
 90
     1024
 91
        1
280
     0
281
     0
  0
CLASS
  1
ACIMSYSVARMAN
  2
AcImSysVarManager
  3
AcMeServices
 90
     1024
 91
        1
280
     0
281
     0
  0
CLASS
  1
ACIMINTSYSVAR
  2
AcImIntSysVar
  3
AcMeServices
 90
     1024
 91
        1
280
     0
281
     0
  0
CLASS
  1
ACMESTATEMGR
  2
AcMeStateMgr
  3
AcMeServices
 90
     1024
 91
        1
280
     0
281
     0
  0
CLASS
  1
ACGREFMASTER
  2
AcGrefMaster
  3
AcAttribServices
 90
     1024
 91
        1
280
     0
281
     0
  0
CLASS
  1
SORTENTSTABLE
  2
AcDbSortentsTable
  3
ObjectDBX Classes
 90
        0
 91
        3
280
     0
281
     0
  0
CLASS
  1
DICTIONARYVAR
  2
AcDbDictionaryVar
  3
ObjectDBX Classes
 90
        0
 91
        6
280
     0
281
     0
  0
CLASS
  1
CELLSTYLEMAP
  2
AcDbCellStyleMap
  3
ObjectDBX Classes
 90
     1152
 91
        1
280
     0
281
     0
  0
ENDSEC
  0
SECTION
  2
TABLES
  0
TABLE
  2
VPORT
  5
8
330
0
100
AcDbSymbolTable
 70
     1
1001
ACAD
1000
DbSaveVer
1071
      428
  0
VPORT
  5
57
330
8
100
AcDbSymbolTableRecord
100
AcDbViewportTableRecord
  2
*Active
 70
     0
 10
0.0
 20
0.0
 11
1.0
 21
1.0
 12
210.0
 22
148.5
 13
0.0
 23
0.0
 14
0.5
 24
0.5
 15
0.0
 25
0.0
 16
0.0
 26
0.0
 36
1.0
 17
0.0
 27
0.0
 37
0.0
 40
297.0
 41
2.455243
 42
50.0
 43
0.0
 44
0.0
 50
0.0
 51
0.0
 71
     0
 72
 20000
 73
     1
 74
     0
 75
     0
 76
     0
 77
     0
 78
     0
281
     0
 65
     1
110
0.0
120
0.0
130
0.0
111
1.0
121
0.0
131
0.0
112
0.0
122
1.0
132
0.0
 79
     0
146
0.0
348
2F
 60
     3
 61
     5
292
     1
282
     1
141
0.0
142
0.0
 63
   250
421
  3355443
  0
ENDTAB
  0
TABLE
  2
LTYPE
  5
5
330
0
100
AcDbSymbolTable
 70
    16
  0
LTYPE
  5
5B
330
5
100
AcDbSymbolTableRecord
100
AcDbLinetypeTableRecord
  2
ByBlock
 70
     0
  3

 72
    65
 73
     0
 40
0.0
  0
LTYPE
  5
5C
330
5
100
AcDbSymbolTableRecord
100
AcDbLinetypeTableRecord
  2
ByLayer
 70
     0
  3

 72
    65
 73
     0
 40
0.0
  0
LTYPE
  5
5D
330
5
100
AcDbSymbolTableRecord
100
AcDbLinetypeTableRecord
  2
Continuous
 70
     0
  3
Solid line
 72
    65
 73
     0
 40
0.0
  0
LTYPE
  5
81
330
5
100
AcDbSymbolTableRecord
100
AcDbLinetypeTableRecord
  2
HIDDEN
 70
     0
  3
Hidden __ __ __ __ __ __ __ __ __ __ __ __ __ _
 72
    65
 73
     2
 40
9.525
 49
6.35
 74
     0
 49
-3.175
 74
     0
  0
LTYPE
  5
82
330
5
100
AcDbSymbolTableRecord
100
AcDbLinetypeTableRecord
  2
PHANTOM2
 70
     0
  3
Phantom (.5x) ___ _ _ ___ _ _ ___ _ _ ___ _ _
 72
    65
 73
     6
 40
31.75
 49
15.875
 74
     0
 49
-3.175
 74
     0
 49
3.175
 74
     0
 49
-3.175
 74
     0
 49
3.175
 74
     0
 49
-3.175
 74
     0
  0
LTYPE
  5
83
330
5
100
AcDbSymbolTableRecord
100
AcDbLinetypeTableRecord
  2
CENTER
 70
     0
  3
Center ____ _ ____ _ ____ _ ____ _ ____ _ ____
 72
    65
 73
     4
 40
50.8
 49
31.75
 74
     0
 49
-6.35
 74
     0
 49
6.35
 74
     0
 49
-6.35
 74
     0
  0
LTYPE
  5
9C
330
5
100
AcDbSymbolTableRecord
100
AcDbLinetypeTableRecord
  2
CENTER2
 70
     0
  3
Center (.5x) ___ _ ___ _ ___ _ ___ _ ___ _ ___
 72
    65
 73
     4
 40
28.575
 49
19.05
 74
     0
 49
-3.175
 74
     0
 49
3.175
 74
     0
 49
-3.175
 74
     0
  0
LTYPE
  5
9D
330
5
100
AcDbSymbolTableRecord
100
AcDbLinetypeTableRecord
  2
HIDDEN2
 70
     0
  3
Hidden (.5x) _ _ _ _ _ _ _ _ _ _ _ _ _ _ _ _ _
 72
    65
 73
     2
 40
4.7625
 49
3.175
 74
     0
 49
-1.5875
 74
     0
  0
LTYPE
  5
9E
330
5
100
AcDbSymbolTableRecord
100
AcDbLinetypeTableRecord
  2
AM_ISO02W050
 70
     0
  3
__ __ __ __ __ __ __ __ __ __ __ __ __ __ __
 72
    65
 73
     2
 40
7.5
 49
6.0
 74
     0
 49
-1.5
 74
     0
  0
LTYPE
  5
9F
330
5
100
AcDbSymbolTableRecord
100
AcDbLinetypeTableRecord
  2
AM_ISO08W050
 70
     0
  3
____ . ____ . ____ . ____ . ____ . ____ . ____
 72
    65
 73
     4
 40
18.0
 49
12.0
 74
     0
 49
-1.5
 74
     0
 49
3.0
 74
     0
 49
-1.5
 74
     0
  0
LTYPE
  5
A0
330
5
100
AcDbSymbolTableRecord
100
AcDbLinetypeTableRecord
  2
AM_ISO09W050
 70
     0
  3
_____ . . _____ . . _____ . . ____ .. ____
 72
    65
 73
     6
 40
22.5
 49
12.0
 74
     0
 49
-1.5
 74
     0
 49
3.0
 74
     0
 49
-1.5
 74
     0
 49
3.0
 74
     0
 49
-1.5
 74
     0
  0
LTYPE
  5
A1
330
5
100
AcDbSymbolTableRecord
100
AcDbLinetypeTableRecord
  2
Amconstr
 70
     0
  3
_______________________
 72
    65
 73
     2
 40
9999.0
 49
9999.0
 74
     0
 49
0.0
 74
     0
  0
LTYPE
  5
A2
330
5
100
AcDbSymbolTableRecord
100
AcDbLinetypeTableRecord
  2
AM_ISO08W050x2
 70
     0
  3
__ . __ . __ . __ . __ . __
 72
    65
 73
     4
 40
9.0
 49
6.0
 74
     0
 49
-0.75
 74
     0
 49
1.5
 74
     0
 49
-0.75
 74
     0
  0
LTYPE
  5
A3
330
5
100
AcDbSymbolTableRecord
100
AcDbLinetypeTableRecord
  2
AM_ISO02W050x2
 70
     0
  3
 _ _ _ _ _ _ _ _ _ _ _ _
 72
    65
 73
     2
 40
3.75
 49
3.0
 74
     0
 49
-0.75
 74
     0
  0
LTYPE
  5
A4
330
5
100
AcDbSymbolTableRecord
100
AcDbLinetypeTableRecord
  2
Amzigzag
 70
     0
  3
/\/-/\/-/\/-/\/-/\/-/\/
 72
    65
 73
     2
 40
11.0001
 49
0.0001
 74
     4
 75
   136
340
99
 46
0.04
 50
0.0
 44
0.0
 45
0.0
 49
-11.0
 74
     0
  0
LTYPE
  5
A5
330
5
100
AcDbSymbolTableRecord
100
AcDbLinetypeTableRecord
  2
ACISOWELD
 70
     0
  3
_ _ _ _ _
 72
    65
 73
     2
 40
2.0
 49
2.0
 74
     0
 49
-1.0
 74
     0
  0
LTYPE
  5
A6
330
5
100
AcDbSymbolTableRecord
100
AcDbLinetypeTableRecord
  2
ACISOTGL
 70
     0
  3
_ _ _ _ _
 72
    65
 73
     2
 40
3.0
 49
2.0
 74
     0
 49
-1.0
 74
     0
  0
LTYPE
  5
A7
330
5
100
AcDbSymbolTableRecord
100
AcDbLinetypeTableRecord
  2
ACISOTGB
 70
     0
  3
__ . . __ . .
 72
    65
 73
     6
 40
9.0
 49
4.0
 74
     0
 49
-1.0
 74
     0
 49
1.0
 74
     0
 49
-1.0
 74
     0
 49
1.0
 74
     0
 49
-1.0
 74
     0
  0
ENDTAB
  0
TABLE
  2
LAYER
  5
2
330
0
100
AcDbSymbolTable
 70
    13
  0
LAYER
  5
54
330
2
100
AcDbSymbolTableRecord
100
AcDbLayerTableRecord
  2
0
 70
     0
 62
     7
  6
Continuous
370
    -3
390
F
347
21
348
0
1001
AcAecLayerStandard
1000

1000

  0
LAYER
  5
79
330
2
100
AcDbSymbolTableRecord
100
AcDbLayerTableRecord
  2
Defpoints
 70
     0
 62
     7
  6
Continuous
290
     0
370
    -3
390
F
347
21
348
0
1001
AcAecLayerStandard
1000

1000

  0
LAYER
  5
B3
330
2
100
AcDbSymbolTableRecord
100
AcDbLayerTableRecord
  2
Visible
 70
     0
 62
     7
  6
Continuous
370
    50
390
F
347
21
348
0
  0
LAYER
  5
BC
330
2
100
AcDbSymbolTableRecord
100
AcDbLayerTableRecord
  2
Hidden
 70
     0
 62
     7
  6
HIDDEN2
370
    25
390
F
347
21
348
0
  0
LAYER
  5
20E
330
2
100
AcDbSymbolTableRecord
100
AcDbLayerTableRecord
  2
BORDER
 70
     0
 62
     7
  6
Continuous
370
    25
390
F
347
21
348
0
1001
AcAecLayerStandard
1000

1000

1001
AcCmTransparency
1071
        0
  0
LAYER
  5
254
330
2
100
AcDbSymbolTableRecord
100
AcDbLayerTableRecord
  2
TITLEBLOCK
 70
     0
 62
     7
  6
Continuous
370
    35
390
F
347
21
348
0
1001
AcAecLayerStandard
1000

1000

1001
AcCmTransparency
1071
        0
  0
LAYER
  5
2A0
330
2
100
AcDbSymbolTableRecord
100
AcDbLayerTableRecord
  2
Smart Centers
 70
     0
 62
     7
  6
CENTER2
370
    25
390
F
347
21
348
0
  0
LAYER
  5
30F
330
2
100
AcDbSymbolTableRecord
100
AcDbLayerTableRecord
  2
FD_Dimensions
 70
     0
 62
     7
  6
Continuous
370
    25
390
F
347
21
348
0
  0
ENDTAB
  0
TABLE
  2
STYLE
  5
3
330
0
100
AcDbSymbolTable
 70
     5
  0
STYLE
  5
55
330
3
100
AcDbSymbolTableRecord
100
AcDbTextStyleTableRecord
  2
Standard
 70
     0
 40
0.0
 41
1.0
 50
0.0
 71
     0
 42
3.5
  3
arial.ttf
  4

1001
ACAD
1000
Arial
1071
       34
  0
STYLE
  5
5A
330
3
100
AcDbSymbolTableRecord
100
AcDbTextStyleTableRecord
  2
Annotative
 70
     0
 40
0.0
 41
1.0
 50
0.0
 71
     0
 42
0.2
  3
txt
  4

1001
AcadAnnotative
1000
AnnotativeData
1002
{
1070
     1
1070
     1
1002
}
  0
STYLE
  5
98
330
3
100
AcDbSymbolTableRecord
100
AcDbTextStyleTableRecord
  2
FusionTitle
 70
     0
 40
0.0
 41
1.0
 50
0.0
 71
     0
 42
2.5
  3
arial.ttf
  4

1001
ACAD
1000
Arial
1071
       34
  0
STYLE
  5
99
330
3
100
AcDbSymbolTableRecord
100
AcDbTextStyleTableRecord
  2

 70
     1
 40
0.0
 41
1.0
 50
0.0
 71
     0
 42
10.0
  3
genltshp.shx
  4

  0
STYLE
  5
9A
330
3
100
AcDbSymbolTableRecord
100
AcDbTextStyleTableRecord
  2
ACISOGDT
 70
     0
 40
0.0
 41
1.0
 50
0.0
 71
     0
 42
10.0
  3
amgdt.shx
  4

  0
ENDTAB
  0
TABLE
  2
VIEW
  5
6
330
0
100
AcDbSymbolTable
 70
     0
  0
ENDTAB
  0
TABLE
  2
UCS
  5
7
330
0
100
AcDbSymbolTable
 70
     0
  0
ENDTAB
  0
TABLE
  2
APPID
  5
9
330
0
100
AcDbSymbolTable
 70
    25
  0
APPID
  5
56
330
9
100
AcDbSymbolTableRecord
100
AcDbRegAppTableRecord
  2
ACAD
 70
     0
  0
APPID
  5
5E
330
9
100
AcDbSymbolTableRecord
100
AcDbRegAppTableRecord
  2
AcadAnnotative
 70
     0
  0
APPID
  5
78
330
9
100
AcDbSymbolTableRecord
100
AcDbRegAppTableRecord
  2
ACAD_PSEXT
 70
     0
  0
APPID
  5
7A
330
9
100
AcDbSymbolTableRecord
100
AcDbRegAppTableRecord
  2
MCAD_NO_VIS
 70
     0
  0
APPID
  5
7B
330
9
100
AcDbSymbolTableRecord
100
AcDbRegAppTableRecord
  2
ACAD_TEMP_GRAPHIC
 70
     0
  0
APPID
  5
84
330
9
100
AcDbSymbolTableRecord
100
AcDbRegAppTableRecord
  2
ACAD_DSTYLE_DIMJAG
 70
     0
  0
APPID
  5
85
330
9
100
AcDbSymbolTableRecord
100
AcDbRegAppTableRecord
  2
ACAD_DSTYLE_DIMTALN
 70
     0
  0
APPID
  5
86
330
9
100
AcDbSymbolTableRecord
100
AcDbRegAppTableRecord
  2
ACAD_NAV_VCDISPLAY
 70
     0
  0
APPID
  5
87
330
9
100
AcDbSymbolTableRecord
100
AcDbRegAppTableRecord
  2
AcAecLayerStandard
 70
     0
  0
APPID
  5
88
330
9
100
AcDbSymbolTableRecord
100
AcDbRegAppTableRecord
  2
AcCmTransparency
 70
     0
  0
APPID
  5
89
330
9
100
AcDbSymbolTableRecord
100
AcDbRegAppTableRecord
  2
AcDbDynamicBlockGUID
 70
     0
  0
APPID
  5
8A
330
9
100
AcDbSymbolTableRecord
100
AcDbRegAppTableRecord
  2
ACAD_DSTYLE_DIMBREAK
 70
     0
  0
APPID
  5
8B
330
9
100
AcDbSymbolTableRecord
100
AcDbRegAppTableRecord
  2
ACAD_DSTYLE_DIMRADIAL_EXTENSION
 70
     0
  0
APPID
  5
8C
330
9
100
AcDbSymbolTableRecord
100
AcDbRegAppTableRecord
  2
ACAD_TC
 70
     0
  0
APPID
  5
8D
330
9
100
AcDbSymbolTableRecord
100
AcDbRegAppTableRecord
  2
FUSIONTITLEBLOCK
 70
     0
  0
APPID
  5
8E
330
9
100
AcDbSymbolTableRecord
100
AcDbRegAppTableRecord
  2
FUSIONCURRENTTITLEBLOCK
 70
     0
  0
APPID
  5
8F
330
9
100
AcDbSymbolTableRecord
100
AcDbRegAppTableRecord
  2
AcSynergy
 70
     0
  0
APPID
  5
90
330
9
100
AcDbSymbolTableRecord
100
AcDbRegAppTableRecord
  2
GENIUS_GENSCREG_15
 70
     0
  0
APPID
  5
91
330
9
100
AcDbSymbolTableRecord
100
AcDbRegAppTableRecord
  2
GENIUS_GENOBJ-N-SDF_13
 70
     0
  0
APPID
  5
92
330
9
100
AcDbSymbolTableRecord
100
AcDbRegAppTableRecord
  2
GENIUS_GENODEF_13
 70
     0
  0
APPID
  5
93
330
9
100
AcDbSymbolTableRecord
100
AcDbRegAppTableRecord
  2
ACAD_DIMASSOC_CALC_DIMLFAC
 70
     0
  0
APPID
  5
94
330
9
100
AcDbSymbolTableRecord
100
AcDbRegAppTableRecord
  2
ACAD_DIMASSOC_DIMLFAC
 70
     0
  0
APPID
  5
95
330
9
100
AcDbSymbolTableRecord
100
AcDbRegAppTableRecord
  2
ACAD_DIMASSOC_OVERRIDDEN_DIMLFAC
 70
     0
  0
APPID
  5
96
330
9
100
AcDbSymbolTableRecord
100
AcDbRegAppTableRecord
  2
ACAD_DSTYLE_DIMJAG_POSITION
 70
     0
  0
APPID
  5
97
330
9
100
AcDbSymbolTableRecord
100
AcDbRegAppTableRecord
  2
ACATTRIBSERVICES
 70
     0
  0
ENDTAB
  0
TABLE
  2
DIMSTYLE
  5
A
330
0
100
AcDbSymbolTable
 70
     4
100
AcDbDimStyleTable
 71
     1
340
AB
  0
DIMSTYLE
105
58
330
A
100
AcDbSymbolTableRecord
100
AcDbDimStyleTableRecord
  2
Standard
 70
     0
 41
3.5
 42
2.1
 43
10.5
 44
2.1
 78
    12
 79
     3
140
3.5
143
0.03937
146
0.714286
147
1.4
179
     2
271
     2
272
     2
284
    12
340
55
  0
DIMSTYLE
105
59
330
A
100
AcDbSymbolTableRecord
100
AcDbDimStyleTableRecord
  2
Annotative
 70
     0
 40
0.0
 41
3.5
 42
2.1
 43
10.5
 44
2.1
 73
     0
 74
     0
 77
     1
 78
    12
 79
     3
140
3.5
141
2.5
143
0.03937
146
0.714286
147
1.4
171
     3
172
     1
179
     2
271
     2
272
     2
274
     3
278
    44
283
     0
284
    12
340
55
1001
AcadAnnotative
1000
AnnotativeData
1002
{
1070
     1
1070
     1
1002
}
  0
DIMSTYLE
105
AA
330
A
100
AcDbSymbolTableRecord
100
AcDbDimStyleTableRecord
  2
ISO-25
 70
     0
  4
in
 41
3.5
 42
2.1
 43
10.5
 44
2.1
 47
0.1
 48
0.1
 73
     0
 74
     0
 77
     1
 78
    12
 79
     3
140
3.5
141
0.0
143
0.03937
146
0.714286
147
1.4
171
     4
172
     1
176
   256
177
   256
178
   256
179
     2
271
     2
272
     2
274
     4
283
     0
284
    12
285
     8
340
55
1001
ACAD_DSTYLE_DIMJAG
1070
   388
1040
1.5
1001
ACAD_DSTYLE_DIMTALN
1070
   392
1070
     1
1001
ACAD_DSTYLE_DIMBREAK
1070
   391
1040
3.5
  0
DIMSTYLE
105
AB
102
{ACAD_REACTORS
330
333
330
33F
330
34B
330
357
330
363
330
36F
330
37B
330
387
330
30E
330
31B
330
327
102
}
330
A
100
AcDbSymbolTableRecord
100
AcDbDimStyleTableRecord
  2
Dim-ISO-25
 70
     0
 41
3.5
 42
2.1
 43
10.5
 44
2.1
 47
0.1
 48
0.1
 73
     0
 74
     0
 77
     1
 78
    12
 79
     3
140
3.5
141
0.0
143
0.03937
146
0.714286
147
1.4
172
     1
179
     2
271
     2
272
     2
283
     0
284
    12
285
    12
286
    12
340
55
1001
ACAD_DSTYLE_DIMJAG
1070
   388
1040
1.5
1001
ACAD_DSTYLE_DIMTALN
1070
   392
1070
     1
1001
ACAD_DSTYLE_DIMBREAK
1070
   391
1040
3.5
  0
ENDTAB
  0
TABLE
  2
BLOCK_RECORD
  5
1
330
0
100
AcDbSymbolTable
 70
    41
  0
BLOCK_RECORD
  5
70
102
{ACAD_XDICTIONARY
360
AC
102
}
330
1
100
AcDbSymbolTableRecord
100
AcDbBlockTableRecord
  2
*Model_Space
340
73
 70
     0
280
     1
281
     0
  0
BLOCK_RECORD
  5
6C
330
1
100
AcDbSymbolTableRecord
100
AcDbBlockTableRecord
  2
*Paper_Space
340
6F
 70
     0
280
     1
281
     0
  0
BLOCK_RECORD
  5
74
330
1
100
AcDbSymbolTableRecord
100
AcDbBlockTableRecord
  2
*Paper_Space0
340
77
 70
     0
280
     1
281
     0
  0
BLOCK_RECORD
  5
20F
102
{ACAD_XDICTIONARY
360
210
102
}
330
1
100
AcDbSymbolTableRecord
100
AcDbBlockTableRecord
  2
ISO_A3_SHEET
340
0
310
2800000020000000200000000100080000000000000400000000000000000000000000000000000000000000000080000080000000808000800000008000800080800000C0C0C000C0DCC000F0CAA6000020400000206000002080000020A0000020C0000020E00000400000004020000040400000406000004080000040A0
310
000040C0000040E00000600000006020000060400000606000006080000060A0000060C0000060E00000800000008020000080400000806000008080000080A0000080C0000080E00000A0000000A0200000A0400000A0600000A0800000A0A00000A0C00000A0E00000C0000000C0200000C0400000C0600000C0800000C0
310
A00000C0C00000C0E00000E0000000E0200000E0400000E0600000E0800000E0A00000E0C00000E0E00040000000400020004000400040006000400080004000A0004000C0004000E00040200000402020004020400040206000402080004020A0004020C0004020E000404000004040200040404000404060004040800040
310
40A0004040C0004040E00040600000406020004060400040606000406080004060A0004060C0004060E00040800000408020004080400040806000408080004080A0004080C0004080E00040A0000040A0200040A0400040A0600040A0800040A0A00040A0C00040A0E00040C0000040C0200040C0400040C0600040C08000
310
40C0A00040C0C00040C0E00040E0000040E0200040E0400040E0600040E0800040E0A00040E0C00040E0E00080000000800020008000400080006000800080008000A0008000C0008000E00080200000802020008020400080206000802080008020A0008020C0008020E00080400000804020008040400080406000804080
310
008040A0008040C0008040E00080600000806020008060400080606000806080008060A0008060C0008060E00080800000808020008080400080806000808080008080A0008080C0008080E00080A0000080A0200080A0400080A0600080A0800080A0A00080A0C00080A0E00080C0000080C0200080C0400080C0600080C0
310
800080C0A00080C0C00080C0E00080E0000080E0200080E0400080E0600080E0800080E0A00080E0C00080E0E000C0000000C0002000C0004000C0006000C0008000C000A000C000C000C000E000C0200000C0202000C0204000C0206000C0208000C020A000C020C000C020E000C0400000C0402000C0404000C0406000C0
310
408000C040A000C040C000C040E000C0600000C0602000C0604000C0606000C0608000C060A000C060C000C060E000C0800000C0802000C0804000C0806000C0808000C080A000C080C000C080E000C0A00000C0A02000C0A04000C0A06000C0A08000C0A0A000C0A0C000C0A0E000C0C00000C0C02000C0C04000C0C06000
310
C0C08000C0C0A000F0FBFF00A4A0A000808080000000FF0000FF000000FFFF00FF000000FF00FF00FFFF0000FFFFFF0049494949494949494949494949494949494949494949494949494949494949494949494949494949494949494949494949494949494949494949494949494949494949494949494949494949494949
310
494949494949494949494949494949494949494949494949494949494949494949494949494949494949494949494949494949494949494949494949494949494949494949494949494949494949494949494949494949494949494949494949494949494949494949494949494949494949FFFFFFFFFFFFFFFFFFFFFFFFFF
310
FFFFFFFFFFFFFFFFFFFFFFFFFFFFFFFFFF4949FF49FF494949494949494949494949FF494949494949494949494949FFFF49494949FF49494949494949494949494949494949494949494949494949FF49494949FFFF49494949494949494949494949494949494949494949494949FF4949494949FF494949494949494949
310
49494949494949494949494949494949FF4949494949FF49494949494949494949494949494949494949494949494949FF49494949FFFF49494949494949494949494949494949494949494949494949FF4949494949FF49494949494949494949494949494949494949494949494949FF4949494949FF4949494949494949
310
4949494949494949494949494949494949FF4949494949FF49494949494949494949494949494949494949494949494949FF49494949FFFF49494949494949494949494949494949494949494949494949FF4949494949FF49494949494949494949494949494949494949494949494949FF4949494949FF49494949494949
310
494949494949494949494949494949494949FF49494949FFFF49494949494949494949494949494949494949494949494949FF4949494949FF49494949494949494949494949494949494949494949494949FF4949494949FF49494949494949494949494949494949494949494949494949FF49494949FFFF494949494949
310
49494949494949494949494949494949494949FF4949494949FF49494949494949494949494949494949494949494949494949FF494949FF49FF494949494949494949494949FF494949494949494949494949FFFF4949FFFFFFFFFFFFFFFFFFFFFFFFFFFFFFFFFFFFFFFFFFFFFFFFFFFFFFFFFFFF49494949494949494949
310
49494949494949494949494949494949494949494949494949494949494949494949494949494949494949494949494949494949494949494949494949494949494949494949494949494949494949494949494949494949494949494949494949494949494949494949494949494949494949494949494949494949494949
310
4949494949494949494949494949494949494949494949494949494949494949494949494949494949494949494949494949494949494949
102
{BLKREFS
331
20D
102
}
 70
     4
280
     1
281
     0
1001
AcDbDynamicBlockGUID
1000
{B4874B5E-8040-BF49-A9B6-B81412F7B0AC}
  0
BLOCK_RECORD
  5
255
102
{ACAD_XDICTIONARY
360
256
102
}
330
1
100
AcDbSymbolTableRecord
100
AcDbBlockTableRecord
  2
ISO_TITLEBLOCK
340
0
310
2800000020000000200000000100080000000000000400000000000000000000000000000000000000000000000080000080000000808000800000008000800080800000C0C0C000C0DCC000F0CAA6000020400000206000002080000020A0000020C0000020E00000400000004020000040400000406000004080000040A0
310
000040C0000040E00000600000006020000060400000606000006080000060A0000060C0000060E00000800000008020000080400000806000008080000080A0000080C0000080E00000A0000000A0200000A0400000A0600000A0800000A0A00000A0C00000A0E00000C0000000C0200000C0400000C0600000C0800000C0
310
A00000C0C00000C0E00000E0000000E0200000E0400000E0600000E0800000E0A00000E0C00000E0E00040000000400020004000400040006000400080004000A0004000C0004000E00040200000402020004020400040206000402080004020A0004020C0004020E000404000004040200040404000404060004040800040
310
40A0004040C0004040E00040600000406020004060400040606000406080004060A0004060C0004060E00040800000408020004080400040806000408080004080A0004080C0004080E00040A0000040A0200040A0400040A0600040A0800040A0A00040A0C00040A0E00040C0000040C0200040C0400040C0600040C08000
310
40C0A00040C0C00040C0E00040E0000040E0200040E0400040E0600040E0800040E0A00040E0C00040E0E00080000000800020008000400080006000800080008000A0008000C0008000E00080200000802020008020400080206000802080008020A0008020C0008020E00080400000804020008040400080406000804080
310
008040A0008040C0008040E00080600000806020008060400080606000806080008060A0008060C0008060E00080800000808020008080400080806000808080008080A0008080C0008080E00080A0000080A0200080A0400080A0600080A0800080A0A00080A0C00080A0E00080C0000080C0200080C0400080C0600080C0
310
800080C0A00080C0C00080C0E00080E0000080E0200080E0400080E0600080E0800080E0A00080E0C00080E0E000C0000000C0002000C0004000C0006000C0008000C000A000C000C000C000E000C0200000C0202000C0204000C0206000C0208000C020A000C020C000C020E000C0400000C0402000C0404000C0406000C0
310
408000C040A000C040C000C040E000C0600000C0602000C0604000C0606000C0608000C060A000C060C000C060E000C0800000C0802000C0804000C0806000C0808000C080A000C080C000C080E000C0A00000C0A02000C0A04000C0A06000C0A08000C0A0A000C0A0C000C0A0E000C0C00000C0C02000C0C04000C0C06000
310
C0C08000C0C0A000F0FBFF00A4A0A000808080000000FF0000FF000000FFFF00FF000000FF00FF00FFFF0000FFFFFF0049494949494949494949494949494949494949494949494949494949494949494949494949494949494949494949494949494949494949494949494949494949494949494949494949494949494949
310
49494949494949494949494949494949494949494949494949494949494949494949494949494949494949494949494949494949494949494949494949494949494949494949494949494949494949494949494949494949494949494949494949494949494949494949494949494949494949494949494949494949494949
310
49494949494949494949494949494949494949494949494949494949494949494949494949494949494949494949494949494949494949494949494949494949494949494949494949494949494949494949494949494949494949494949494949494949494949494949494949494949494949494949494949494949494949
310
49494949494949494949494949494949494949494949494949494949494949494949494949494949494949494949494949494949FFFFFFFFFFFFFFFFFFFFFFFFFFFFFFFFFFFFFFFFFFFFFFFFFFFFFF4949494949FF4949494949494949FFFFFFFFFF49494949FFFFFFFFFFFFFFFFFFFF49494949FF4949494949494949FFFF
310
FFFFFF494949FFFFFFFFFFFFFFFFFFFF4949494949FF4949494949494949FFFFFFFFFF494949FFFFFFFFFFFFFFFFFFFF4949494949FF4949494949494949FFFFFFFFFFFFFFFFFFFFFFFFFFFFFFFFFFFF4949494949FFFFFFFFFFFFFFFFFFFFFFFFFFFFFFFFFFFFFFFFFFFFFFFFFFFFFF4949494949FFFFFF49FFFFFFFFFFFF
310
FFFFFFFFFFFFFFFFFFFFFFFFFFFFFFFFFFFFFFFF4949FFFFFFFFFFFFFFFFFFFFFFFFFFFFFFFFFFFFFFFFFFFFFFFFFFFFFF494949494949494949494949494949494949494949494949494949494949494949494949494949494949494949494949494949494949494949494949494949494949494949494949494949494949
310
49494949494949494949494949494949494949494949494949494949494949494949494949494949494949494949494949494949494949494949494949494949494949494949494949494949494949494949494949494949494949494949494949494949494949494949494949494949494949494949494949494949494949
310
49494949494949494949494949494949494949494949494949494949494949494949494949494949494949494949494949494949494949494949494949494949494949494949494949494949494949494949494949494949494949494949494949494949494949494949494949494949494949494949494949494949494949
310
4949494949494949494949494949494949494949494949494949494949494949494949494949494949494949494949494949494949494949
102
{BLKREFS
331
253
102
}
 70
     4
280
     1
281
     0
1001
AcDbDynamicBlockGUID
1000
{BCD52D05-323A-B54A-8A21-1B84008CF9CB}
1001
FUSIONTITLEBLOCK
1000
TitleBlock
  0
BLOCK_RECORD
  5
2A1
330
1
100
AcDbSymbolTableRecord
100
AcDbBlockTableRecord
  2
*U8
340
0
102
{BLKREFS
331
29F
102
}
 70
     0
280
     1
281
     0
  0
BLOCK_RECORD
  5
2AB
330
1
100
AcDbSymbolTableRecord
100
AcDbBlockTableRecord
  2
*U9
340
0
102
{BLKREFS
331
2AA
102
}
 70
     0
280
     1
281
     0
  0
BLOCK_RECORD
  5
2B5
330
1
100
AcDbSymbolTableRecord
100
AcDbBlockTableRecord
  2
*U10
340
0
102
{BLKREFS
331
2B4
102
}
 70
     0
280
     1
281
     0
  0
BLOCK_RECORD
  5
2BF
330
1
100
AcDbSymbolTableRecord
100
AcDbBlockTableRecord
  2
*U11
340
0
102
{BLKREFS
331
2BE
102
}
 70
     0
280
     1
281
     0
  0
BLOCK_RECORD
  5
2C9
330
1
100
AcDbSymbolTableRecord
100
AcDbBlockTableRecord
  2
*U12
340
0
102
{BLKREFS
331
2C8
102
}
 70
     0
280
     1
281
     0
  0
BLOCK_RECORD
  5
2D3
330
1
100
AcDbSymbolTableRecord
100
AcDbBlockTableRecord
  2
*U13
340
0
102
{BLKREFS
331
2D2
102
}
 70
     0
280
     1
281
     0
  0
BLOCK_RECORD
  5
2DD
330
1
100
AcDbSymbolTableRecord
100
AcDbBlockTableRecord
  2
*U14
340
0
102
{BLKREFS
331
2DC
102
}
 70
     0
280
     1
281
     0
  0
BLOCK_RECORD
  5
2E7
330
1
100
AcDbSymbolTableRecord
100
AcDbBlockTableRecord
  2
*U15
340
0
102
{BLKREFS
331
2E6
102
}
 70
     0
280
     1
281
     0
  0
BLOCK_RECORD
  5
2F1
330
1
100
AcDbSymbolTableRecord
100
AcDbBlockTableRecord
  2
*U16
340
0
102
{BLKREFS
331
2F0
102
}
 70
     0
280
     1
281
     0
  0
BLOCK_RECORD
  5
2FB
330
1
100
AcDbSymbolTableRecord
100
AcDbBlockTableRecord
  2
*U17
340
0
102
{BLKREFS
331
2FA
102
}
 70
     0
280
     1
281
     0
  0
BLOCK_RECORD
  5
305
330
1
100
AcDbSymbolTableRecord
100
AcDbBlockTableRecord
  2
*U18
340
0
102
{BLKREFS
331
304
102
}
 70
     0
280
     1
281
     0
  0
BLOCK_RECORD
  5
310
330
1
100
AcDbSymbolTableRecord
100
AcDbBlockTableRecord
  2
*D19
340
0
 70
     0
280
     1
281
     0
  0
BLOCK_RECORD
  5
31C
330
1
100
AcDbSymbolTableRecord
100
AcDbBlockTableRecord
  2
*D20
340
0
 70
     0
280
     1
281
     0
  0
BLOCK_RECORD
  5
328
330
1
100
AcDbSymbolTableRecord
100
AcDbBlockTableRecord
  2
*D21
340
0
 70
     0
280
     1
281
     0
  0
BLOCK_RECORD
  5
334
330
1
100
AcDbSymbolTableRecord
100
AcDbBlockTableRecord
  2
*D22
340
0
 70
     0
280
     1
281
     0
  0
BLOCK_RECORD
  5
340
330
1
100
AcDbSymbolTableRecord
100
AcDbBlockTableRecord
  2
*D23
340
0
 70
     0
280
     1
281
     0
  0
BLOCK_RECORD
  5
34C
330
1
100
AcDbSymbolTableRecord
100
AcDbBlockTableRecord
  2
*D24
340
0
 70
     0
280
     1
281
     0
  0
BLOCK_RECORD
  5
358
330
1
100
AcDbSymbolTableRecord
100
AcDbBlockTableRecord
  2
*D25
340
0
 70
     0
280
     1
281
     0
  0
BLOCK_RECORD
  5
364
330
1
100
AcDbSymbolTableRecord
100
AcDbBlockTableRecord
  2
*D26
340
0
 70
     0
280
     1
281
     0
  0
BLOCK_RECORD
  5
370
330
1
100
AcDbSymbolTableRecord
100
AcDbBlockTableRecord
  2
*D27
340
0
 70
     0
280
     1
281
     0
  0
BLOCK_RECORD
  5
37C
330
1
100
AcDbSymbolTableRecord
100
AcDbBlockTableRecord
  2
*D28
340
0
 70
     0
280
     1
281
     0
  0
BLOCK_RECORD
  5
388
330
1
100
AcDbSymbolTableRecord
100
AcDbBlockTableRecord
  2
*D29
340
0
 70
     0
280
     1
281
     0
  0
BLOCK_RECORD
  5
394
330
1
100
AcDbSymbolTableRecord
100
AcDbBlockTableRecord
  2
*D30
340
0
 70
     0
280
     1
281
     0
  0
BLOCK_RECORD
  5
39F
330
1
100
AcDbSymbolTableRecord
100
AcDbBlockTableRecord
  2
*D31
340
0
 70
     0
280
     1
281
     0
  0
BLOCK_RECORD
  5
3AA
330
1
100
AcDbSymbolTableRecord
100
AcDbBlockTableRecord
  2
*D32
340
0
 70
     0
280
     1
281
     0
  0
BLOCK_RECORD
  5
3B5
330
1
100
AcDbSymbolTableRecord
100
AcDbBlockTableRecord
  2
*D33
340
0
 70
     0
280
     1
281
     0
  0
BLOCK_RECORD
  5
3C0
330
1
100
AcDbSymbolTableRecord
100
AcDbBlockTableRecord
  2
*D34
340
0
 70
     0
280
     1
281
     0
  0
BLOCK_RECORD
  5
3CB
330
1
100
AcDbSymbolTableRecord
100
AcDbBlockTableRecord
  2
*D35
340
0
 70
     0
280
     1
281
     0
  0
BLOCK_RECORD
  5
3D6
330
1
100
AcDbSymbolTableRecord
100
AcDbBlockTableRecord
  2
*D36
340
0
 70
     0
280
     1
281
     0
  0
BLOCK_RECORD
  5
3E1
330
1
100
AcDbSymbolTableRecord
100
AcDbBlockTableRecord
  2
*D37
340
0
 70
     0
280
     1
281
     0
  0
BLOCK_RECORD
  5
3EC
330
1
100
AcDbSymbolTableRecord
100
AcDbBlockTableRecord
  2
*D38
340
0
 70
     0
280
     1
281
     0
  0
BLOCK_RECORD
  5
3F7
330
1
100
AcDbSymbolTableRecord
100
AcDbBlockTableRecord
  2
*D39
340
0
 70
     0
280
     1
281
     0
  0
BLOCK_RECORD
  5
402
330
1
100
AcDbSymbolTableRecord
100
AcDbBlockTableRecord
  2
*D40
340
0
 70
     0
280
     1
281
     0
  0
ENDTAB
  0
ENDSEC
  0
SECTION
  2
BLOCKS
  0
BLOCK
  5
71
330
70
100
AcDbEntity
  8
0
100
AcDbBlockBegin
  2
*Model_Space
 70
     0
 10
0.0
 20
0.0
 30
0.0
  3
*Model_Space
  1

  0
ENDBLK
  5
72
330
70
100
AcDbEntity
  8
0
100
AcDbBlockEnd
  0
BLOCK
  5
6D
330
6C
100
AcDbEntity
 67
     1
  8
0
100
AcDbBlockBegin
  2
*Paper_Space
 70
     0
 10
0.0
 20
0.0
 30
0.0
  3
*Paper_Space
  1

  0
ENDBLK
  5
6E
330
6C
100
AcDbEntity
 67
     1
  8
0
100
AcDbBlockEnd
  0
BLOCK
  5
75
330
74
100
AcDbEntity
 67
     1
  8
0
100
AcDbBlockBegin
  2
*Paper_Space0
 70
     0
 10
0.0
 20
0.0
 30
0.0
  3
*Paper_Space0
  1

  0
ENDBLK
  5
76
330
74
100
AcDbEntity
 67
     1
  8
0
100
AcDbBlockEnd
  0
BLOCK
  5
211
330
20F
100
AcDbEntity
  8
0
100
AcDbBlockBegin
  2
ISO_A3_SHEET
 70
     0
 10
0.0
 20
0.0
 30
0.0
  3
ISO_A3_SHEET
  1

  0
LINE
  5
212
330
20F
100
AcDbEntity
  8
Defpoints
100
AcDbLine
 10
0.0
 20
0.0
 30
0.0
 11
15.0
 21
0.0
 31
0.0
  0
LINE
  5
213
330
20F
100
AcDbEntity
  8
Defpoints
100
AcDbLine
 10
405.0
 20
0.0
 30
0.0
 11
420.0
 21
0.0
 31
0.0
  0
LINE
  5
214
330
20F
100
AcDbEntity
  8
BORDER
100
AcDbLine
 10
20.0
 20
10.0
 30
0.0
 11
410.0
 21
10.0
 31
0.0
  0
LINE
  5
215
330
20F
100
AcDbEntity
  8
Defpoints
100
AcDbLine
 10
420.0
 20
0.0
 30
0.0
 11
420.0
 21
15.0
 31
0.0
  0
LINE
  5
216
330
20F
100
AcDbEntity
  8
Defpoints
100
AcDbLine
 10
420.0
 20
282.0
 30
0.0
 11
420.0
 21
297.0
 31
0.0
  0
LINE
  5
217
330
20F
100
AcDbEntity
  8
Defpoints
100
AcDbLine
 10
420.0
 20
297.0
 30
0.0
 11
405.0
 21
297.0
 31
0.0
  0
LINE
  5
218
330
20F
100
AcDbEntity
  8
Defpoints
100
AcDbLine
 10
15.0
 20
297.0
 30
0.0
 11
0.0
 21
297.0
 31
0.0
  0
LINE
  5
219
330
20F
100
AcDbEntity
  8
BORDER
100
AcDbLine
 10
410.0
 20
287.0
 30
0.0
 11
20.0
 21
287.0
 31
0.0
  0
LINE
  5
21A
330
20F
100
AcDbEntity
  8
Defpoints
100
AcDbLine
 10
0.0
 20
297.0
 30
0.0
 11
0.0
 21
282.0
 31
0.0
  0
LINE
  5
21B
330
20F
100
AcDbEntity
  8
Defpoints
100
AcDbLine
 10
0.0
 20
15.0
 30
0.0
 11
0.0
 21
0.0
 31
0.0
  0
LINE
  5
21C
330
20F
100
AcDbEntity
  8
BORDER
100
AcDbLine
 10
20.0
 20
287.0
 30
0.0
 11
20.0
 21
10.0
 31
0.0
  0
LINE
  5
21D
330
20F
100
AcDbEntity
  8
BORDER
100
AcDbLine
 10
410.0
 20
287.0
 30
0.0
 11
410.0
 21
10.0
 31
0.0
  0
LINE
  5
21E
330
20F
100
AcDbEntity
  8
BORDER
100
AcDbLine
 10
215.0
 20
5.0
 30
0.0
 11
215.0
 21
15.0
 31
0.0
  0
LINE
  5
21F
330
20F
100
AcDbEntity
  8
BORDER
100
AcDbLine
 10
215.0
 20
292.0
 30
0.0
 11
215.0
 21
282.0
 31
0.0
  0
LINE
  5
220
330
20F
100
AcDbEntity
  8
BORDER
100
AcDbLine
 10
265.0
 20
292.0
 30
0.0
 11
265.0
 21
287.0
 31
0.0
  0
LINE
  5
221
330
20F
100
AcDbEntity
  8
BORDER
100
AcDbLine
 10
315.0
 20
292.0
 30
0.0
 11
315.0
 21
287.0
 31
0.0
  0
LINE
  5
222
330
20F
100
AcDbEntity
  8
BORDER
100
AcDbLine
 10
365.0
 20
292.0
 30
0.0
 11
365.0
 21
287.0
 31
0.0
  0
LINE
  5
223
330
20F
100
AcDbEntity
  8
BORDER
100
AcDbLine
 10
165.0
 20
292.0
 30
0.0
 11
165.0
 21
287.0
 31
0.0
  0
LINE
  5
224
330
20F
100
AcDbEntity
  8
BORDER
100
AcDbLine
 10
115.0
 20
292.0
 30
0.0
 11
115.0
 21
287.0
 31
0.0
  0
LINE
  5
225
330
20F
100
AcDbEntity
  8
BORDER
100
AcDbLine
 10
65.0
 20
292.0
 30
0.0
 11
65.0
 21
287.0
 31
0.0
  0
LINE
  5
226
330
20F
100
AcDbEntity
  8
BORDER
100
AcDbLine
 10
15.0
 20
148.5
 30
0.0
 11
25.0
 21
148.5
 31
0.0
  0
LINE
  5
227
330
20F
100
AcDbEntity
  8
BORDER
100
AcDbLine
 10
15.0
 20
100.66667
 30
0.0
 11
20.0
 21
100.66667
 31
0.0
  0
LINE
  5
228
330
20F
100
AcDbEntity
  8
BORDER
100
AcDbLine
 10
15.0
 20
52.83334
 30
0.0
 11
20.0
 21
52.83334
 31
0.0
  0
LINE
  5
229
330
20F
100
AcDbEntity
  8
BORDER
100
AcDbLine
 10
15.0
 20
196.33333
 30
0.0
 11
20.0
 21
196.33333
 31
0.0
  0
LINE
  5
22A
330
20F
100
AcDbEntity
  8
BORDER
100
AcDbLine
 10
15.0
 20
244.16666
 30
0.0
 11
20.0
 21
244.16666
 31
0.0
  0
LINE
  5
22B
330
20F
100
AcDbEntity
  8
BORDER
100
AcDbLine
 10
415.0
 20
148.5
 30
0.0
 11
405.0
 21
148.5
 31
0.0
  0
LINE
  5
22C
330
20F
100
AcDbEntity
  8
BORDER
100
AcDbLine
 10
265.0
 20
5.0
 30
0.0
 11
265.0
 21
10.0
 31
0.0
  0
LINE
  5
22D
330
20F
100
AcDbEntity
  8
BORDER
100
AcDbLine
 10
315.0
 20
5.0
 30
0.0
 11
315.0
 21
10.0
 31
0.0
  0
LINE
  5
22E
330
20F
100
AcDbEntity
  8
BORDER
100
AcDbLine
 10
365.0
 20
5.0
 30
0.0
 11
365.0
 21
10.0
 31
0.0
  0
LINE
  5
22F
330
20F
100
AcDbEntity
  8
BORDER
100
AcDbLine
 10
165.0
 20
5.0
 30
0.0
 11
165.0
 21
10.0
 31
0.0
  0
LINE
  5
230
330
20F
100
AcDbEntity
  8
BORDER
100
AcDbLine
 10
115.0
 20
5.0
 30
0.0
 11
115.0
 21
10.0
 31
0.0
  0
LINE
  5
231
330
20F
100
AcDbEntity
  8
BORDER
100
AcDbLine
 10
65.0
 20
5.0
 30
0.0
 11
65.0
 21
10.0
 31
0.0
  0
LINE
  5
232
330
20F
100
AcDbEntity
  8
BORDER
100
AcDbLine
 10
415.0
 20
100.66667
 30
0.0
 11
410.0
 21
100.66667
 31
0.0
  0
LINE
  5
233
330
20F
100
AcDbEntity
  8
BORDER
100
AcDbLine
 10
415.0
 20
52.83334
 30
0.0
 11
410.0
 21
52.83334
 31
0.0
  0
LINE
  5
234
330
20F
100
AcDbEntity
  8
BORDER
100
AcDbLine
 10
415.0
 20
196.33333
 30
0.0
 11
410.0
 21
196.33333
 31
0.0
  0
LINE
  5
235
330
20F
100
AcDbEntity
  8
BORDER
100
AcDbLine
 10
415.0
 20
244.16666
 30
0.0
 11
410.0
 21
244.16666
 31
0.0
  0
TEXT
  5
236
330
20F
100
AcDbEntity
  8
BORDER
100
AcDbText
 10
39.02882
 20
288.244884
 30
0.0
 40
2.5
  1
1
  7
FusionTitle
 72
     4
 11
40.0
 21
289.5
 31
0.0
100
AcDbText
  0
TEXT
  5
237
330
20F
100
AcDbEntity
  8
BORDER
100
AcDbText
 10
16.335266
 20
266.83333
 30
0.0
 40
2.5
  1
A
  7
FusionTitle
 72
     4
 11
17.5
 21
268.08333
 31
0.0
100
AcDbText
  0
TEXT
  5
238
330
20F
100
AcDbEntity
  8
BORDER
100
AcDbText
 10
89.02882
 20
288.244884
 30
0.0
 40
2.5
  1
2
  7
FusionTitle
 72
     4
 11
90.0
 21
289.5
 31
0.0
100
AcDbText
  0
TEXT
  5
239
330
20F
100
AcDbEntity
  8
BORDER
100
AcDbText
 10
139.02882
 20
288.267053
 30
0.0
 40
2.5
  1
3
  7
FusionTitle
 72
     4
 11
140.0
 21
289.5
 31
0.0
100
AcDbText
  0
TEXT
  5
23A
330
20F
100
AcDbEntity
  8
BORDER
100
AcDbText
 10
189.02882
 20
288.25
 30
0.0
 40
2.5
  1
4
  7
FusionTitle
 72
     4
 11
190.0
 21
289.5
 31
0.0
100
AcDbText
  0
TEXT
  5
23B
330
20F
100
AcDbEntity
  8
BORDER
100
AcDbText
 10
239.02882
 20
288.28837
 30
0.0
 40
2.5
  1
5
  7
FusionTitle
 72
     4
 11
240.0
 21
289.5
 31
0.0
100
AcDbText
  0
TEXT
  5
23C
330
20F
100
AcDbEntity
  8
BORDER
100
AcDbText
 10
289.02882
 20
288.266201
 30
0.0
 40
2.5
  1
6
  7
FusionTitle
 72
     4
 11
290.0
 21
289.5
 31
0.0
100
AcDbText
  0
TEXT
  5
23D
330
20F
100
AcDbEntity
  8
BORDER
100
AcDbText
 10
339.02882
 20
288.266201
 30
0.0
 40
2.5
  1
7
  7
FusionTitle
 72
     4
 11
340.0
 21
289.5
 31
0.0
100
AcDbText
  0
TEXT
  5
23E
330
20F
100
AcDbEntity
  8
BORDER
100
AcDbText
 10
389.02882
 20
288.266201
 30
0.0
 40
2.5
  1
8
  7
FusionTitle
 72
     4
 11
390.0
 21
289.5
 31
0.0
100
AcDbText
  0
TEXT
  5
23F
330
20F
100
AcDbEntity
  8
BORDER
100
AcDbText
 10
39.02882
 20
6.244884
 30
0.0
 40
2.5
  1
1
  7
FusionTitle
 72
     4
 11
40.0
 21
7.5
 31
0.0
100
AcDbText
  0
TEXT
  5
240
330
20F
100
AcDbEntity
  8
BORDER
100
AcDbText
 10
89.02882
 20
6.244884
 30
0.0
 40
2.5
  1
2
  7
FusionTitle
 72
     4
 11
90.0
 21
7.5
 31
0.0
100
AcDbText
  0
TEXT
  5
241
330
20F
100
AcDbEntity
  8
BORDER
100
AcDbText
 10
139.02882
 20
6.267053
 30
0.0
 40
2.5
  1
3
  7
FusionTitle
 72
     4
 11
140.0
 21
7.5
 31
0.0
100
AcDbText
  0
TEXT
  5
242
330
20F
100
AcDbEntity
  8
BORDER
100
AcDbText
 10
189.02882
 20
6.25
 30
0.0
 40
2.5
  1
4
  7
FusionTitle
 72
     4
 11
190.0
 21
7.5
 31
0.0
100
AcDbText
  0
TEXT
  5
243
330
20F
100
AcDbEntity
  8
BORDER
100
AcDbText
 10
239.02882
 20
6.28837
 30
0.0
 40
2.5
  1
5
  7
FusionTitle
 72
     4
 11
240.0
 21
7.5
 31
0.0
100
AcDbText
  0
TEXT
  5
244
330
20F
100
AcDbEntity
  8
BORDER
100
AcDbText
 10
289.02882
 20
6.266201
 30
0.0
 40
2.5
  1
6
  7
FusionTitle
 72
     4
 11
290.0
 21
7.5
 31
0.0
100
AcDbText
  0
TEXT
  5
245
330
20F
100
AcDbEntity
  8
BORDER
100
AcDbText
 10
339.02882
 20
6.266201
 30
0.0
 40
2.5
  1
7
  7
FusionTitle
 72
     4
 11
340.0
 21
7.5
 31
0.0
100
AcDbText
  0
TEXT
  5
246
330
20F
100
AcDbEntity
  8
BORDER
100
AcDbText
 10
389.02882
 20
6.266201
 30
0.0
 40
2.5
  1
8
  7
FusionTitle
 72
     4
 11
390.0
 21
7.5
 31
0.0
100
AcDbText
  0
TEXT
  5
247
330
20F
100
AcDbEntity
  8
BORDER
100
AcDbText
 10
16.335266
 20
219.0
 30
0.0
 40
2.5
  1
B
  7
FusionTitle
 72
     4
 11
17.5
 21
220.25
 31
0.0
100
AcDbText
  0
TEXT
  5
248
330
20F
100
AcDbEntity
  8
BORDER
100
AcDbText
 10
16.238915
 20
171.16667
 30
0.0
 40
2.5
  1
C
  7
FusionTitle
 72
     4
 11
17.5
 21
172.41667
 31
0.0
100
AcDbText
  0
TEXT
  5
249
330
20F
100
AcDbEntity
  8
BORDER
100
AcDbText
 10
16.238915
 20
123.33334
 30
0.0
 40
2.5
  1
D
  7
FusionTitle
 72
     4
 11
17.5
 21
124.58334
 31
0.0
100
AcDbText
  0
TEXT
  5
24A
330
20F
100
AcDbEntity
  8
BORDER
100
AcDbText
 10
16.335266
 20
75.50001
 30
0.0
 40
2.5
  1
E
  7
FusionTitle
 72
     4
 11
17.5
 21
76.75001
 31
0.0
100
AcDbText
  0
TEXT
  5
24B
330
20F
100
AcDbEntity
  8
BORDER
100
AcDbText
 10
16.433322
 20
27.66668
 30
0.0
 40
2.5
  1
F
  7
FusionTitle
 72
     4
 11
17.5
 21
28.91668
 31
0.0
100
AcDbText
  0
TEXT
  5
24C
330
20F
100
AcDbEntity
  8
BORDER
100
AcDbText
 10
411.335266
 20
266.83333
 30
0.0
 40
2.5
  1
A
  7
FusionTitle
 72
     4
 11
412.5
 21
268.08333
 31
0.0
100
AcDbText
  0
TEXT
  5
24D
330
20F
100
AcDbEntity
  8
BORDER
100
AcDbText
 10
411.335266
 20
219.0
 30
0.0
 40
2.5
  1
B
  7
FusionTitle
 72
     4
 11
412.5
 21
220.25
 31
0.0
100
AcDbText
  0
TEXT
  5
24E
330
20F
100
AcDbEntity
  8
BORDER
100
AcDbText
 10
411.238915
 20
171.16667
 30
0.0
 40
2.5
  1
C
  7
FusionTitle
 72
     4
 11
412.5
 21
172.41667
 31
0.0
100
AcDbText
  0
TEXT
  5
24F
330
20F
100
AcDbEntity
  8
BORDER
100
AcDbText
 10
411.238915
 20
123.33334
 30
0.0
 40
2.5
  1
D
  7
FusionTitle
 72
     4
 11
412.5
 21
124.58334
 31
0.0
100
AcDbText
  0
TEXT
  5
250
330
20F
100
AcDbEntity
  8
BORDER
100
AcDbText
 10
411.335266
 20
75.50001
 30
0.0
 40
2.5
  1
E
  7
FusionTitle
 72
     4
 11
412.5
 21
76.75001
 31
0.0
100
AcDbText
  0
TEXT
  5
251
330
20F
100
AcDbEntity
  8
BORDER
100
AcDbText
 10
411.433322
 20
27.66668
 30
0.0
 40
2.5
  1
F
  7
FusionTitle
 72
     4
 11
412.5
 21
28.91668
 31
0.0
100
AcDbText
  0
ENDBLK
  5
252
330
20F
100
AcDbEntity
  8
0
100
AcDbBlockEnd
  0
BLOCK
  5
258
330
255
100
AcDbEntity
  8
0
100
AcDbBlockBegin
  2
ISO_TITLEBLOCK
 70
     2
 10
0.0
 20
0.0
 30
0.0
  3
ISO_TITLEBLOCK
  1

  0
LINE
  5
259
330
255
100
AcDbEntity
  8
TITLEBLOCK
100
AcDbLine
 10
-180.0
 20
0.0
 30
0.0
 11
0.0
 21
0.0
 31
0.0
  0
LINE
  5
25A
330
255
100
AcDbEntity
  8
TITLEBLOCK
100
AcDbLine
 10
-61.0
 20
10.0
 30
0.0
 11
0.0
 21
10.0
 31
0.0
  0
LINE
  5
25B
330
255
100
AcDbEntity
  8
TITLEBLOCK
100
AcDbLine
 10
-122.0
 20
27.0
 30
0.0
 11
0.0
 21
27.0
 31
0.0
  0
LINE
  5
25C
330
255
100
AcDbEntity
  8
TITLEBLOCK
100
AcDbLine
 10
-180.0
 20
37.0
 30
0.0
 11
0.0
 21
37.0
 31
0.0
  0
LINE
  5
25D
330
255
100
AcDbEntity
  8
TITLEBLOCK
100
AcDbLine
 10
0.0
 20
0.0
 30
0.0
 11
0.0
 21
47.0
 31
0.0
  0
LINE
  5
25E
330
255
100
AcDbEntity
  8
TITLEBLOCK
100
AcDbLine
 10
-15.0
 20
0.0
 30
0.0
 11
-15.0
 21
10.0
 31
0.0
  0
LINE
  5
25F
330
255
100
AcDbEntity
  8
TITLEBLOCK
100
AcDbLine
 10
-51.0
 20
0.0
 30
0.0
 11
-51.0
 21
10.0
 31
0.0
  0
LINE
  5
260
330
255
100
AcDbEntity
  8
TITLEBLOCK
100
AcDbLine
 10
-61.0
 20
0.0
 30
0.0
 11
-61.0
 21
47.0
 31
0.0
  0
LINE
  5
261
330
255
100
AcDbEntity
  8
TITLEBLOCK
100
AcDbLine
 10
-122.0
 20
0.0
 30
0.0
 11
-122.0
 21
47.0
 31
0.0
  0
LINE
  5
262
330
255
100
AcDbEntity
  8
TITLEBLOCK
100
AcDbLine
 10
-156.0
 20
37.0
 30
0.0
 11
-156.0
 21
47.0
 31
0.0
  0
LINE
  5
263
330
255
100
AcDbEntity
  8
TITLEBLOCK
100
AcDbLine
 10
0.0
 20
47.0
 30
0.0
 11
-180.0
 21
47.0
 31
0.0
  0
LINE
  5
264
330
255
100
AcDbEntity
  8
TITLEBLOCK
100
AcDbLine
 10
-180.0
 20
47.0
 30
0.0
 11
-180.0
 21
0.0
 31
0.0
  0
TEXT
  5
265
330
255
100
AcDbEntity
  8
TITLEBLOCK
100
AcDbText
 10
-179.0
 20
44.2
 30
0.0
 40
1.8
  1
Dept.
  7
FusionTitle
 11
-179.0
 21
46.0
 31
0.0
100
AcDbText
 73
     3
  0
TEXT
  5
266
330
255
100
AcDbEntity
  8
TITLEBLOCK
100
AcDbText
 10
-155.0
 20
44.2
 30
0.0
 40
1.8
  1
Technical reference
  7
FusionTitle
 11
-155.0
 21
46.0
 31
0.0
100
AcDbText
 73
     3
  0
TEXT
  5
267
330
255
100
AcDbEntity
  8
TITLEBLOCK
100
AcDbText
 10
-121.0
 20
44.2
 30
0.0
 40
1.8
  1
Created by
  7
FusionTitle
 11
-121.0
 21
46.0
 31
0.0
100
AcDbText
 73
     3
  0
TEXT
  5
268
330
255
100
AcDbEntity
  8
TITLEBLOCK
100
AcDbText
 10
-60.0
 20
44.2
 30
0.0
 40
1.8
  1
Approved by
  7
FusionTitle
 11
-60.0
 21
46.0
 31
0.0
100
AcDbText
 73
     3
  0
TEXT
  5
269
330
255
100
AcDbEntity
  8
TITLEBLOCK
100
AcDbText
 10
-121.0
 20
34.2
 30
0.0
 40
1.8
  1
Document type
  7
FusionTitle
 11
-121.0
 21
36.0
 31
0.0
100
AcDbText
 73
     3
  0
TEXT
  5
26A
330
255
100
AcDbEntity
  8
TITLEBLOCK
100
AcDbText
 10
-60.0
 20
34.2
 30
0.0
 40
1.8
  1
Document status
  7
FusionTitle
 11
-60.0
 21
36.0
 31
0.0
100
AcDbText
 73
     3
  0
TEXT
  5
26B
330
255
100
AcDbEntity
  8
TITLEBLOCK
100
AcDbText
 10
-121.0
 20
24.2
 30
0.0
 40
1.8
  1
Title
  7
FusionTitle
 11
-121.0
 21
26.0
 31
0.0
100
AcDbText
 73
     3
  0
TEXT
  5
26C
330
255
100
AcDbEntity
  8
TITLEBLOCK
100
AcDbText
 10
-60.0
 20
24.2
 30
0.0
 40
1.8
  1
DWG No.
  7
FusionTitle
 11
-60.0
 21
26.0
 31
0.0
100
AcDbText
 73
     3
  0
TEXT
  5
26D
330
255
100
AcDbEntity
  8
TITLEBLOCK
100
AcDbText
 10
-60.0
 20
7.2
 30
0.0
 40
1.8
  1
Rev.
  7
FusionTitle
 11
-60.0
 21
9.0
 31
0.0
100
AcDbText
 73
     3
  0
TEXT
  5
26E
330
255
100
AcDbEntity
  8
TITLEBLOCK
100
AcDbText
 10
-50.0
 20
7.2
 30
0.0
 40
1.8
  1
Date of issue
  7
FusionTitle
 11
-50.0
 21
9.0
 31
0.0
100
AcDbText
 73
     3
  0
TEXT
  5
26F
330
255
100
AcDbEntity
  8
TITLEBLOCK
100
AcDbText
 10
-14.0
 20
7.2
 30
0.0
 40
1.8
  1
Sheet
  7
FusionTitle
 11
-14.0
 21
9.0
 31
0.0
100
AcDbText
 73
     3
  0
ATTDEF
  5
270
102
{ACAD_XDICTIONARY
360
271
102
}
330
255
100
AcDbEntity
  8
TITLEBLOCK
100
AcDbText
 10
-50.0
 20
1.5
 30
0.0
 40
3.5
  1

  7
FusionTitle
 11
-50.0
 21
5.0
 31
0.0
100
AcDbAttributeDefinition
280
     0
  3
Date of issue
  2
DATE_OF_ISSUE
 70
     0
 74
     3
280
     1
  0
ATTDEF
  5
272
102
{ACAD_XDICTIONARY
360
273
102
}
330
255
100
AcDbEntity
  8
TITLEBLOCK
100
AcDbText
 10
-61.026774
 20
1.35
 30
0.0
 40
3.5
  1

  7
FusionTitle
 72
     1
 11
-56.0
 21
4.85
 31
0.0
100
AcDbAttributeDefinition
280
     0
  3
Revision
  2
REV
 70
     0
 74
     3
280
     1
  0
ATTDEF
  5
274
102
{ACAD_XDICTIONARY
360
275
102
}
330
255
100
AcDbEntity
  8
TITLEBLOCK
100
AcDbText
 10
-121.0
 20
1.5
 30
0.0
 40
5.0
  1

  7
FusionTitle
 11
-121.0
 21
6.5
 31
0.0
100
AcDbAttributeDefinition
280
     0
  3
3rd Title
  2
TITLE_3
 70
     0
 74
     3
280
     1
  0
ATTDEF
  5
276
102
{ACAD_XDICTIONARY
360
277
102
}
330
255
100
AcDbEntity
  8
TITLEBLOCK
100
AcDbText
 10
-60.0
 20
28.5
 30
0.0
 40
3.5
  1

  7
FusionTitle
 11
-60.0
 21
32.0
 31
0.0
100
AcDbAttributeDefinition
280
     0
  3
Document status
  2
DOCUMENT_STATUS
 70
     0
 74
     3
280
     1
  0
ATTDEF
  5
278
102
{ACAD_XDICTIONARY
360
279
102
}
330
255
100
AcDbEntity
  8
TITLEBLOCK
100
AcDbText
 10
-121.0
 20
28.5
 30
0.0
 40
3.5
  1

  7
FusionTitle
 11
-121.0
 21
32.0
 31
0.0
100
AcDbAttributeDefinition
280
     0
  3
Document type
  2
DOCUMENT_TYPE
 70
     0
 74
     3
280
     1
  0
ATTDEF
  5
27A
102
{ACAD_XDICTIONARY
360
27B
102
}
330
255
100
AcDbEntity
  8
TITLEBLOCK
100
AcDbText
 10
-43.923943
 20
38.5
 30
0.0
 40
3.5
  1

  7
FusionTitle
 72
     2
 11
-0.992838
 21
42.0
 31
0.0
100
AcDbAttributeDefinition
280
     0
  3
Approved date
  2
APPROVED_DATE
 70
     0
 74
     3
280
     1
  0
ATTDEF
  5
27C
102
{ACAD_XDICTIONARY
360
27D
102
}
330
255
100
AcDbEntity
  8
TITLEBLOCK
100
AcDbText
 10
-101.123124
 20
38.5
 30
0.0
 40
3.5
  1

  7
FusionTitle
 72
     2
 11
-62.0
 21
42.0
 31
0.0
100
AcDbAttributeDefinition
280
     0
  3
Created date
  2
CREATED_DATE
 70
     0
 74
     3
280
     1
  0
ATTDEF
  5
27E
102
{ACAD_XDICTIONARY
360
27F
102
}
330
255
100
AcDbEntity
  8
TITLEBLOCK
100
AcDbText
 10
-15.65075
 20
1.35
 30
0.0
 40
3.5
  1

  7
FusionTitle
 72
     1
 11
-7.5
 21
4.85
 31
0.0
100
AcDbAttributeDefinition
280
     0
  3
Sheet
  2
SHEET
 70
     0
 74
     3
280
     1
  0
ATTDEF
  5
280
102
{ACAD_XDICTIONARY
360
281
102
}
330
255
100
AcDbEntity
  8
TITLEBLOCK
100
AcDbText
 10
-121.0
 20
9.0
 30
0.0
 40
5.0
  1

  7
FusionTitle
 11
-121.0
 21
14.0
 31
0.0
100
AcDbAttributeDefinition
280
     0
  3
2nd Title
  2
TITLE_2
 70
     0
 74
     3
280
     1
  0
ATTDEF
  5
282
102
{ACAD_XDICTIONARY
360
283
102
}
330
255
100
AcDbEntity
  8
TITLEBLOCK
100
AcDbText
 10
-64.456344
 20
14.751432
 30
0.0
 40
5.0
  1

  7
FusionTitle
 72
     1
 11
-30.5
 21
19.751432
 31
0.0
100
AcDbAttributeDefinition
280
     0
  3
Drawing number
  2
DRAWING_NUMBER
 70
     0
 74
     3
280
     1
  0
ATTDEF
  5
284
102
{ACAD_XDICTIONARY
360
285
102
}
330
255
100
AcDbEntity
  8
TITLEBLOCK
100
AcDbText
 10
-121.0
 20
16.5
 30
0.0
 40
5.0
  1

  7
FusionTitle
 11
-121.0
 21
21.5
 31
0.0
100
AcDbAttributeDefinition
280
     0
  3
1st Title
  2
TITLE_1
 70
     0
 74
     3
280
     1
  0
ATTDEF
  5
286
102
{ACAD_XDICTIONARY
360
287
102
}
330
255
100
AcDbEntity
  8
TITLEBLOCK
100
AcDbText
 10
-60.0
 20
38.5
 30
0.0
 40
3.5
  1

  7
FusionTitle
 11
-60.0
 21
42.0
 31
0.0
100
AcDbAttributeDefinition
280
     0
  3
Approved by
  2
APPROVED_BY
 70
     0
 74
     3
280
     1
  0
ATTDEF
  5
288
102
{ACAD_XDICTIONARY
360
289
102
}
330
255
100
AcDbEntity
  8
TITLEBLOCK
100
AcDbText
 10
-121.0
 20
38.5
 30
0.0
 40
3.5
  1

  7
FusionTitle
 11
-121.0
 21
42.0
 31
0.0
100
AcDbAttributeDefinition
280
     0
  3
Created by
  2
CREATED_BY
 70
     0
 74
     3
280
     1
  0
ATTDEF
  5
28A
102
{ACAD_XDICTIONARY
360
28B
102
}
330
255
100
AcDbEntity
  8
TITLEBLOCK
100
AcDbText
 10
-155.0
 20
38.5
 30
0.0
 40
3.5
  1

  7
FusionTitle
 11
-155.0
 21
42.0
 31
0.0
100
AcDbAttributeDefinition
280
     0
  3
Technical reference
  2
TECHNICAL_REFERENCE
 70
     0
 74
     3
280
     1
  0
ATTDEF
  5
28C
102
{ACAD_XDICTIONARY
360
28D
102
}
330
255
100
AcDbEntity
  8
TITLEBLOCK
100
AcDbText
 10
-179.0
 20
38.5
 30
0.0
 40
3.5
  1

  7
FusionTitle
 11
-179.0
 21
42.0
 31
0.0
100
AcDbAttributeDefinition
280
     0
  3
Department
  2
DEPT
 70
     0
 74
     3
280
     1
  0
ENDBLK
  5
28E
330
255
100
AcDbEntity
  8
0
100
AcDbBlockEnd
  0
BLOCK
  5
2A2
330
2A1
100
AcDbEntity
  8
0
100
AcDbBlockBegin
  2
*U8
 70
     1
 10
0.0
 20
0.0
 30
0.0
  3
*U8
  1

  0
LINE
  5
2A3
330
2A1
100
AcDbEntity
  8
Smart Centers
  6
Continuous
 62
     0
440
 16777216
 48
0.75
100
AcDbLine
 10
-0.892969
 20
0.0
 30
0.0
 11
0.892969
 21
0.0
 31
0.0
  0
LINE
  5
2A4
330
2A1
100
AcDbEntity
  8
Smart Centers
  6
Continuous
 62
     0
440
 16777216
 48
0.75
100
AcDbLine
 10
0.0
 20
-0.892969
 30
0.0
 11
0.0
 21
0.892969
 31
0.0
  0
LINE
  5
2A5
330
2A1
100
AcDbEntity
  8
Smart Centers
 62
     0
440
 16777216
 48
0.75
100
AcDbLine
 10
-7.0
 20
0.0
 30
0.0
 11
-2.678906
 21
0.0
 31
0.0
  0
LINE
  5
2A6
330
2A1
100
AcDbEntity
  8
Smart Centers
 62
     0
440
 16777216
 48
0.75
100
AcDbLine
 10
2.678906
 20
0.0
 30
0.0
 11
7.0
 21
0.0
 31
0.0
  0
LINE
  5
2A7
330
2A1
100
AcDbEntity
  8
Smart Centers
 62
     0
440
 16777216
 48
0.75
100
AcDbLine
 10
0.0
 20
-7.0
 30
0.0
 11
0.0
 21
-2.678906
 31
0.0
  0
LINE
  5
2A8
330
2A1
100
AcDbEntity
  8
Smart Centers
 62
     0
440
 16777216
 48
0.75
100
AcDbLine
 10
0.0
 20
2.678906
 30
0.0
 11
0.0
 21
7.0
 31
0.0
  0
ENDBLK
  5
2A9
330
2A1
100
AcDbEntity
  8
0
100
AcDbBlockEnd
  0
BLOCK
  5
2AC
330
2AB
100
AcDbEntity
  8
0
100
AcDbBlockBegin
  2
*U9
 70
     1
 10
0.0
 20
0.0
 30
0.0
  3
*U9
  1

  0
LINE
  5
2AD
330
2AB
100
AcDbEntity
  8
Smart Centers
  6
Continuous
 62
     0
440
 16777216
 48
0.75
100
AcDbLine
 10
-0.892969
 20
0.0
 30
0.0
 11
0.892969
 21
0.0
 31
0.0
  0
LINE
  5
2AE
330
2AB
100
AcDbEntity
  8
Smart Centers
  6
Continuous
 62
     0
440
 16777216
 48
0.75
100
AcDbLine
 10
0.0
 20
-0.892969
 30
0.0
 11
0.0
 21
0.892969
 31
0.0
  0
LINE
  5
2AF
330
2AB
100
AcDbEntity
  8
Smart Centers
 62
     0
440
 16777216
 48
0.75
100
AcDbLine
 10
-7.0
 20
0.0
 30
0.0
 11
-2.678906
 21
0.0
 31
0.0
  0
LINE
  5
2B0
330
2AB
100
AcDbEntity
  8
Smart Centers
 62
     0
440
 16777216
 48
0.75
100
AcDbLine
 10
2.678906
 20
0.0
 30
0.0
 11
7.0
 21
0.0
 31
0.0
  0
LINE
  5
2B1
330
2AB
100
AcDbEntity
  8
Smart Centers
 62
     0
440
 16777216
 48
0.75
100
AcDbLine
 10
0.0
 20
-7.0
 30
0.0
 11
0.0
 21
-2.678906
 31
0.0
  0
LINE
  5
2B2
330
2AB
100
AcDbEntity
  8
Smart Centers
 62
     0
440
 16777216
 48
0.75
100
AcDbLine
 10
0.0
 20
2.678906
 30
0.0
 11
0.0
 21
7.0
 31
0.0
  0
ENDBLK
  5
2B3
330
2AB
100
AcDbEntity
  8
0
100
AcDbBlockEnd
  0
BLOCK
  5
2B6
330
2B5
100
AcDbEntity
  8
0
100
AcDbBlockBegin
  2
*U10
 70
     1
 10
0.0
 20
0.0
 30
0.0
  3
*U10
  1

  0
LINE
  5
2B7
330
2B5
100
AcDbEntity
  8
Smart Centers
  6
Continuous
 62
     0
440
 16777216
 48
0.75
100
AcDbLine
 10
-0.892969
 20
0.0
 30
0.0
 11
0.892969
 21
0.0
 31
0.0
  0
LINE
  5
2B8
330
2B5
100
AcDbEntity
  8
Smart Centers
  6
Continuous
 62
     0
440
 16777216
 48
0.75
100
AcDbLine
 10
0.0
 20
-0.892969
 30
0.0
 11
0.0
 21
0.892969
 31
0.0
  0
LINE
  5
2B9
330
2B5
100
AcDbEntity
  8
Smart Centers
 62
     0
440
 16777216
 48
0.75
100
AcDbLine
 10
-7.0
 20
0.0
 30
0.0
 11
-2.678906
 21
0.0
 31
0.0
  0
LINE
  5
2BA
330
2B5
100
AcDbEntity
  8
Smart Centers
 62
     0
440
 16777216
 48
0.75
100
AcDbLine
 10
2.678906
 20
0.0
 30
0.0
 11
7.0
 21
0.0
 31
0.0
  0
LINE
  5
2BB
330
2B5
100
AcDbEntity
  8
Smart Centers
 62
     0
440
 16777216
 48
0.75
100
AcDbLine
 10
0.0
 20
-7.0
 30
0.0
 11
0.0
 21
-2.678906
 31
0.0
  0
LINE
  5
2BC
330
2B5
100
AcDbEntity
  8
Smart Centers
 62
     0
440
 16777216
 48
0.75
100
AcDbLine
 10
0.0
 20
2.678906
 30
0.0
 11
0.0
 21
7.0
 31
0.0
  0
ENDBLK
  5
2BD
330
2B5
100
AcDbEntity
  8
0
100
AcDbBlockEnd
  0
BLOCK
  5
2C0
330
2BF
100
AcDbEntity
  8
0
100
AcDbBlockBegin
  2
*U11
 70
     1
 10
0.0
 20
0.0
 30
0.0
  3
*U11
  1

  0
LINE
  5
2C1
330
2BF
100
AcDbEntity
  8
Smart Centers
  6
Continuous
 62
     0
440
 16777216
 48
0.75
100
AcDbLine
 10
-0.892969
 20
0.0
 30
0.0
 11
0.892969
 21
0.0
 31
0.0
  0
LINE
  5
2C2
330
2BF
100
AcDbEntity
  8
Smart Centers
  6
Continuous
 62
     0
440
 16777216
 48
0.75
100
AcDbLine
 10
0.0
 20
-0.892969
 30
0.0
 11
0.0
 21
0.892969
 31
0.0
  0
LINE
  5
2C3
330
2BF
100
AcDbEntity
  8
Smart Centers
 62
     0
440
 16777216
 48
0.75
100
AcDbLine
 10
-7.0
 20
0.0
 30
0.0
 11
-2.678906
 21
0.0
 31
0.0
  0
LINE
  5
2C4
330
2BF
100
AcDbEntity
  8
Smart Centers
 62
     0
440
 16777216
 48
0.75
100
AcDbLine
 10
2.678906
 20
0.0
 30
0.0
 11
7.0
 21
0.0
 31
0.0
  0
LINE
  5
2C5
330
2BF
100
AcDbEntity
  8
Smart Centers
 62
     0
440
 16777216
 48
0.75
100
AcDbLine
 10
0.0
 20
-7.0
 30
0.0
 11
0.0
 21
-2.678906
 31
0.0
  0
LINE
  5
2C6
330
2BF
100
AcDbEntity
  8
Smart Centers
 62
     0
440
 16777216
 48
0.75
100
AcDbLine
 10
0.0
 20
2.678906
 30
0.0
 11
0.0
 21
7.0
 31
0.0
  0
ENDBLK
  5
2C7
330
2BF
100
AcDbEntity
  8
0
100
AcDbBlockEnd
  0
BLOCK
  5
2CA
330
2C9
100
AcDbEntity
  8
0
100
AcDbBlockBegin
  2
*U12
 70
     1
 10
0.0
 20
0.0
 30
0.0
  3
*U12
  1

  0
LINE
  5
2CB
330
2C9
100
AcDbEntity
  8
Smart Centers
  6
Continuous
 62
     0
440
 16777216
 48
0.75
100
AcDbLine
 10
-0.892969
 20
0.0
 30
0.0
 11
0.892969
 21
0.0
 31
0.0
  0
LINE
  5
2CC
330
2C9
100
AcDbEntity
  8
Smart Centers
  6
Continuous
 62
     0
440
 16777216
 48
0.75
100
AcDbLine
 10
0.0
 20
-0.892969
 30
0.0
 11
0.0
 21
0.892969
 31
0.0
  0
LINE
  5
2CD
330
2C9
100
AcDbEntity
  8
Smart Centers
 62
     0
440
 16777216
 48
0.75
100
AcDbLine
 10
-7.0
 20
0.0
 30
0.0
 11
-2.678906
 21
0.0
 31
0.0
  0
LINE
  5
2CE
330
2C9
100
AcDbEntity
  8
Smart Centers
 62
     0
440
 16777216
 48
0.75
100
AcDbLine
 10
2.678906
 20
0.0
 30
0.0
 11
7.0
 21
0.0
 31
0.0
  0
LINE
  5
2CF
330
2C9
100
AcDbEntity
  8
Smart Centers
 62
     0
440
 16777216
 48
0.75
100
AcDbLine
 10
0.0
 20
-7.0
 30
0.0
 11
0.0
 21
-2.678906
 31
0.0
  0
LINE
  5
2D0
330
2C9
100
AcDbEntity
  8
Smart Centers
 62
     0
440
 16777216
 48
0.75
100
AcDbLine
 10
0.0
 20
2.678906
 30
0.0
 11
0.0
 21
7.0
 31
0.0
  0
ENDBLK
  5
2D1
330
2C9
100
AcDbEntity
  8
0
100
AcDbBlockEnd
  0
BLOCK
  5
2D4
330
2D3
100
AcDbEntity
  8
0
100
AcDbBlockBegin
  2
*U13
 70
     1
 10
0.0
 20
0.0
 30
0.0
  3
*U13
  1

  0
LINE
  5
2D5
330
2D3
100
AcDbEntity
  8
Smart Centers
  6
Continuous
 62
     0
440
 16777216
 48
0.75
100
AcDbLine
 10
-0.892969
 20
0.0
 30
0.0
 11
0.892969
 21
0.0
 31
0.0
  0
LINE
  5
2D6
330
2D3
100
AcDbEntity
  8
Smart Centers
  6
Continuous
 62
     0
440
 16777216
 48
0.75
100
AcDbLine
 10
0.0
 20
-0.892969
 30
0.0
 11
0.0
 21
0.892969
 31
0.0
  0
LINE
  5
2D7
330
2D3
100
AcDbEntity
  8
Smart Centers
 62
     0
440
 16777216
 48
0.75
100
AcDbLine
 10
-8.0
 20
0.0
 30
0.0
 11
-2.678906
 21
0.0
 31
0.0
  0
LINE
  5
2D8
330
2D3
100
AcDbEntity
  8
Smart Centers
 62
     0
440
 16777216
 48
0.75
100
AcDbLine
 10
2.678906
 20
0.0
 30
0.0
 11
8.0
 21
0.0
 31
0.0
  0
LINE
  5
2D9
330
2D3
100
AcDbEntity
  8
Smart Centers
 62
     0
440
 16777216
 48
0.75
100
AcDbLine
 10
0.0
 20
-8.0
 30
0.0
 11
0.0
 21
-2.678906
 31
0.0
  0
LINE
  5
2DA
330
2D3
100
AcDbEntity
  8
Smart Centers
 62
     0
440
 16777216
 48
0.75
100
AcDbLine
 10
0.0
 20
2.678906
 30
0.0
 11
0.0
 21
8.0
 31
0.0
  0
ENDBLK
  5
2DB
330
2D3
100
AcDbEntity
  8
0
100
AcDbBlockEnd
  0
BLOCK
  5
2DE
330
2DD
100
AcDbEntity
  8
0
100
AcDbBlockBegin
  2
*U14
 70
     1
 10
0.0
 20
0.0
 30
0.0
  3
*U14
  1

  0
LINE
  5
2DF
330
2DD
100
AcDbEntity
  8
Smart Centers
  6
Continuous
 62
     0
440
 16777216
 48
0.75
100
AcDbLine
 10
-0.892969
 20
0.0
 30
0.0
 11
0.892969
 21
0.0
 31
0.0
  0
LINE
  5
2E0
330
2DD
100
AcDbEntity
  8
Smart Centers
  6
Continuous
 62
     0
440
 16777216
 48
0.75
100
AcDbLine
 10
0.0
 20
-0.892969
 30
0.0
 11
0.0
 21
0.892969
 31
0.0
  0
LINE
  5
2E1
330
2DD
100
AcDbEntity
  8
Smart Centers
 62
     0
440
 16777216
 48
0.75
100
AcDbLine
 10
-9.5
 20
0.0
 30
0.0
 11
-2.678906
 21
0.0
 31
0.0
  0
LINE
  5
2E2
330
2DD
100
AcDbEntity
  8
Smart Centers
 62
     0
440
 16777216
 48
0.75
100
AcDbLine
 10
2.678906
 20
0.0
 30
0.0
 11
9.5
 21
0.0
 31
0.0
  0
LINE
  5
2E3
330
2DD
100
AcDbEntity
  8
Smart Centers
 62
     0
440
 16777216
 48
0.75
100
AcDbLine
 10
0.0
 20
-9.5
 30
0.0
 11
0.0
 21
-2.678906
 31
0.0
  0
LINE
  5
2E4
330
2DD
100
AcDbEntity
  8
Smart Centers
 62
     0
440
 16777216
 48
0.75
100
AcDbLine
 10
0.0
 20
2.678906
 30
0.0
 11
0.0
 21
9.5
 31
0.0
  0
ENDBLK
  5
2E5
330
2DD
100
AcDbEntity
  8
0
100
AcDbBlockEnd
  0
BLOCK
  5
2E8
330
2E7
100
AcDbEntity
  8
0
100
AcDbBlockBegin
  2
*U15
 70
     1
 10
0.0
 20
0.0
 30
0.0
  3
*U15
  1

  0
LINE
  5
2E9
330
2E7
100
AcDbEntity
  8
Smart Centers
  6
Continuous
 62
     0
440
 16777216
 48
0.75
100
AcDbLine
 10
-0.892969
 20
0.0
 30
0.0
 11
0.892969
 21
0.0
 31
0.0
  0
LINE
  5
2EA
330
2E7
100
AcDbEntity
  8
Smart Centers
  6
Continuous
 62
     0
440
 16777216
 48
0.75
100
AcDbLine
 10
0.0
 20
-0.892969
 30
0.0
 11
0.0
 21
0.892969
 31
0.0
  0
LINE
  5
2EB
330
2E7
100
AcDbEntity
  8
Smart Centers
 62
     0
440
 16777216
 48
0.75
100
AcDbLine
 10
-6.0
 20
0.0
 30
0.0
 11
-2.678906
 21
0.0
 31
0.0
  0
LINE
  5
2EC
330
2E7
100
AcDbEntity
  8
Smart Centers
 62
     0
440
 16777216
 48
0.75
100
AcDbLine
 10
2.678906
 20
0.0
 30
0.0
 11
6.0
 21
0.0
 31
0.0
  0
LINE
  5
2ED
330
2E7
100
AcDbEntity
  8
Smart Centers
 62
     0
440
 16777216
 48
0.75
100
AcDbLine
 10
0.0
 20
-6.0
 30
0.0
 11
0.0
 21
-2.678906
 31
0.0
  0
LINE
  5
2EE
330
2E7
100
AcDbEntity
  8
Smart Centers
 62
     0
440
 16777216
 48
0.75
100
AcDbLine
 10
0.0
 20
2.678906
 30
0.0
 11
0.0
 21
6.0
 31
0.0
  0
ENDBLK
  5
2EF
330
2E7
100
AcDbEntity
  8
0
100
AcDbBlockEnd
  0
BLOCK
  5
2F2
330
2F1
100
AcDbEntity
  8
0
100
AcDbBlockBegin
  2
*U16
 70
     1
 10
0.0
 20
0.0
 30
0.0
  3
*U16
  1

  0
LINE
  5
2F3
330
2F1
100
AcDbEntity
  8
Smart Centers
  6
Continuous
 62
     0
440
 16777216
 48
0.75
100
AcDbLine
 10
-0.892969
 20
0.0
 30
0.0
 11
0.892969
 21
0.0
 31
0.0
  0
LINE
  5
2F4
330
2F1
100
AcDbEntity
  8
Smart Centers
  6
Continuous
 62
     0
440
 16777216
 48
0.75
100
AcDbLine
 10
0.0
 20
-0.892969
 30
0.0
 11
0.0
 21
0.892969
 31
0.0
  0
LINE
  5
2F5
330
2F1
100
AcDbEntity
  8
Smart Centers
 62
     0
440
 16777216
 48
0.75
100
AcDbLine
 10
-8.0
 20
0.0
 30
0.0
 11
-2.678906
 21
0.0
 31
0.0
  0
LINE
  5
2F6
330
2F1
100
AcDbEntity
  8
Smart Centers
 62
     0
440
 16777216
 48
0.75
100
AcDbLine
 10
2.678906
 20
0.0
 30
0.0
 11
8.0
 21
0.0
 31
0.0
  0
LINE
  5
2F7
330
2F1
100
AcDbEntity
  8
Smart Centers
 62
     0
440
 16777216
 48
0.75
100
AcDbLine
 10
0.0
 20
-8.0
 30
0.0
 11
0.0
 21
-2.678906
 31
0.0
  0
LINE
  5
2F8
330
2F1
100
AcDbEntity
  8
Smart Centers
 62
     0
440
 16777216
 48
0.75
100
AcDbLine
 10
0.0
 20
2.678906
 30
0.0
 11
0.0
 21
8.0
 31
0.0
  0
ENDBLK
  5
2F9
330
2F1
100
AcDbEntity
  8
0
100
AcDbBlockEnd
  0
BLOCK
  5
2FC
330
2FB
100
AcDbEntity
  8
0
100
AcDbBlockBegin
  2
*U17
 70
     1
 10
0.0
 20
0.0
 30
0.0
  3
*U17
  1

  0
LINE
  5
2FD
330
2FB
100
AcDbEntity
  8
Smart Centers
  6
Continuous
 62
     0
440
 16777216
 48
0.75
100
AcDbLine
 10
-0.892969
 20
0.0
 30
0.0
 11
0.892969
 21
0.0
 31
0.0
  0
LINE
  5
2FE
330
2FB
100
AcDbEntity
  8
Smart Centers
  6
Continuous
 62
     0
440
 16777216
 48
0.75
100
AcDbLine
 10
0.0
 20
-0.892969
 30
0.0
 11
0.0
 21
0.892969
 31
0.0
  0
LINE
  5
2FF
330
2FB
100
AcDbEntity
  8
Smart Centers
 62
     0
440
 16777216
 48
0.75
100
AcDbLine
 10
-8.0
 20
0.0
 30
0.0
 11
-2.678906
 21
0.0
 31
0.0
  0
LINE
  5
300
330
2FB
100
AcDbEntity
  8
Smart Centers
 62
     0
440
 16777216
 48
0.75
100
AcDbLine
 10
2.678906
 20
0.0
 30
0.0
 11
8.0
 21
0.0
 31
0.0
  0
LINE
  5
301
330
2FB
100
AcDbEntity
  8
Smart Centers
 62
     0
440
 16777216
 48
0.75
100
AcDbLine
 10
0.0
 20
-8.0
 30
0.0
 11
0.0
 21
-2.678906
 31
0.0
  0
LINE
  5
302
330
2FB
100
AcDbEntity
  8
Smart Centers
 62
     0
440
 16777216
 48
0.75
100
AcDbLine
 10
0.0
 20
2.678906
 30
0.0
 11
0.0
 21
8.0
 31
0.0
  0
ENDBLK
  5
303
330
2FB
100
AcDbEntity
  8
0
100
AcDbBlockEnd
  0
BLOCK
  5
306
330
305
100
AcDbEntity
  8
0
100
AcDbBlockBegin
  2
*U18
 70
     1
 10
0.0
 20
0.0
 30
0.0
  3
*U18
  1

  0
LINE
  5
307
330
305
100
AcDbEntity
  8
Smart Centers
  6
Continuous
 62
     0
440
 16777216
 48
0.75
100
AcDbLine
 10
-0.892969
 20
0.0
 30
0.0
 11
0.892969
 21
0.0
 31
0.0
  0
LINE
  5
308
330
305
100
AcDbEntity
  8
Smart Centers
  6
Continuous
 62
     0
440
 16777216
 48
0.75
100
AcDbLine
 10
0.0
 20
-0.892969
 30
0.0
 11
0.0
 21
0.892969
 31
0.0
  0
LINE
  5
309
330
305
100
AcDbEntity
  8
Smart Centers
 62
     0
440
 16777216
 48
0.75
100
AcDbLine
 10
-9.5
 20
0.0
 30
0.0
 11
-2.678906
 21
0.0
 31
0.0
  0
LINE
  5
30A
330
305
100
AcDbEntity
  8
Smart Centers
 62
     0
440
 16777216
 48
0.75
100
AcDbLine
 10
2.678906
 20
0.0
 30
0.0
 11
9.5
 21
0.0
 31
0.0
  0
LINE
  5
30B
330
305
100
AcDbEntity
  8
Smart Centers
 62
     0
440
 16777216
 48
0.75
100
AcDbLine
 10
0.0
 20
-9.5
 30
0.0
 11
0.0
 21
-2.678906
 31
0.0
  0
LINE
  5
30C
330
305
100
AcDbEntity
  8
Smart Centers
 62
     0
440
 16777216
 48
0.75
100
AcDbLine
 10
0.0
 20
2.678906
 30
0.0
 11
0.0
 21
9.5
 31
0.0
  0
ENDBLK
  5
30D
330
305
100
AcDbEntity
  8
0
100
AcDbBlockEnd
  0
BLOCK
  5
311
330
310
100
AcDbEntity
  8
0
100
AcDbBlockBegin
  2
*D19
 70
     1
 10
0.0
 20
0.0
 30
0.0
  3
*D19
  1

  0
LINE
  5
312
330
310
100
AcDbEntity
  8
FD_Dimensions
 62
     0
440
 16777216
370
    -2
100
AcDbLine
 10
151.433842
 20
190.092213
 30
0.0
 11
139.324126
 21
202.871953
 31
0.0
  0
LINE
  5
313
330
310
100
AcDbEntity
  8
FD_Dimensions
 62
     0
440
 16777216
370
    -2
100
AcDbLine
 10
126.255502
 20
216.663655
 30
0.0
 11
123.848124
 21
219.204232
 31
0.0
  0
MTEXT
  5
314
330
310
100
AcDbEntity
  8
FD_Dimensions
 62
     0
440
 16777216
100
AcDbMText
 10
149.833786
 20
196.556584
 30
0.0
 40
3.5
 41
0.0
 46
0.0
 71
     5
 72
     1
  1
∅12
 11
0.687822
 21
-0.725879
 31
0.0
 73
     1
 44
1.0
  0
LINE
  5
315
330
310
100
AcDbEntity
  8
FD_Dimensions
 62
     0
440
 16777216
370
    -2
100
AcDbLine
 10
128.66288
 20
214.123079
 30
0.0
 11
136.916748
 21
205.412529
 31
0.0
  0
SOLID
  5
316
330
310
100
AcDbEntity
  8
FD_Dimensions
 62
     0
440
 16777216
100
AcDbTrace
 10
126.678931
 20
217.064885
 30
0.0
 11
125.832072
 21
216.262426
 31
0.0
 12
128.66288
 22
214.123079
 32
0.0
 13
128.66288
 23
214.123079
 33
0.0
  0
SOLID
  5
317
330
310
100
AcDbEntity
  8
FD_Dimensions
 62
     0
440
 16777216
100
AcDbTrace
 10
139.747555
 20
203.273182
 30
0.0
 11
138.900696
 21
202.470723
 31
0.0
 12
136.916748
 22
205.412529
 32
0.0
 13
136.916748
 23
205.412529
 33
0.0
  0
POINT
  5
318
330
310
100
AcDbEntity
  8
Defpoints
 62
     0
440
 16777216
100
AcDbPoint
 10
136.916748
 20
205.412529
 30
0.0
  0
POINT
  5
319
330
310
100
AcDbEntity
  8
Defpoints
 62
     0
440
 16777216
100
AcDbPoint
 10
128.66288
 20
214.123079
 30
0.0
  0
ENDBLK
  5
31A
330
310
100
AcDbEntity
  8
0
100
AcDbBlockEnd
  0
BLOCK
  5
31D
330
31C
100
AcDbEntity
  8
0
100
AcDbBlockBegin
  2
*D20
 70
     1
 10
0.0
 20
0.0
 30
0.0
  3
*D20
  1

  0
LINE
  5
31E
330
31C
100
AcDbEntity
  8
FD_Dimensions
 62
     0
440
 16777216
370
    -2
100
AcDbLine
 10
170.802022
 20
192.603866
 30
0.0
 11
162.532774
 21
205.875425
 31
0.0
  0
LINE
  5
31F
330
31C
100
AcDbEntity
  8
FD_Dimensions
 62
     0
440
 16777216
370
    -2
100
AcDbLine
 10
156.186851
 20
216.060181
 30
0.0
 11
154.335957
 21
219.030735
 31
0.0
  0
MTEXT
  5
320
330
31C
100
AcDbEntity
  8
FD_Dimensions
 62
     0
440
 16777216
100
AcDbMText
 10
171.22917
 20
198.12998
 30
0.0
 40
3.5
 41
0.0
 46
0.0
 71
     5
 72
     1
  1
∅5
 11
0.528827
 21
-0.84873
 31
0.0
 73
     1
 44
1.0
  0
LINE
  5
321
330
31C
100
AcDbEntity
  8
FD_Dimensions
 62
     0
440
 16777216
370
    -2
100
AcDbLine
 10
158.037745
 20
213.089627
 30
0.0
 11
160.68188
 21
208.845979
 31
0.0
  0
SOLID
  5
322
330
31C
100
AcDbEntity
  8
FD_Dimensions
 62
     0
440
 16777216
100
AcDbTrace
 10
156.681944
 20
216.368664
 30
0.0
 11
155.691759
 21
215.751699
 31
0.0
 12
158.037745
 22
213.089627
 32
0.0
 13
158.037745
 23
213.089627
 33
0.0
  0
SOLID
  5
323
330
31C
100
AcDbEntity
  8
FD_Dimensions
 62
     0
440
 16777216
100
AcDbTrace
 10
163.027866
 20
206.183907
 30
0.0
 11
162.037681
 21
205.566942
 31
0.0
 12
160.68188
 22
208.845979
 32
0.0
 13
160.68188
 23
208.845979
 33
0.0
  0
POINT
  5
324
330
31C
100
AcDbEntity
  8
Defpoints
 62
     0
440
 16777216
100
AcDbPoint
 10
160.68188
 20
208.845979
 30
0.0
  0
POINT
  5
325
330
31C
100
AcDbEntity
  8
Defpoints
 62
     0
440
 16777216
100
AcDbPoint
 10
158.037745
 20
213.089627
 30
0.0
  0
ENDBLK
  5
326
330
31C
100
AcDbEntity
  8
0
100
AcDbBlockEnd
  0
BLOCK
  5
329
330
328
100
AcDbEntity
  8
0
100
AcDbBlockBegin
  2
*D21
 70
     1
 10
0.0
 20
0.0
 30
0.0
  3
*D21
  1

  0
LINE
  5
32A
330
328
100
AcDbEntity
  8
FD_Dimensions
 62
     0
440
 16777216
370
    -2
100
AcDbLine
 10
193.04021
 20
212.880925
 30
0.0
 11
204.531647
 21
208.196685
 31
0.0
  0
LINE
  5
32B
330
328
100
AcDbEntity
  8
FD_Dimensions
 62
     0
440
 16777216
370
    -2
100
AcDbLine
 10
219.347978
 20
202.157121
 30
0.0
 11
222.589051
 21
200.835967
 31
0.0
  0
MTEXT
  5
32C
330
328
100
AcDbEntity
  8
FD_Dimensions
 62
     0
440
 16777216
100
AcDbMText
 10
198.405349
 20
214.241259
 30
0.0
 40
3.5
 41
0.0
 46
0.0
 71
     5
 72
     1
  1
∅9
 11
0.926021
 21
-0.377473
 31
0.0
 73
     1
 44
1.0
  0
LINE
  5
32D
330
328
100
AcDbEntity
  8
FD_Dimensions
 62
     0
440
 16777216
370
    -2
100
AcDbLine
 10
216.106906
 20
203.478276
 30
0.0
 11
207.772719
 21
206.87553
 31
0.0
  0
SOLID
  5
32E
330
328
100
AcDbEntity
  8
FD_Dimensions
 62
     0
440
 16777216
100
AcDbTrace
 10
219.568171
 20
202.6973
 30
0.0
 11
219.127786
 21
201.616943
 31
0.0
 12
216.106906
 22
203.478276
 32
0.0
 13
216.106906
 23
203.478276
 33
0.0
  0
SOLID
  5
32F
330
328
100
AcDbEntity
  8
FD_Dimensions
 62
     0
440
 16777216
100
AcDbTrace
 10
204.751839
 20
208.736863
 30
0.0
 11
204.311454
 21
207.656506
 31
0.0
 12
207.772719
 22
206.87553
 32
0.0
 13
207.772719
 23
206.87553
 33
0.0
  0
POINT
  5
330
330
328
100
AcDbEntity
  8
Defpoints
 62
     0
440
 16777216
100
AcDbPoint
 10
207.772719
 20
206.87553
 30
0.0
  0
POINT
  5
331
330
328
100
AcDbEntity
  8
Defpoints
 62
     0
440
 16777216
100
AcDbPoint
 10
216.106906
 20
203.478276
 30
0.0
  0
ENDBLK
  5
332
330
328
100
AcDbEntity
  8
0
100
AcDbBlockEnd
  0
BLOCK
  5
335
330
334
100
AcDbEntity
  8
0
100
AcDbBlockBegin
  2
*D22
 70
     1
 10
0.0
 20
0.0
 30
0.0
  3
*D22
  1

  0
LINE
  5
336
330
334
100
AcDbEntity
  8
FD_Dimensions
 62
     0
440
 16777216
370
    -2
100
AcDbLine
 10
144.16648
 20
165.377682
 30
0.0
 11
133.410565
 21
159.20291
 31
0.0
  0
LINE
  5
337
330
334
100
AcDbEntity
  8
FD_Dimensions
 62
     0
440
 16777216
370
    -2
100
AcDbLine
 10
121.269061
 20
152.232696
 30
0.0
 11
118.233684
 21
150.490143
 31
0.0
  0
MTEXT
  5
338
330
334
100
AcDbEntity
  8
FD_Dimensions
 62
     0
440
 16777216
100
AcDbMText
 10
138.670754
 20
166.010395
 30
0.0
 40
3.5
 41
0.0
 46
0.0
 71
     5
 72
     1
  1
∅7
 11
0.86725
 21
0.497872
 31
0.0
 73
     1
 44
1.0
  0
LINE
  5
339
330
334
100
AcDbEntity
  8
FD_Dimensions
 62
     0
440
 16777216
370
    -2
100
AcDbLine
 10
124.304437
 20
153.975249
 30
0.0
 11
130.375189
 21
157.460356
 31
0.0
  0
SOLID
  5
33A
330
334
100
AcDbEntity
  8
FD_Dimensions
 62
     0
440
 16777216
100
AcDbTrace
 10
120.978635
 20
152.738592
 30
0.0
 11
121.559486
 21
151.7268
 31
0.0
 12
124.304437
 22
153.975249
 32
0.0
 13
124.304437
 23
153.975249
 33
0.0
  0
SOLID
  5
33B
330
334
100
AcDbEntity
  8
FD_Dimensions
 62
     0
440
 16777216
100
AcDbTrace
 10
133.120139
 20
159.708806
 30
0.0
 11
133.70099
 21
158.697014
 31
0.0
 12
130.375189
 22
157.460356
 32
0.0
 13
130.375189
 23
157.460356
 33
0.0
  0
POINT
  5
33C
330
334
100
AcDbEntity
  8
Defpoints
 62
     0
440
 16777216
100
AcDbPoint
 10
130.375189
 20
157.460356
 30
0.0
  0
POINT
  5
33D
330
334
100
AcDbEntity
  8
Defpoints
 62
     0
440
 16777216
100
AcDbPoint
 10
124.304437
 20
153.975249
 30
0.0
  0
ENDBLK
  5
33E
330
334
100
AcDbEntity
  8
0
100
AcDbBlockEnd
  0
BLOCK
  5
341
330
340
100
AcDbEntity
  8
0
100
AcDbBlockBegin
  2
*D23
 70
     1
 10
0.0
 20
0.0
 30
0.0
  3
*D23
  1

  0
LINE
  5
342
330
340
100
AcDbEntity
  8
FD_Dimensions
 62
     0
440
 16777216
370
    -2
100
AcDbLine
 10
172.483516
 20
167.440683
 30
0.0
 11
162.600942
 21
159.947202
 31
0.0
  0
LINE
  5
343
330
340
100
AcDbEntity
  8
FD_Dimensions
 62
     0
440
 16777216
370
    -2
100
AcDbLine
 10
151.445283
 20
151.488403
 30
0.0
 11
148.656369
 21
149.373704
 31
0.0
  0
MTEXT
  5
344
330
340
100
AcDbEntity
  8
FD_Dimensions
 62
     0
440
 16777216
100
AcDbMText
 10
166.951955
 20
167.368801
 30
0.0
 40
3.5
 41
0.0
 46
0.0
 71
     5
 72
     1
  1
∅7
 11
0.796833
 21
0.6042
 31
0.0
 73
     1
 44
1.0
  0
LINE
  5
345
330
340
100
AcDbEntity
  8
FD_Dimensions
 62
     0
440
 16777216
370
    -2
100
AcDbLine
 10
154.234198
 20
153.603103
 30
0.0
 11
159.812027
 21
157.832503
 31
0.0
  0
SOLID
  5
346
330
340
100
AcDbEntity
  8
FD_Dimensions
 62
     0
440
 16777216
100
AcDbTrace
 10
151.092833
 20
151.953222
 30
0.0
 11
151.797733
 21
151.023584
 31
0.0
 12
154.234198
 22
153.603103
 32
0.0
 13
154.234198
 23
153.603103
 33
0.0
  0
SOLID
  5
347
330
340
100
AcDbEntity
  8
FD_Dimensions
 62
     0
440
 16777216
100
AcDbTrace
 10
162.248492
 20
160.412022
 30
0.0
 11
162.953392
 21
159.482383
 31
0.0
 12
159.812027
 22
157.832503
 32
0.0
 13
159.812027
 23
157.832503
 33
0.0
  0
POINT
  5
348
330
340
100
AcDbEntity
  8
Defpoints
 62
     0
440
 16777216
100
AcDbPoint
 10
159.812027
 20
157.832503
 30
0.0
  0
POINT
  5
349
330
340
100
AcDbEntity
  8
Defpoints
 62
     0
440
 16777216
100
AcDbPoint
 10
154.234198
 20
153.603103
 30
0.0
  0
ENDBLK
  5
34A
330
340
100
AcDbEntity
  8
0
100
AcDbBlockEnd
  0
BLOCK
  5
34D
330
34C
100
AcDbEntity
  8
0
100
AcDbBlockBegin
  2
*D24
 70
     1
 10
0.0
 20
0.0
 30
0.0
  3
*D24
  1

  0
LINE
  5
34E
330
34C
100
AcDbEntity
  8
FD_Dimensions
 62
     0
440
 16777216
370
    -2
100
AcDbLine
 10
201.572897
 20
167.875521
 30
0.0
 11
192.03807
 21
159.944279
 31
0.0
  0
LINE
  5
34F
330
34C
100
AcDbEntity
  8
FD_Dimensions
 62
     0
440
 16777216
370
    -2
100
AcDbLine
 10
181.274955
 20
150.991326
 30
0.0
 11
178.584177
 21
148.753088
 31
0.0
  0
MTEXT
  5
350
330
34C
100
AcDbEntity
  8
FD_Dimensions
 62
     0
440
 16777216
100
AcDbMText
 10
196.050196
 20
167.554423
 30
0.0
 40
3.5
 41
0.0
 46
0.0
 71
     5
 72
     1
  1
∅7
 11
0.768794
 21
0.639497
 31
0.0
 73
     1
 44
1.0
  0
LINE
  5
351
330
34C
100
AcDbEntity
  8
FD_Dimensions
 62
     0
440
 16777216
370
    -2
100
AcDbLine
 10
183.965734
 20
153.229565
 30
0.0
 11
189.347291
 21
157.706041
 31
0.0
  0
SOLID
  5
352
330
34C
100
AcDbEntity
  8
FD_Dimensions
 62
     0
440
 16777216
100
AcDbTrace
 10
180.901916
 20
151.43979
 30
0.0
 11
181.647995
 21
150.542863
 31
0.0
 12
183.965734
 22
153.229565
 32
0.0
 13
183.965734
 23
153.229565
 33
0.0
  0
SOLID
  5
353
330
34C
100
AcDbEntity
  8
FD_Dimensions
 62
     0
440
 16777216
100
AcDbTrace
 10
191.66503
 20
160.392742
 30
0.0
 11
192.41111
 21
159.495816
 31
0.0
 12
189.347291
 22
157.706041
 32
0.0
 13
189.347291
 23
157.706041
 33
0.0
  0
POINT
  5
354
330
34C
100
AcDbEntity
  8
Defpoints
 62
     0
440
 16777216
100
AcDbPoint
 10
189.347291
 20
157.706041
 30
0.0
  0
POINT
  5
355
330
34C
100
AcDbEntity
  8
Defpoints
 62
     0
440
 16777216
100
AcDbPoint
 10
183.965734
 20
153.229565
 30
0.0
  0
ENDBLK
  5
356
330
34C
100
AcDbEntity
  8
0
100
AcDbBlockEnd
  0
BLOCK
  5
359
330
358
100
AcDbEntity
  8
0
100
AcDbBlockBegin
  2
*D25
 70
     1
 10
0.0
 20
0.0
 30
0.0
  3
*D25
  1

  0
LINE
  5
35A
330
358
100
AcDbEntity
  8
FD_Dimensions
 62
     0
440
 16777216
370
    -2
100
AcDbLine
 10
200.409911
 20
145.519766
 30
0.0
 11
210.560636
 21
152.645796
 31
0.0
  0
LINE
  5
35B
330
358
100
AcDbEntity
  8
FD_Dimensions
 62
     0
440
 16777216
370
    -2
100
AcDbLine
 10
222.018989
 20
160.68981
 30
0.0
 11
224.883577
 21
162.700813
 31
0.0
  0
MTEXT
  5
35C
330
358
100
AcDbEntity
  8
FD_Dimensions
 62
     0
440
 16777216
100
AcDbMText
 10
202.165572
 20
150.765811
 30
0.0
 40
3.5
 41
0.0
 46
0.0
 71
     5
 72
     1
  1
∅7
 11
0.818454
 21
0.574572
 31
0.0
 73
     1
 44
1.0
  0
LINE
  5
35D
330
358
100
AcDbEntity
  8
FD_Dimensions
 62
     0
440
 16777216
370
    -2
100
AcDbLine
 10
219.154401
 20
158.678806
 30
0.0
 11
213.425224
 21
154.6568
 31
0.0
  0
SOLID
  5
35E
330
358
100
AcDbEntity
  8
FD_Dimensions
 62
     0
440
 16777216
100
AcDbTrace
 10
221.683822
 20
161.167241
 30
0.0
 11
222.354156
 21
160.212378
 31
0.0
 12
219.154401
 22
158.678806
 32
0.0
 13
219.154401
 23
158.678806
 33
0.0
  0
SOLID
  5
35F
330
358
100
AcDbEntity
  8
FD_Dimensions
 62
     0
440
 16777216
100
AcDbTrace
 10
210.225469
 20
153.123228
 30
0.0
 11
210.895803
 21
152.168365
 31
0.0
 12
213.425224
 22
154.6568
 32
0.0
 13
213.425224
 23
154.6568
 33
0.0
  0
POINT
  5
360
330
358
100
AcDbEntity
  8
Defpoints
 62
     0
440
 16777216
100
AcDbPoint
 10
213.425224
 20
154.6568
 30
0.0
  0
POINT
  5
361
330
358
100
AcDbEntity
  8
Defpoints
 62
     0
440
 16777216
100
AcDbPoint
 10
219.154401
 20
158.678806
 30
0.0
  0
ENDBLK
  5
362
330
358
100
AcDbEntity
  8
0
100
AcDbBlockEnd
  0
BLOCK
  5
365
330
364
100
AcDbEntity
  8
0
100
AcDbBlockBegin
  2
*D26
 70
     1
 10
0.0
 20
0.0
 30
0.0
  3
*D26
  1

  0
LINE
  5
366
330
364
100
AcDbEntity
  8
FD_Dimensions
 62
     0
440
 16777216
370
    -2
100
AcDbLine
 10
196.892822
 20
180.422495
 30
0.0
 11
209.291735
 21
180.131848
 31
0.0
  0
LINE
  5
367
330
364
100
AcDbEntity
  8
FD_Dimensions
 62
     0
440
 16777216
370
    -2
100
AcDbLine
 10
223.28789
 20
179.803758
 30
0.0
 11
226.786929
 21
179.721736
 31
0.0
  0
MTEXT
  5
368
330
364
100
AcDbEntity
  8
FD_Dimensions
 62
     0
440
 16777216
100
AcDbMText
 10
201.41974
 20
183.602171
 30
0.0
 40
3.5
 41
0.0
 46
0.0
 71
     5
 72
     1
  1
∅7
 11
0.999725
 21
-0.023435
 31
0.0
 73
     1
 44
1.0
  0
LINE
  5
369
330
364
100
AcDbEntity
  8
FD_Dimensions
 62
     0
440
 16777216
370
    -2
100
AcDbLine
 10
219.788851
 20
179.885781
 30
0.0
 11
212.790774
 21
180.049825
 31
0.0
  0
SOLID
  5
36A
330
364
100
AcDbEntity
  8
FD_Dimensions
 62
     0
440
 16777216
100
AcDbTrace
 10
223.30156
 20
180.386931
 30
0.0
 11
223.27422
 21
179.220585
 31
0.0
 12
219.788851
 22
179.885781
 32
0.0
 13
219.788851
 23
179.885781
 33
0.0
  0
SOLID
  5
36B
330
364
100
AcDbEntity
  8
FD_Dimensions
 62
     0
440
 16777216
100
AcDbTrace
 10
209.305405
 20
180.715021
 30
0.0
 11
209.278065
 21
179.548674
 31
0.0
 12
212.790774
 22
180.049825
 32
0.0
 13
212.790774
 23
180.049825
 33
0.0
  0
POINT
  5
36C
330
364
100
AcDbEntity
  8
Defpoints
 62
     0
440
 16777216
100
AcDbPoint
 10
212.790774
 20
180.049825
 30
0.0
  0
POINT
  5
36D
330
364
100
AcDbEntity
  8
Defpoints
 62
     0
440
 16777216
100
AcDbPoint
 10
219.788851
 20
179.885781
 30
0.0
  0
ENDBLK
  5
36E
330
364
100
AcDbEntity
  8
0
100
AcDbBlockEnd
  0
BLOCK
  5
371
330
370
100
AcDbEntity
  8
0
100
AcDbBlockBegin
  2
*D27
 70
     1
 10
0.0
 20
0.0
 30
0.0
  3
*D27
  1

  0
LINE
  5
372
330
370
100
AcDbEntity
  8
FD_Dimensions
 62
     0
440
 16777216
370
    -2
100
AcDbLine
 10
124.14655
 20
238.541111
 30
0.0
 11
134.904502
 21
244.726716
 31
0.0
  0
LINE
  5
373
330
370
100
AcDbEntity
  8
FD_Dimensions
 62
     0
440
 16777216
370
    -2
100
AcDbLine
 10
148.775123
 20
252.702045
 30
0.0
 11
151.809322
 21
254.446648
 31
0.0
  0
MTEXT
  5
374
330
370
100
AcDbEntity
  8
FD_Dimensions
 62
     0
440
 16777216
100
AcDbMText
 10
126.371047
 20
243.609329
 30
0.0
 40
3.5
 41
0.0
 46
0.0
 71
     5
 72
     1
  1
∅9
 11
0.866914
 21
0.498458
 31
0.0
 73
     1
 44
1.0
  0
LINE
  5
375
330
370
100
AcDbEntity
  8
FD_Dimensions
 62
     0
440
 16777216
370
    -2
100
AcDbLine
 10
145.740925
 20
250.957441
 30
0.0
 11
137.9387
 21
246.471319
 31
0.0
  0
SOLID
  5
376
330
370
100
AcDbEntity
  8
FD_Dimensions
 62
     0
440
 16777216
100
AcDbTrace
 10
148.484356
 20
253.207744
 30
0.0
 11
149.06589
 21
252.196345
 31
0.0
 12
145.740925
 22
250.957441
 32
0.0
 13
145.740925
 23
250.957441
 33
0.0
  0
SOLID
  5
377
330
370
100
AcDbEntity
  8
FD_Dimensions
 62
     0
440
 16777216
100
AcDbTrace
 10
134.613735
 20
245.232416
 30
0.0
 11
135.195269
 21
244.221017
 31
0.0
 12
137.9387
 22
246.471319
 32
0.0
 13
137.9387
 23
246.471319
 33
0.0
  0
POINT
  5
378
330
370
100
AcDbEntity
  8
Defpoints
 62
     0
440
 16777216
100
AcDbPoint
 10
137.9387
 20
246.471319
 30
0.0
  0
POINT
  5
379
330
370
100
AcDbEntity
  8
Defpoints
 62
     0
440
 16777216
100
AcDbPoint
 10
145.740925
 20
250.957441
 30
0.0
  0
ENDBLK
  5
37A
330
370
100
AcDbEntity
  8
0
100
AcDbBlockEnd
  0
BLOCK
  5
37D
330
37C
100
AcDbEntity
  8
0
100
AcDbBlockBegin
  2
*D28
 70
     1
 10
0.0
 20
0.0
 30
0.0
  3
*D28
  1

  0
LINE
  5
37E
330
37C
100
AcDbEntity
  8
FD_Dimensions
 62
     0
440
 16777216
370
    -2
100
AcDbLine
 10
150.00276
 20
238.570351
 30
0.0
 11
163.37882
 21
245.54622
 31
0.0
  0
LINE
  5
37F
330
37C
100
AcDbEntity
  8
FD_Dimensions
 62
     0
440
 16777216
370
    -2
100
AcDbLine
 10
180.225453
 20
254.332059
 30
0.0
 11
183.32878
 21
255.950503
 31
0.0
  0
MTEXT
  5
380
330
37C
100
AcDbEntity
  8
FD_Dimensions
 62
     0
440
 16777216
100
AcDbMText
 10
153.620152
 20
244.161661
 30
0.0
 40
3.5
 41
0.0
 46
0.0
 71
     5
 72
     1
  1
∅12
 11
0.886665
 21
0.462413
 31
0.0
 73
     1
 44
1.0
  0
LINE
  5
381
330
37C
100
AcDbEntity
  8
FD_Dimensions
 62
     0
440
 16777216
370
    -2
100
AcDbLine
 10
177.122126
 20
252.713615
 30
0.0
 11
166.482147
 21
247.164664
 31
0.0
  0
SOLID
  5
382
330
37C
100
AcDbEntity
  8
FD_Dimensions
 62
     0
440
 16777216
100
AcDbTrace
 10
179.955712
 20
254.84928
 30
0.0
 11
180.495193
 21
253.814838
 31
0.0
 12
177.122126
 22
252.713615
 32
0.0
 13
177.122126
 23
252.713615
 33
0.0
  0
SOLID
  5
383
330
37C
100
AcDbEntity
  8
FD_Dimensions
 62
     0
440
 16777216
100
AcDbTrace
 10
163.109079
 20
246.063441
 30
0.0
 11
163.648561
 21
245.028999
 31
0.0
 12
166.482147
 22
247.164664
 32
0.0
 13
166.482147
 23
247.164664
 33
0.0
  0
POINT
  5
384
330
37C
100
AcDbEntity
  8
Defpoints
 62
     0
440
 16777216
100
AcDbPoint
 10
166.482147
 20
247.164664
 30
0.0
  0
POINT
  5
385
330
37C
100
AcDbEntity
  8
Defpoints
 62
     0
440
 16777216
100
AcDbPoint
 10
177.122126
 20
252.713615
 30
0.0
  0
ENDBLK
  5
386
330
37C
100
AcDbEntity
  8
0
100
AcDbBlockEnd
  0
BLOCK
  5
389
330
388
100
AcDbEntity
  8
0
100
AcDbBlockBegin
  2
*D29
 70
     1
 10
0.0
 20
0.0
 30
0.0
  3
*D29
  1

  0
LINE
  5
38A
330
388
100
AcDbEntity
  8
FD_Dimensions
 62
     0
440
 16777216
370
    -2
100
AcDbLine
 10
184.049714
 20
238.711414
 30
0.0
 11
194.866544
 21
244.793471
 31
0.0
  0
LINE
  5
38B
330
388
100
AcDbEntity
  8
FD_Dimensions
 62
     0
440
 16777216
370
    -2
100
AcDbLine
 10
208.813081
 20
252.63529
 30
0.0
 11
211.863885
 21
254.350688
 31
0.0
  0
MTEXT
  5
38C
330
388
100
AcDbEntity
  8
FD_Dimensions
 62
     0
440
 16777216
100
AcDbMText
 10
186.322757
 20
243.758046
 30
0.0
 40
3.5
 41
0.0
 46
0.0
 71
     5
 72
     1
  1
∅9
 11
0.871659
 21
0.490114
 31
0.0
 73
     1
 44
1.0
  0
LINE
  5
38D
330
388
100
AcDbEntity
  8
FD_Dimensions
 62
     0
440
 16777216
370
    -2
100
AcDbLine
 10
205.762276
 20
250.919892
 30
0.0
 11
197.917349
 21
246.508869
 31
0.0
  0
SOLID
  5
38E
330
388
100
AcDbEntity
  8
FD_Dimensions
 62
     0
440
 16777216
100
AcDbTrace
 10
208.527181
 20
253.143757
 30
0.0
 11
209.09898
 21
252.126823
 31
0.0
 12
205.762276
 22
250.919892
 32
0.0
 13
205.762276
 23
250.919892
 33
0.0
  0
SOLID
  5
38F
330
388
100
AcDbEntity
  8
FD_Dimensions
 62
     0
440
 16777216
100
AcDbTrace
 10
194.580645
 20
245.301938
 30
0.0
 11
195.152444
 21
244.285003
 31
0.0
 12
197.917349
 22
246.508869
 32
0.0
 13
197.917349
 23
246.508869
 33
0.0
  0
POINT
  5
390
330
388
100
AcDbEntity
  8
Defpoints
 62
     0
440
 16777216
100
AcDbPoint
 10
197.917349
 20
246.508869
 30
0.0
  0
POINT
  5
391
330
388
100
AcDbEntity
  8
Defpoints
 62
     0
440
 16777216
100
AcDbPoint
 10
205.762276
 20
250.919892
 30
0.0
  0
ENDBLK
  5
392
330
388
100
AcDbEntity
  8
0
100
AcDbBlockEnd
  0
BLOCK
  5
395
330
394
100
AcDbEntity
  8
0
100
AcDbBlockBegin
  2
*D30
 70
     1
 10
0.0
 20
0.0
 30
0.0
  3
*D30
  1

  0
LINE
  5
6B2
330
394
100
AcDbEntity
  8
FD_Dimensions
 62
     0
440
 16777216
370
    -2
100
AcDbLine
 10
151.433842
 20
190.092213
 30
0.0
 11
139.324126
 21
202.871953
 31
0.0
  0
LINE
  5
6B3
330
394
100
AcDbEntity
  8
FD_Dimensions
 62
     0
440
 16777216
370
    -2
100
AcDbLine
 10
126.255502
 20
216.663655
 30
0.0
 11
123.848124
 21
219.204232
 31
0.0
  0
MTEXT
  5
6B4
330
394
100
AcDbEntity
  8
FD_Dimensions
 62
     0
440
 16777216
100
AcDbMText
 10
149.833786
 20
196.556584
 30
0.0
 40
3.5
 41
0.0
 46
0.0
 71
     5
 72
     1
  1
∅12
 11
0.687822
 21
-0.725879
 31
0.0
 73
     1
 44
1.0
  0
LINE
  5
6B5
330
394
100
AcDbEntity
  8
FD_Dimensions
 62
     0
440
 16777216
370
    -2
100
AcDbLine
 10
128.66288
 20
214.123079
 30
0.0
 11
136.916748
 21
205.412529
 31
0.0
  0
SOLID
  5
6B6
330
394
100
AcDbEntity
  8
FD_Dimensions
 62
     0
440
 16777216
100
AcDbTrace
 10
126.678931
 20
217.064885
 30
0.0
 11
125.832072
 21
216.262426
 31
0.0
 12
128.66288
 22
214.123079
 32
0.0
 13
128.66288
 23
214.123079
 33
0.0
  0
SOLID
  5
6B7
330
394
100
AcDbEntity
  8
FD_Dimensions
 62
     0
440
 16777216
100
AcDbTrace
 10
139.747555
 20
203.273182
 30
0.0
 11
138.900696
 21
202.470723
 31
0.0
 12
136.916748
 22
205.412529
 32
0.0
 13
136.916748
 23
205.412529
 33
0.0
  0
POINT
  5
6B8
330
394
100
AcDbEntity
  8
Defpoints
 62
     0
440
 16777216
100
AcDbPoint
 10
136.916748
 20
205.412529
 30
0.0
  0
POINT
  5
6B9
330
394
100
AcDbEntity
  8
Defpoints
 62
     0
440
 16777216
100
AcDbPoint
 10
128.66288
 20
214.123079
 30
0.0
  0
ENDBLK
  5
396
330
394
100
AcDbEntity
  8
0
100
AcDbBlockEnd
  0
BLOCK
  5
3A0
330
39F
100
AcDbEntity
  8
0
100
AcDbBlockBegin
  2
*D31
 70
     1
 10
0.0
 20
0.0
 30
0.0
  3
*D31
  1

  0
LINE
  5
6BA
330
39F
100
AcDbEntity
  8
FD_Dimensions
 62
     0
440
 16777216
370
    -2
100
AcDbLine
 10
170.802022
 20
192.603866
 30
0.0
 11
162.532774
 21
205.875425
 31
0.0
  0
LINE
  5
6BB
330
39F
100
AcDbEntity
  8
FD_Dimensions
 62
     0
440
 16777216
370
    -2
100
AcDbLine
 10
156.186851
 20
216.060181
 30
0.0
 11
154.335957
 21
219.030735
 31
0.0
  0
MTEXT
  5
6BC
330
39F
100
AcDbEntity
  8
FD_Dimensions
 62
     0
440
 16777216
100
AcDbMText
 10
171.22917
 20
198.12998
 30
0.0
 40
3.5
 41
0.0
 46
0.0
 71
     5
 72
     1
  1
∅5
 11
0.528827
 21
-0.84873
 31
0.0
 73
     1
 44
1.0
  0
LINE
  5
6BD
330
39F
100
AcDbEntity
  8
FD_Dimensions
 62
     0
440
 16777216
370
    -2
100
AcDbLine
 10
158.037745
 20
213.089627
 30
0.0
 11
160.68188
 21
208.845979
 31
0.0
  0
SOLID
  5
6BE
330
39F
100
AcDbEntity
  8
FD_Dimensions
 62
     0
440
 16777216
100
AcDbTrace
 10
156.681944
 20
216.368664
 30
0.0
 11
155.691759
 21
215.751699
 31
0.0
 12
158.037745
 22
213.089627
 32
0.0
 13
158.037745
 23
213.089627
 33
0.0
  0
SOLID
  5
6BF
330
39F
100
AcDbEntity
  8
FD_Dimensions
 62
     0
440
 16777216
100
AcDbTrace
 10
163.027866
 20
206.183907
 30
0.0
 11
162.037681
 21
205.566942
 31
0.0
 12
160.68188
 22
208.845979
 32
0.0
 13
160.68188
 23
208.845979
 33
0.0
  0
POINT
  5
6C0
330
39F
100
AcDbEntity
  8
Defpoints
 62
     0
440
 16777216
100
AcDbPoint
 10
160.68188
 20
208.845979
 30
0.0
  0
POINT
  5
6C1
330
39F
100
AcDbEntity
  8
Defpoints
 62
     0
440
 16777216
100
AcDbPoint
 10
158.037745
 20
213.089627
 30
0.0
  0
ENDBLK
  5
3A1
330
39F
100
AcDbEntity
  8
0
100
AcDbBlockEnd
  0
BLOCK
  5
3AB
330
3AA
100
AcDbEntity
  8
0
100
AcDbBlockBegin
  2
*D32
 70
     1
 10
0.0
 20
0.0
 30
0.0
  3
*D32
  1

  0
LINE
  5
6C2
330
3AA
100
AcDbEntity
  8
FD_Dimensions
 62
     0
440
 16777216
370
    -2
100
AcDbLine
 10
193.04021
 20
212.880925
 30
0.0
 11
204.531647
 21
208.196685
 31
0.0
  0
LINE
  5
6C3
330
3AA
100
AcDbEntity
  8
FD_Dimensions
 62
     0
440
 16777216
370
    -2
100
AcDbLine
 10
219.347978
 20
202.157121
 30
0.0
 11
222.589051
 21
200.835967
 31
0.0
  0
MTEXT
  5
6C4
330
3AA
100
AcDbEntity
  8
FD_Dimensions
 62
     0
440
 16777216
100
AcDbMText
 10
198.405349
 20
214.241259
 30
0.0
 40
3.5
 41
0.0
 46
0.0
 71
     5
 72
     1
  1
∅9
 11
0.926021
 21
-0.377473
 31
0.0
 73
     1
 44
1.0
  0
LINE
  5
6C5
330
3AA
100
AcDbEntity
  8
FD_Dimensions
 62
     0
440
 16777216
370
    -2
100
AcDbLine
 10
216.106906
 20
203.478276
 30
0.0
 11
207.772719
 21
206.87553
 31
0.0
  0
SOLID
  5
6C6
330
3AA
100
AcDbEntity
  8
FD_Dimensions
 62
     0
440
 16777216
100
AcDbTrace
 10
219.568171
 20
202.6973
 30
0.0
 11
219.127786
 21
201.616943
 31
0.0
 12
216.106906
 22
203.478276
 32
0.0
 13
216.106906
 23
203.478276
 33
0.0
  0
SOLID
  5
6C7
330
3AA
100
AcDbEntity
  8
FD_Dimensions
 62
     0
440
 16777216
100
AcDbTrace
 10
204.751839
 20
208.736863
 30
0.0
 11
204.311454
 21
207.656506
 31
0.0
 12
207.772719
 22
206.87553
 32
0.0
 13
207.772719
 23
206.87553
 33
0.0
  0
POINT
  5
6C8
330
3AA
100
AcDbEntity
  8
Defpoints
 62
     0
440
 16777216
100
AcDbPoint
 10
207.772719
 20
206.87553
 30
0.0
  0
POINT
  5
6C9
330
3AA
100
AcDbEntity
  8
Defpoints
 62
     0
440
 16777216
100
AcDbPoint
 10
216.106906
 20
203.478276
 30
0.0
  0
ENDBLK
  5
3AC
330
3AA
100
AcDbEntity
  8
0
100
AcDbBlockEnd
  0
BLOCK
  5
3B6
330
3B5
100
AcDbEntity
  8
0
100
AcDbBlockBegin
  2
*D33
 70
     1
 10
0.0
 20
0.0
 30
0.0
  3
*D33
  1

  0
LINE
  5
6CA
330
3B5
100
AcDbEntity
  8
FD_Dimensions
 62
     0
440
 16777216
370
    -2
100
AcDbLine
 10
144.16648
 20
165.377682
 30
0.0
 11
133.410565
 21
159.20291
 31
0.0
  0
LINE
  5
6CB
330
3B5
100
AcDbEntity
  8
FD_Dimensions
 62
     0
440
 16777216
370
    -2
100
AcDbLine
 10
121.269061
 20
152.232696
 30
0.0
 11
118.233684
 21
150.490143
 31
0.0
  0
MTEXT
  5
6CC
330
3B5
100
AcDbEntity
  8
FD_Dimensions
 62
     0
440
 16777216
100
AcDbMText
 10
138.670754
 20
166.010395
 30
0.0
 40
3.5
 41
0.0
 46
0.0
 71
     5
 72
     1
  1
∅7
 11
0.86725
 21
0.497872
 31
0.0
 73
     1
 44
1.0
  0
LINE
  5
6CD
330
3B5
100
AcDbEntity
  8
FD_Dimensions
 62
     0
440
 16777216
370
    -2
100
AcDbLine
 10
124.304437
 20
153.975249
 30
0.0
 11
130.375189
 21
157.460356
 31
0.0
  0
SOLID
  5
6CE
330
3B5
100
AcDbEntity
  8
FD_Dimensions
 62
     0
440
 16777216
100
AcDbTrace
 10
120.978635
 20
152.738592
 30
0.0
 11
121.559486
 21
151.7268
 31
0.0
 12
124.304437
 22
153.975249
 32
0.0
 13
124.304437
 23
153.975249
 33
0.0
  0
SOLID
  5
6CF
330
3B5
100
AcDbEntity
  8
FD_Dimensions
 62
     0
440
 16777216
100
AcDbTrace
 10
133.120139
 20
159.708806
 30
0.0
 11
133.70099
 21
158.697014
 31
0.0
 12
130.375189
 22
157.460356
 32
0.0
 13
130.375189
 23
157.460356
 33
0.0
  0
POINT
  5
6D0
330
3B5
100
AcDbEntity
  8
Defpoints
 62
     0
440
 16777216
100
AcDbPoint
 10
130.375189
 20
157.460356
 30
0.0
  0
POINT
  5
6D1
330
3B5
100
AcDbEntity
  8
Defpoints
 62
     0
440
 16777216
100
AcDbPoint
 10
124.304437
 20
153.975249
 30
0.0
  0
ENDBLK
  5
3B7
330
3B5
100
AcDbEntity
  8
0
100
AcDbBlockEnd
  0
BLOCK
  5
3C1
330
3C0
100
AcDbEntity
  8
0
100
AcDbBlockBegin
  2
*D34
 70
     1
 10
0.0
 20
0.0
 30
0.0
  3
*D34
  1

  0
LINE
  5
6D2
330
3C0
100
AcDbEntity
  8
FD_Dimensions
 62
     0
440
 16777216
370
    -2
100
AcDbLine
 10
172.483516
 20
167.440683
 30
0.0
 11
162.600942
 21
159.947202
 31
0.0
  0
LINE
  5
6D3
330
3C0
100
AcDbEntity
  8
FD_Dimensions
 62
     0
440
 16777216
370
    -2
100
AcDbLine
 10
151.445283
 20
151.488403
 30
0.0
 11
148.656369
 21
149.373704
 31
0.0
  0
MTEXT
  5
6D4
330
3C0
100
AcDbEntity
  8
FD_Dimensions
 62
     0
440
 16777216
100
AcDbMText
 10
166.951955
 20
167.368801
 30
0.0
 40
3.5
 41
0.0
 46
0.0
 71
     5
 72
     1
  1
∅7
 11
0.796833
 21
0.6042
 31
0.0
 73
     1
 44
1.0
  0
LINE
  5
6D5
330
3C0
100
AcDbEntity
  8
FD_Dimensions
 62
     0
440
 16777216
370
    -2
100
AcDbLine
 10
154.234198
 20
153.603103
 30
0.0
 11
159.812027
 21
157.832503
 31
0.0
  0
SOLID
  5
6D6
330
3C0
100
AcDbEntity
  8
FD_Dimensions
 62
     0
440
 16777216
100
AcDbTrace
 10
151.092833
 20
151.953222
 30
0.0
 11
151.797733
 21
151.023584
 31
0.0
 12
154.234198
 22
153.603103
 32
0.0
 13
154.234198
 23
153.603103
 33
0.0
  0
SOLID
  5
6D7
330
3C0
100
AcDbEntity
  8
FD_Dimensions
 62
     0
440
 16777216
100
AcDbTrace
 10
162.248492
 20
160.412022
 30
0.0
 11
162.953392
 21
159.482383
 31
0.0
 12
159.812027
 22
157.832503
 32
0.0
 13
159.812027
 23
157.832503
 33
0.0
  0
POINT
  5
6D8
330
3C0
100
AcDbEntity
  8
Defpoints
 62
     0
440
 16777216
100
AcDbPoint
 10
159.812027
 20
157.832503
 30
0.0
  0
POINT
  5
6D9
330
3C0
100
AcDbEntity
  8
Defpoints
 62
     0
440
 16777216
100
AcDbPoint
 10
154.234198
 20
153.603103
 30
0.0
  0
ENDBLK
  5
3C2
330
3C0
100
AcDbEntity
  8
0
100
AcDbBlockEnd
  0
BLOCK
  5
3CC
330
3CB
100
AcDbEntity
  8
0
100
AcDbBlockBegin
  2
*D35
 70
     1
 10
0.0
 20
0.0
 30
0.0
  3
*D35
  1

  0
LINE
  5
6DA
330
3CB
100
AcDbEntity
  8
FD_Dimensions
 62
     0
440
 16777216
370
    -2
100
AcDbLine
 10
201.572897
 20
167.875521
 30
0.0
 11
192.03807
 21
159.944279
 31
0.0
  0
LINE
  5
6DB
330
3CB
100
AcDbEntity
  8
FD_Dimensions
 62
     0
440
 16777216
370
    -2
100
AcDbLine
 10
181.274955
 20
150.991326
 30
0.0
 11
178.584177
 21
148.753088
 31
0.0
  0
MTEXT
  5
6DC
330
3CB
100
AcDbEntity
  8
FD_Dimensions
 62
     0
440
 16777216
100
AcDbMText
 10
196.050196
 20
167.554423
 30
0.0
 40
3.5
 41
0.0
 46
0.0
 71
     5
 72
     1
  1
∅7
 11
0.768794
 21
0.639497
 31
0.0
 73
     1
 44
1.0
  0
LINE
  5
6DD
330
3CB
100
AcDbEntity
  8
FD_Dimensions
 62
     0
440
 16777216
370
    -2
100
AcDbLine
 10
183.965734
 20
153.229565
 30
0.0
 11
189.347291
 21
157.706041
 31
0.0
  0
SOLID
  5
6DE
330
3CB
100
AcDbEntity
  8
FD_Dimensions
 62
     0
440
 16777216
100
AcDbTrace
 10
180.901916
 20
151.43979
 30
0.0
 11
181.647995
 21
150.542863
 31
0.0
 12
183.965734
 22
153.229565
 32
0.0
 13
183.965734
 23
153.229565
 33
0.0
  0
SOLID
  5
6DF
330
3CB
100
AcDbEntity
  8
FD_Dimensions
 62
     0
440
 16777216
100
AcDbTrace
 10
191.66503
 20
160.392742
 30
0.0
 11
192.41111
 21
159.495816
 31
0.0
 12
189.347291
 22
157.706041
 32
0.0
 13
189.347291
 23
157.706041
 33
0.0
  0
POINT
  5
6E0
330
3CB
100
AcDbEntity
  8
Defpoints
 62
     0
440
 16777216
100
AcDbPoint
 10
189.347291
 20
157.706041
 30
0.0
  0
POINT
  5
6E1
330
3CB
100
AcDbEntity
  8
Defpoints
 62
     0
440
 16777216
100
AcDbPoint
 10
183.965734
 20
153.229565
 30
0.0
  0
ENDBLK
  5
3CD
330
3CB
100
AcDbEntity
  8
0
100
AcDbBlockEnd
  0
BLOCK
  5
3D7
330
3D6
100
AcDbEntity
  8
0
100
AcDbBlockBegin
  2
*D36
 70
     1
 10
0.0
 20
0.0
 30
0.0
  3
*D36
  1

  0
LINE
  5
6E2
330
3D6
100
AcDbEntity
  8
FD_Dimensions
 62
     0
440
 16777216
370
    -2
100
AcDbLine
 10
200.409911
 20
145.519766
 30
0.0
 11
210.560636
 21
152.645796
 31
0.0
  0
LINE
  5
6E3
330
3D6
100
AcDbEntity
  8
FD_Dimensions
 62
     0
440
 16777216
370
    -2
100
AcDbLine
 10
222.018989
 20
160.68981
 30
0.0
 11
224.883577
 21
162.700813
 31
0.0
  0
MTEXT
  5
6E4
330
3D6
100
AcDbEntity
  8
FD_Dimensions
 62
     0
440
 16777216
100
AcDbMText
 10
202.165572
 20
150.765811
 30
0.0
 40
3.5
 41
0.0
 46
0.0
 71
     5
 72
     1
  1
∅7
 11
0.818454
 21
0.574572
 31
0.0
 73
     1
 44
1.0
  0
LINE
  5
6E5
330
3D6
100
AcDbEntity
  8
FD_Dimensions
 62
     0
440
 16777216
370
    -2
100
AcDbLine
 10
219.154401
 20
158.678806
 30
0.0
 11
213.425224
 21
154.6568
 31
0.0
  0
SOLID
  5
6E6
330
3D6
100
AcDbEntity
  8
FD_Dimensions
 62
     0
440
 16777216
100
AcDbTrace
 10
221.683822
 20
161.167241
 30
0.0
 11
222.354156
 21
160.212378
 31
0.0
 12
219.154401
 22
158.678806
 32
0.0
 13
219.154401
 23
158.678806
 33
0.0
  0
SOLID
  5
6E7
330
3D6
100
AcDbEntity
  8
FD_Dimensions
 62
     0
440
 16777216
100
AcDbTrace
 10
210.225469
 20
153.123228
 30
0.0
 11
210.895803
 21
152.168365
 31
0.0
 12
213.425224
 22
154.6568
 32
0.0
 13
213.425224
 23
154.6568
 33
0.0
  0
POINT
  5
6E8
330
3D6
100
AcDbEntity
  8
Defpoints
 62
     0
440
 16777216
100
AcDbPoint
 10
213.425224
 20
154.6568
 30
0.0
  0
POINT
  5
6E9
330
3D6
100
AcDbEntity
  8
Defpoints
 62
     0
440
 16777216
100
AcDbPoint
 10
219.154401
 20
158.678806
 30
0.0
  0
ENDBLK
  5
3D8
330
3D6
100
AcDbEntity
  8
0
100
AcDbBlockEnd
  0
BLOCK
  5
3E2
330
3E1
100
AcDbEntity
  8
0
100
AcDbBlockBegin
  2
*D37
 70
     1
 10
0.0
 20
0.0
 30
0.0
  3
*D37
  1

  0
LINE
  5
6EA
330
3E1
100
AcDbEntity
  8
FD_Dimensions
 62
     0
440
 16777216
370
    -2
100
AcDbLine
 10
196.892822
 20
180.422495
 30
0.0
 11
209.291735
 21
180.131848
 31
0.0
  0
LINE
  5
6EB
330
3E1
100
AcDbEntity
  8
FD_Dimensions
 62
     0
440
 16777216
370
    -2
100
AcDbLine
 10
223.28789
 20
179.803758
 30
0.0
 11
226.786929
 21
179.721736
 31
0.0
  0
MTEXT
  5
6EC
330
3E1
100
AcDbEntity
  8
FD_Dimensions
 62
     0
440
 16777216
100
AcDbMText
 10
201.41974
 20
183.602171
 30
0.0
 40
3.5
 41
0.0
 46
0.0
 71
     5
 72
     1
  1
∅7
 11
0.999725
 21
-0.023435
 31
0.0
 73
     1
 44
1.0
  0
LINE
  5
6ED
330
3E1
100
AcDbEntity
  8
FD_Dimensions
 62
     0
440
 16777216
370
    -2
100
AcDbLine
 10
219.788851
 20
179.885781
 30
0.0
 11
212.790774
 21
180.049825
 31
0.0
  0
SOLID
  5
6EE
330
3E1
100
AcDbEntity
  8
FD_Dimensions
 62
     0
440
 16777216
100
AcDbTrace
 10
223.30156
 20
180.386931
 30
0.0
 11
223.27422
 21
179.220585
 31
0.0
 12
219.788851
 22
179.885781
 32
0.0
 13
219.788851
 23
179.885781
 33
0.0
  0
SOLID
  5
6EF
330
3E1
100
AcDbEntity
  8
FD_Dimensions
 62
     0
440
 16777216
100
AcDbTrace
 10
209.305405
 20
180.715021
 30
0.0
 11
209.278065
 21
179.548674
 31
0.0
 12
212.790774
 22
180.049825
 32
0.0
 13
212.790774
 23
180.049825
 33
0.0
  0
POINT
  5
6F0
330
3E1
100
AcDbEntity
  8
Defpoints
 62
     0
440
 16777216
100
AcDbPoint
 10
212.790774
 20
180.049825
 30
0.0
  0
POINT
  5
6F1
330
3E1
100
AcDbEntity
  8
Defpoints
 62
     0
440
 16777216
100
AcDbPoint
 10
219.788851
 20
179.885781
 30
0.0
  0
ENDBLK
  5
3E3
330
3E1
100
AcDbEntity
  8
0
100
AcDbBlockEnd
  0
BLOCK
  5
3ED
330
3EC
100
AcDbEntity
  8
0
100
AcDbBlockBegin
  2
*D38
 70
     1
 10
0.0
 20
0.0
 30
0.0
  3
*D38
  1

  0
LINE
  5
6F2
330
3EC
100
AcDbEntity
  8
FD_Dimensions
 62
     0
440
 16777216
370
    -2
100
AcDbLine
 10
124.14655
 20
238.541111
 30
0.0
 11
134.904502
 21
244.726716
 31
0.0
  0
LINE
  5
6F3
330
3EC
100
AcDbEntity
  8
FD_Dimensions
 62
     0
440
 16777216
370
    -2
100
AcDbLine
 10
148.775123
 20
252.702045
 30
0.0
 11
151.809322
 21
254.446648
 31
0.0
  0
MTEXT
  5
6F4
330
3EC
100
AcDbEntity
  8
FD_Dimensions
 62
     0
440
 16777216
100
AcDbMText
 10
126.371047
 20
243.609329
 30
0.0
 40
3.5
 41
0.0
 46
0.0
 71
     5
 72
     1
  1
∅9
 11
0.866914
 21
0.498458
 31
0.0
 73
     1
 44
1.0
  0
LINE
  5
6F5
330
3EC
100
AcDbEntity
  8
FD_Dimensions
 62
     0
440
 16777216
370
    -2
100
AcDbLine
 10
145.740925
 20
250.957441
 30
0.0
 11
137.9387
 21
246.471319
 31
0.0
  0
SOLID
  5
6F6
330
3EC
100
AcDbEntity
  8
FD_Dimensions
 62
     0
440
 16777216
100
AcDbTrace
 10
148.484356
 20
253.207744
 30
0.0
 11
149.06589
 21
252.196345
 31
0.0
 12
145.740925
 22
250.957441
 32
0.0
 13
145.740925
 23
250.957441
 33
0.0
  0
SOLID
  5
6F7
330
3EC
100
AcDbEntity
  8
FD_Dimensions
 62
     0
440
 16777216
100
AcDbTrace
 10
134.613735
 20
245.232416
 30
0.0
 11
135.195269
 21
244.221017
 31
0.0
 12
137.9387
 22
246.471319
 32
0.0
 13
137.9387
 23
246.471319
 33
0.0
  0
POINT
  5
6F8
330
3EC
100
AcDbEntity
  8
Defpoints
 62
     0
440
 16777216
100
AcDbPoint
 10
137.9387
 20
246.471319
 30
0.0
  0
POINT
  5
6F9
330
3EC
100
AcDbEntity
  8
Defpoints
 62
     0
440
 16777216
100
AcDbPoint
 10
145.740925
 20
250.957441
 30
0.0
  0
ENDBLK
  5
3EE
330
3EC
100
AcDbEntity
  8
0
100
AcDbBlockEnd
  0
BLOCK
  5
3F8
330
3F7
100
AcDbEntity
  8
0
100
AcDbBlockBegin
  2
*D39
 70
     1
 10
0.0
 20
0.0
 30
0.0
  3
*D39
  1

  0
LINE
  5
6FA
330
3F7
100
AcDbEntity
  8
FD_Dimensions
 62
     0
440
 16777216
370
    -2
100
AcDbLine
 10
150.00276
 20
238.570351
 30
0.0
 11
163.37882
 21
245.54622
 31
0.0
  0
LINE
  5
6FB
330
3F7
100
AcDbEntity
  8
FD_Dimensions
 62
     0
440
 16777216
370
    -2
100
AcDbLine
 10
180.225453
 20
254.332059
 30
0.0
 11
183.32878
 21
255.950503
 31
0.0
  0
MTEXT
  5
6FC
330
3F7
100
AcDbEntity
  8
FD_Dimensions
 62
     0
440
 16777216
100
AcDbMText
 10
153.620152
 20
244.161661
 30
0.0
 40
3.5
 41
0.0
 46
0.0
 71
     5
 72
     1
  1
∅12
 11
0.886665
 21
0.462413
 31
0.0
 73
     1
 44
1.0
  0
LINE
  5
6FD
330
3F7
100
AcDbEntity
  8
FD_Dimensions
 62
     0
440
 16777216
370
    -2
100
AcDbLine
 10
177.122126
 20
252.713615
 30
0.0
 11
166.482147
 21
247.164664
 31
0.0
  0
SOLID
  5
6FE
330
3F7
100
AcDbEntity
  8
FD_Dimensions
 62
     0
440
 16777216
100
AcDbTrace
 10
179.955712
 20
254.84928
 30
0.0
 11
180.495193
 21
253.814838
 31
0.0
 12
177.122126
 22
252.713615
 32
0.0
 13
177.122126
 23
252.713615
 33
0.0
  0
SOLID
  5
6FF
330
3F7
100
AcDbEntity
  8
FD_Dimensions
 62
     0
440
 16777216
100
AcDbTrace
 10
163.109079
 20
246.063441
 30
0.0
 11
163.648561
 21
245.028999
 31
0.0
 12
166.482147
 22
247.164664
 32
0.0
 13
166.482147
 23
247.164664
 33
0.0
  0
POINT
  5
700
330
3F7
100
AcDbEntity
  8
Defpoints
 62
     0
440
 16777216
100
AcDbPoint
 10
166.482147
 20
247.164664
 30
0.0
  0
POINT
  5
701
330
3F7
100
AcDbEntity
  8
Defpoints
 62
     0
440
 16777216
100
AcDbPoint
 10
177.122126
 20
252.713615
 30
0.0
  0
ENDBLK
  5
3F9
330
3F7
100
AcDbEntity
  8
0
100
AcDbBlockEnd
  0
BLOCK
  5
403
330
402
100
AcDbEntity
  8
0
100
AcDbBlockBegin
  2
*D40
 70
     1
 10
0.0
 20
0.0
 30
0.0
  3
*D40
  1

  0
LINE
  5
702
330
402
100
AcDbEntity
  8
FD_Dimensions
 62
     0
440
 16777216
370
    -2
100
AcDbLine
 10
184.049714
 20
238.711414
 30
0.0
 11
194.866544
 21
244.793471
 31
0.0
  0
LINE
  5
703
330
402
100
AcDbEntity
  8
FD_Dimensions
 62
     0
440
 16777216
370
    -2
100
AcDbLine
 10
208.813081
 20
252.63529
 30
0.0
 11
211.863885
 21
254.350688
 31
0.0
  0
MTEXT
  5
704
330
402
100
AcDbEntity
  8
FD_Dimensions
 62
     0
440
 16777216
100
AcDbMText
 10
186.322757
 20
243.758046
 30
0.0
 40
3.5
 41
0.0
 46
0.0
 71
     5
 72
     1
  1
∅9
 11
0.871659
 21
0.490114
 31
0.0
 73
     1
 44
1.0
  0
LINE
  5
705
330
402
100
AcDbEntity
  8
FD_Dimensions
 62
     0
440
 16777216
370
    -2
100
AcDbLine
 10
205.762276
 20
250.919892
 30
0.0
 11
197.917349
 21
246.508869
 31
0.0
  0
SOLID
  5
706
330
402
100
AcDbEntity
  8
FD_Dimensions
 62
     0
440
 16777216
100
AcDbTrace
 10
208.527181
 20
253.143757
 30
0.0
 11
209.09898
 21
252.126823
 31
0.0
 12
205.762276
 22
250.919892
 32
0.0
 13
205.762276
 23
250.919892
 33
0.0
  0
SOLID
  5
707
330
402
100
AcDbEntity
  8
FD_Dimensions
 62
     0
440
 16777216
100
AcDbTrace
 10
194.580645
 20
245.301938
 30
0.0
 11
195.152444
 21
244.285003
 31
0.0
 12
197.917349
 22
246.508869
 32
0.0
 13
197.917349
 23
246.508869
 33
0.0
  0
POINT
  5
708
330
402
100
AcDbEntity
  8
Defpoints
 62
     0
440
 16777216
100
AcDbPoint
 10
197.917349
 20
246.508869
 30
0.0
  0
POINT
  5
709
330
402
100
AcDbEntity
  8
Defpoints
 62
     0
440
 16777216
100
AcDbPoint
 10
205.762276
 20
250.919892
 30
0.0
  0
ENDBLK
  5
404
330
402
100
AcDbEntity
  8
0
100
AcDbBlockEnd
  0
ENDSEC
  0
SECTION
  2
ENTITIES
  0
INSERT
  5
20D
330
70
100
AcDbEntity
  8
BORDER
100
AcDbBlockReference
  2
ISO_A3_SHEET
 10
0.0
 20
0.0
 30
0.0
  0
INSERT
  5
253
330
70
100
AcDbEntity
  8
TITLEBLOCK
100
AcDbBlockReference
 66
     1
  2
ISO_TITLEBLOCK
 10
410.0
 20
10.0
 30
0.0
  0
ATTRIB
  5
28F
330
253
100
AcDbEntity
  8
TITLEBLOCK
100
AcDbText
 10
360.0
 20
11.5
 30
0.0
 40
3.5
  1

  7
FusionTitle
 11
360.0
 21
15.0
 31
0.0
100
AcDbAttribute
280
     0
  2
DATE_OF_ISSUE
 70
     0
 74
     3
280
     1
  0
ATTRIB
  5
290
330
253
100
AcDbEntity
  8
TITLEBLOCK
100
AcDbText
 10
354.0
 20
11.35
 30
0.0
 40
3.5
  1

  7
FusionTitle
 72
     1
 11
354.0
 21
14.85
 31
0.0
100
AcDbAttribute
280
     0
  2
REV
 70
     0
 74
     3
280
     1
  0
ATTRIB
  5
291
330
253
100
AcDbEntity
  8
TITLEBLOCK
100
AcDbText
 10
289.0
 20
11.5
 30
0.0
 40
5.0
  1

  7
FusionTitle
 11
289.0
 21
16.5
 31
0.0
100
AcDbAttribute
280
     0
  2
TITLE_3
 70
     0
 74
     3
280
     1
  0
ATTRIB
  5
292
330
253
100
AcDbEntity
  8
TITLEBLOCK
100
AcDbText
 10
350.0
 20
38.5
 30
0.0
 40
3.5
  1

  7
FusionTitle
 11
350.0
 21
42.0
 31
0.0
100
AcDbAttribute
280
     0
  2
DOCUMENT_STATUS
 70
     0
 74
     3
280
     1
  0
ATTRIB
  5
293
330
253
100
AcDbEntity
  8
TITLEBLOCK
100
AcDbText
 10
289.0
 20
38.5
 30
0.0
 40
3.5
  1

  7
FusionTitle
 11
289.0
 21
42.0
 31
0.0
100
AcDbAttribute
280
     0
  2
DOCUMENT_TYPE
 70
     0
 74
     3
280
     1
  0
ATTRIB
  5
294
330
253
100
AcDbEntity
  8
TITLEBLOCK
100
AcDbText
 10
409.007162
 20
48.5
 30
0.0
 40
3.5
  1

  7
FusionTitle
 72
     2
 11
409.007162
 21
52.0
 31
0.0
100
AcDbAttribute
280
     0
  2
APPROVED_DATE
 70
     0
 74
     3
280
     1
  0
ATTRIB
  5
295
330
253
100
AcDbEntity
  8
TITLEBLOCK
100
AcDbText
 10
323.528649
 20
48.5
 30
0.0
 40
3.5
  1
14/04/2026
  7
FusionTitle
 72
     2
 11
348.0
 21
52.0
 31
0.0
100
AcDbAttribute
280
     0
  2
CREATED_DATE
 70
     0
 74
     3
280
     1
  0
ATTRIB
  5
296
330
253
100
AcDbEntity
  8
TITLEBLOCK
100
AcDbText
 10
399.101467
 20
11.35
 30
0.0
 40
3.5
  1
1/1
  7
FusionTitle
 72
     1
 11
402.5
 21
14.85
 31
0.0
100
AcDbAttribute
280
     0
  2
SHEET
 70
     0
 74
     3
280
     1
  0
ATTRIB
  5
297
330
253
100
AcDbEntity
  8
TITLEBLOCK
100
AcDbText
 10
289.0
 20
19.0
 30
0.0
 40
5.0
  1

  7
FusionTitle
 11
289.0
 21
24.0
 31
0.0
100
AcDbAttribute
280
     0
  2
TITLE_2
 70
     0
 74
     3
280
     1
  0
ATTRIB
  5
298
330
253
100
AcDbEntity
  8
TITLEBLOCK
100
AcDbText
 10
379.5
 20
24.751432
 30
0.0
 40
5.0
  1

  7
FusionTitle
 72
     1
 11
379.5
 21
29.751432
 31
0.0
100
AcDbAttribute
280
     0
  2
DRAWING_NUMBER
 70
     0
 74
     3
280
     1
  0
ATTRIB
  5
299
330
253
100
AcDbEntity
  8
TITLEBLOCK
100
AcDbText
 10
289.0
 20
26.5
 30
0.0
 40
5.0
  1
GORAT_pedal_v0.2_1590BB
 41
0.640907
  7
FusionTitle
 11
289.0
 21
31.5
 31
0.0
100
AcDbAttribute
280
     0
  2
TITLE_1
 70
     0
 74
     3
280
     1
  0
ATTRIB
  5
29A
330
253
100
AcDbEntity
  8
TITLEBLOCK
100
AcDbText
 10
350.0
 20
48.5
 30
0.0
 40
3.5
  1

  7
FusionTitle
 11
350.0
 21
52.0
 31
0.0
100
AcDbAttribute
280
     0
  2
APPROVED_BY
 70
     0
 74
     3
280
     1
  0
ATTRIB
  5
29B
330
253
100
AcDbEntity
  8
TITLEBLOCK
100
AcDbText
 10
289.0
 20
48.5
 30
0.0
 40
3.5
  1
David Wilson
  7
FusionTitle
 11
289.0
 21
52.0
 31
0.0
100
AcDbAttribute
280
     0
  2
CREATED_BY
 70
     0
 74
     3
280
     1
  0
ATTRIB
  5
29C
330
253
100
AcDbEntity
  8
TITLEBLOCK
100
AcDbText
 10
255.0
 20
48.5
 30
0.0
 40
3.5
  1

  7
FusionTitle
 11
255.0
 21
52.0
 31
0.0
100
AcDbAttribute
280
     0
  2
TECHNICAL_REFERENCE
 70
     0
 74
     3
280
     1
  0
ATTRIB
  5
29D
330
253
100
AcDbEntity
  8
TITLEBLOCK
100
AcDbText
 10
231.0
 20
48.5
 30
0.0
 40
3.5
  1

  7
FusionTitle
 11
231.0
 21
52.0
 31
0.0
100
AcDbAttribute
280
     0
  2
DEPT
 70
     0
 74
     3
280
     1
  0
SEQEND
  5
29E
330
253
100
AcDbEntity
  8
TITLEBLOCK
  0
INSERT
  5
29F
330
70
100
AcDbEntity
  8
Smart Centers
 48
0.75
100
AcDbBlockReference
  2
*U8
 10
216.289813
 20
156.667803
 30
0.0
  0
INSERT
  5
2AA
330
70
100
AcDbEntity
  8
Smart Centers
 48
0.75
100
AcDbBlockReference
  2
*U9
 10
186.656513
 20
155.467803
 30
0.0
  0
INSERT
  5
2B4
330
70
100
AcDbEntity
  8
Smart Centers
 48
0.75
100
AcDbBlockReference
  2
*U10
 10
157.023113
 20
155.717803
 30
0.0
  0
INSERT
  5
2BE
330
70
100
AcDbEntity
  8
Smart Centers
 48
0.75
100
AcDbBlockReference
  2
*U11
 10
127.339813
 20
155.717803
 30
0.0
  0
INSERT
  5
2C8
330
70
100
AcDbEntity
  8
Smart Centers
 48
0.75
100
AcDbBlockReference
  2
*U12
 10
216.289813
 20
179.967803
 30
0.0
  0
INSERT
  5
2D2
330
70
100
AcDbEntity
  8
Smart Centers
 48
0.75
100
AcDbBlockReference
  2
*U13
 10
211.939813
 20
205.176903
 30
0.0
  0
INSERT
  5
2DC
330
70
100
AcDbEntity
  8
Smart Centers
 48
0.75
100
AcDbBlockReference
  2
*U14
 10
132.789814
 20
209.767804
 30
0.0
  0
INSERT
  5
2E6
330
70
100
AcDbEntity
  8
Smart Centers
 48
0.75
100
AcDbBlockReference
  2
*U15
 10
159.359813
 20
210.967803
 30
0.0
  0
INSERT
  5
2F0
330
70
100
AcDbEntity
  8
Smart Centers
 48
0.75
100
AcDbBlockReference
  2
*U16
 10
141.839813
 20
248.71438
 30
0.0
  0
INSERT
  5
2FA
330
70
100
AcDbEntity
  8
Smart Centers
 48
0.75
100
AcDbBlockReference
  2
*U17
 10
201.839813
 20
248.71438
 30
0.0
  0
INSERT
  5
304
330
70
100
AcDbEntity
  8
Smart Centers
 48
0.75
100
AcDbBlockReference
  2
*U18
 10
171.802136
 20
249.93914
 30
0.0
  0
DIMENSION
  5
30E
330
70
100
AcDbEntity
  8
FD_Dimensions
100
AcDbDimension
280
     0
  2
*D30
 10
128.66288
 20
214.123079
 30
0.0
 11
147.449352
 21
194.297162
 31
0.0
 70
   163
 71
     5
 42
12.0
 73
     0
 74
     0
 75
     0
  3
Dim-ISO-25
100
AcDbDiametricDimension
 15
136.916748
 25
205.412529
 35
0.0
 40
0.0
1001
ACAD_DIMASSOC_CALC_DIMLFAC
1040
-1.0
1001
ACAD_DIMASSOC_DIMLFAC
1040
-1.0
1001
ACAD_DIMASSOC_OVERRIDDEN_DIMLFAC
1040
0.0
1001
ACAD_TC
1000
DSTYLE_TC
1002
{
1070
   176
1004
18000000020000008C8C8CC2000000000000000000000000
1070
   177
1004
18000000020000008C8C8CC2000000000000000000000000
1002
}
1001
ACAD_DSTYLE_DIMJAG_POSITION
1070
   387
1070
     0
1070
   389
1010
0.0
1020
0.0
1030
0.0
1001
ACAD_DSTYLE_DIMRADIAL_EXTENSION
1070
   387
1070
     1
1070
   388
1040
0.0
1070
   390
1040
0.0
1001
ACAD
1000
DSTYLE
1002
{
1070
   144
1040
1.0
1070
   176
1070
     0
1070
   177
1070
     0
1002
}
  0
DIMENSION
  5
31B
330
70
100
AcDbEntity
  8
FD_Dimensions
100
AcDbDimension
280
     0
  2
*D31
 10
158.037745
 20
213.089627
 30
0.0
 11
168.441186
 21
196.392842
 31
0.0
 70
   163
 71
     5
 42
5.0
 73
     0
 74
     0
 75
     0
  3
Dim-ISO-25
100
AcDbDiametricDimension
 15
160.68188
 25
208.845979
 35
0.0
 40
0.0
1001
ACAD_DIMASSOC_CALC_DIMLFAC
1040
-1.0
1001
ACAD_DIMASSOC_DIMLFAC
1040
-1.0
1001
ACAD_DIMASSOC_OVERRIDDEN_DIMLFAC
1040
0.0
1001
ACAD_TC
1000
DSTYLE_TC
1002
{
1070
   176
1004
18000000020000008C8C8CC2000000000000000000000000
1070
   177
1004
18000000020000008C8C8CC2000000000000000000000000
1002
}
1001
ACAD_DSTYLE_DIMJAG_POSITION
1070
   387
1070
     0
1070
   389
1010
0.0
1020
0.0
1030
0.0
1001
ACAD_DSTYLE_DIMRADIAL_EXTENSION
1070
   387
1070
     1
1070
   388
1040
0.0
1070
   390
1040
0.0
1001
ACAD
1000
DSTYLE
1002
{
1070
   144
1040
1.0
1070
   176
1070
     0
1070
   177
1070
     0
1002
}
  0
DIMENSION
  5
327
330
70
100
AcDbEntity
  8
FD_Dimensions
100
AcDbDimension
280
     0
  2
*D32
 10
216.106906
 20
203.478276
 30
0.0
 11
197.165392
 21
211.199382
 31
0.0
 70
   163
 71
     5
 42
9.0
 73
     0
 74
     0
 75
     0
  3
Dim-ISO-25
100
AcDbDiametricDimension
 15
207.772719
 25
206.87553
 35
0.0
 40
0.0
1001
ACAD_DIMASSOC_CALC_DIMLFAC
1040
-1.0
1001
ACAD_DIMASSOC_DIMLFAC
1040
-1.0
1001
ACAD_DIMASSOC_OVERRIDDEN_DIMLFAC
1040
0.0
1001
ACAD_TC
1000
DSTYLE_TC
1002
{
1070
   176
1004
18000000020000008C8C8CC2000000000000000000000000
1070
   177
1004
18000000020000008C8C8CC2000000000000000000000000
1002
}
1001
ACAD_DSTYLE_DIMJAG_POSITION
1070
   387
1070
     0
1070
   389
1010
0.0
1020
0.0
1030
0.0
1001
ACAD_DSTYLE_DIMRADIAL_EXTENSION
1070
   387
1070
     1
1070
   388
1040
0.0
1070
   390
1040
0.0
1001
ACAD
1000
DSTYLE
1002
{
1070
   144
1040
1.0
1070
   176
1070
     0
1070
   177
1070
     0
1002
}
  0
DIMENSION
  5
333
330
70
100
AcDbEntity
  8
FD_Dimensions
100
AcDbDimension
280
     0
  2
*D33
 10
124.304437
 20
153.975249
 30
0.0
 11
138.670754
 21
166.010395
 31
0.0
 70
    35
 71
     5
 42
7.0
 73
     0
 74
     0
 75
     0
  3
Dim-ISO-25
100
AcDbDiametricDimension
 15
130.375189
 25
157.460356
 35
0.0
 40
0.0
1001
ACAD_DIMASSOC_CALC_DIMLFAC
1040
-1.0
1001
ACAD_DIMASSOC_DIMLFAC
1040
-1.0
1001
ACAD_DIMASSOC_OVERRIDDEN_DIMLFAC
1040
0.0
1001
ACAD_TC
1000
DSTYLE_TC
1002
{
1070
   176
1004
18000000020000008C8C8CC2000000000000000000000000
1070
   177
1004
18000000020000008C8C8CC2000000000000000000000000
1002
}
1001
ACAD_DSTYLE_DIMJAG_POSITION
1070
   387
1070
     0
1070
   389
1010
0.0
1020
0.0
1030
0.0
1001
ACAD_DSTYLE_DIMRADIAL_EXTENSION
1070
   387
1070
     1
1070
   388
1040
0.0
1070
   390
1040
0.0
1001
ACAD
1000
DSTYLE
1002
{
1070
   144
1040
1.0
1070
   176
1070
     0
1070
   177
1070
     0
1002
}
  0
DIMENSION
  5
33F
330
70
100
AcDbEntity
  8
FD_Dimensions
100
AcDbDimension
280
     0
  2
*D34
 10
154.234198
 20
153.603103
 30
0.0
 11
168.936686
 21
164.751293
 31
0.0
 70
   163
 71
     5
 42
7.0
 73
     0
 74
     0
 75
     0
  3
Dim-ISO-25
100
AcDbDiametricDimension
 15
159.812027
 25
157.832503
 35
0.0
 40
0.0
1001
ACAD_DIMASSOC_CALC_DIMLFAC
1040
-1.0
1001
ACAD_DIMASSOC_DIMLFAC
1040
-1.0
1001
ACAD_DIMASSOC_OVERRIDDEN_DIMLFAC
1040
0.0
1001
ACAD_TC
1000
DSTYLE_TC
1002
{
1070
   176
1004
18000000020000008C8C8CC2000000000000000000000000
1070
   177
1004
18000000020000008C8C8CC2000000000000000000000000
1002
}
1001
ACAD_DSTYLE_DIMJAG_POSITION
1070
   387
1070
     0
1070
   389
1010
0.0
1020
0.0
1030
0.0
1001
ACAD_DSTYLE_DIMRADIAL_EXTENSION
1070
   387
1070
     1
1070
   388
1040
0.0
1070
   390
1040
0.0
1001
ACAD
1000
DSTYLE
1002
{
1070
   144
1040
1.0
1070
   176
1070
     0
1070
   177
1070
     0
1002
}
  0
DIMENSION
  5
34B
330
70
100
AcDbEntity
  8
FD_Dimensions
100
AcDbDimension
280
     0
  2
*D35
 10
183.965734
 20
153.229565
 30
0.0
 11
198.150873
 21
165.029019
 31
0.0
 70
   163
 71
     5
 42
7.0
 73
     0
 74
     0
 75
     0
  3
Dim-ISO-25
100
AcDbDiametricDimension
 15
189.347291
 25
157.706041
 35
0.0
 40
0.0
1001
ACAD_DIMASSOC_CALC_DIMLFAC
1040
-1.0
1001
ACAD_DIMASSOC_DIMLFAC
1040
-1.0
1001
ACAD_DIMASSOC_OVERRIDDEN_DIMLFAC
1040
0.0
1001
ACAD_TC
1000
DSTYLE_TC
1002
{
1070
   176
1004
18000000020000008C8C8CC2000000000000000000000000
1070
   177
1004
18000000020000008C8C8CC2000000000000000000000000
1002
}
1001
ACAD_DSTYLE_DIMJAG_POSITION
1070
   387
1070
     0
1070
   389
1010
0.0
1020
0.0
1030
0.0
1001
ACAD_DSTYLE_DIMRADIAL_EXTENSION
1070
   387
1070
     1
1070
   388
1040
0.0
1070
   390
1040
0.0
1001
ACAD
1000
DSTYLE
1002
{
1070
   144
1040
1.0
1070
   176
1070
     0
1070
   177
1070
     0
1002
}
  0
DIMENSION
  5
357
330
70
100
AcDbEntity
  8
FD_Dimensions
100
AcDbDimension
280
     0
  2
*D36
 10
219.154401
 20
158.678806
 30
0.0
 11
204.05298
 21
148.07728
 31
0.0
 70
   163
 71
     5
 42
7.0
 73
     0
 74
     0
 75
     0
  3
Dim-ISO-25
100
AcDbDiametricDimension
 15
213.425224
 25
154.6568
 35
0.0
 40
0.0
1001
ACAD_DIMASSOC_CALC_DIMLFAC
1040
-1.0
1001
ACAD_DIMASSOC_DIMLFAC
1040
-1.0
1001
ACAD_DIMASSOC_OVERRIDDEN_DIMLFAC
1040
0.0
1001
ACAD_TC
1000
DSTYLE_TC
1002
{
1070
   176
1004
18000000020000008C8C8CC2000000000000000000000000
1070
   177
1004
18000000020000008C8C8CC2000000000000000000000000
1002
}
1001
ACAD_DSTYLE_DIMJAG_POSITION
1070
   387
1070
     0
1070
   389
1010
0.0
1020
0.0
1030
0.0
1001
ACAD_DSTYLE_DIMRADIAL_EXTENSION
1070
   387
1070
     1
1070
   388
1040
0.0
1070
   390
1040
0.0
1001
ACAD
1000
DSTYLE
1002
{
1070
   144
1040
1.0
1070
   176
1070
     0
1070
   177
1070
     0
1002
}
  0
DIMENSION
  5
363
330
70
100
AcDbEntity
  8
FD_Dimensions
100
AcDbDimension
280
     0
  2
*D37
 10
219.788851
 20
179.885781
 30
0.0
 11
201.41974
 21
183.602171
 31
0.0
 70
    35
 71
     5
 42
7.0
 73
     0
 74
     0
 75
     0
  3
Dim-ISO-25
100
AcDbDiametricDimension
 15
212.790774
 25
180.049825
 35
0.0
 40
0.0
1001
ACAD_DIMASSOC_CALC_DIMLFAC
1040
-1.0
1001
ACAD_DIMASSOC_DIMLFAC
1040
-1.0
1001
ACAD_DIMASSOC_OVERRIDDEN_DIMLFAC
1040
0.0
1001
ACAD_TC
1000
DSTYLE_TC
1002
{
1070
   176
1004
18000000020000008C8C8CC2000000000000000000000000
1070
   177
1004
18000000020000008C8C8CC2000000000000000000000000
1002
}
1001
ACAD_DSTYLE_DIMJAG_POSITION
1070
   387
1070
     0
1070
   389
1010
0.0
1020
0.0
1030
0.0
1001
ACAD_DSTYLE_DIMRADIAL_EXTENSION
1070
   387
1070
     1
1070
   388
1040
0.0
1070
   390
1040
0.0
1001
ACAD
1000
DSTYLE
1002
{
1070
   144
1040
1.0
1070
   176
1070
     0
1070
   177
1070
     0
1002
}
  0
DIMENSION
  5
36F
330
70
100
AcDbEntity
  8
FD_Dimensions
100
AcDbDimension
280
     0
  2
*D38
 10
145.740925
 20
250.957441
 30
0.0
 11
128.008427
 21
240.761612
 31
0.0
 70
   163
 71
     5
 42
9.0
 73
     0
 74
     0
 75
     0
  3
Dim-ISO-25
100
AcDbDiametricDimension
 15
137.9387
 25
246.471319
 35
0.0
 40
0.0
1001
ACAD_DIMASSOC_CALC_DIMLFAC
1040
-1.0
1001
ACAD_DIMASSOC_DIMLFAC
1040
-1.0
1001
ACAD_DIMASSOC_OVERRIDDEN_DIMLFAC
1040
0.0
1001
ACAD_TC
1000
DSTYLE_TC
1002
{
1070
   176
1004
18000000020000008C8C8CC2000000000000000000000000
1070
   177
1004
18000000020000008C8C8CC2000000000000000000000000
1002
}
1001
ACAD_DSTYLE_DIMJAG_POSITION
1070
   387
1070
     0
1070
   389
1010
0.0
1020
0.0
1030
0.0
1001
ACAD_DSTYLE_DIMRADIAL_EXTENSION
1070
   387
1070
     1
1070
   388
1040
0.0
1070
   390
1040
0.0
1001
ACAD
1000
DSTYLE
1002
{
1070
   144
1040
1.0
1070
   176
1070
     0
1070
   177
1070
     0
1002
}
  0
DIMENSION
  5
37B
330
70
100
AcDbEntity
  8
FD_Dimensions
100
AcDbDimension
280
     0
  2
*D39
 10
177.122126
 20
252.713615
 30
0.0
 11
155.139127
 21
241.249064
 31
0.0
 70
   163
 71
     5
 42
12.0
 73
     0
 74
     0
 75
     0
  3
Dim-ISO-25
100
AcDbDiametricDimension
 15
166.482147
 25
247.164664
 35
0.0
 40
0.0
1001
ACAD_DIMASSOC_CALC_DIMLFAC
1040
-1.0
1001
ACAD_DIMASSOC_DIMLFAC
1040
-1.0
1001
ACAD_DIMASSOC_OVERRIDDEN_DIMLFAC
1040
0.0
1001
ACAD_TC
1000
DSTYLE_TC
1002
{
1070
   176
1004
18000000020000008C8C8CC2000000000000000000000000
1070
   177
1004
18000000020000008C8C8CC2000000000000000000000000
1002
}
1001
ACAD_DSTYLE_DIMJAG_POSITION
1070
   387
1070
     0
1070
   389
1010
0.0
1020
0.0
1030
0.0
1001
ACAD_DSTYLE_DIMRADIAL_EXTENSION
1070
   387
1070
     1
1070
   388
1040
0.0
1070
   390
1040
0.0
1001
ACAD
1000
DSTYLE
1002
{
1070
   144
1040
1.0
1070
   176
1070
     0
1070
   177
1070
     0
1002
}
  0
DIMENSION
  5
387
330
70
100
AcDbEntity
  8
FD_Dimensions
100
AcDbDimension
280
     0
  2
*D40
 10
205.762276
 20
250.919892
 30
0.0
 11
187.932727
 21
240.894743
 31
0.0
 70
   163
 71
     5
 42
9.0
 73
     0
 74
     0
 75
     0
  3
Dim-ISO-25
100
AcDbDiametricDimension
 15
197.917349
 25
246.508869
 35
0.0
 40
0.0
1001
ACAD_DIMASSOC_CALC_DIMLFAC
1040
-1.0
1001
ACAD_DIMASSOC_DIMLFAC
1040
-1.0
1001
ACAD_DIMASSOC_OVERRIDDEN_DIMLFAC
1040
0.0
1001
ACAD_TC
1000
DSTYLE_TC
1002
{
1070
   176
1004
18000000020000008C8C8CC2000000000000000000000000
1070
   177
1004
18000000020000008C8C8CC2000000000000000000000000
1002
}
1001
ACAD_DSTYLE_DIMJAG_POSITION
1070
   387
1070
     0
1070
   389
1010
0.0
1020
0.0
1030
0.0
1001
ACAD_DSTYLE_DIMRADIAL_EXTENSION
1070
   387
1070
     1
1070
   388
1040
0.0
1070
   390
1040
0.0
1001
ACAD
1000
DSTYLE
1002
{
1070
   144
1040
1.0
1070
   176
1070
     0
1070
   177
1070
     0
1002
}
  0
CIRCLE
  5
516
330
70
100
AcDbEntity
  8
Visible
100
AcDbCircle
 10
-159.359813
 20
210.967803
 30
0.0
 40
2.500000000000006
210
0.0
220
0.0
230
-1.0
  0
CIRCLE
  5
517
330
70
100
AcDbEntity
  8
Visible
100
AcDbCircle
 10
-132.789814
 20
209.767804
 30
0.0
 40
6.000000000000015
210
0.0
220
0.0
230
-1.0
  0
CIRCLE
  5
518
330
70
100
AcDbEntity
  8
Visible
100
AcDbCircle
 10
-211.939813
 20
205.176903
 30
0.0
 40
4.500000000000011
210
0.0
220
0.0
230
-1.0
  0
CIRCLE
  5
519
330
70
100
AcDbEntity
  8
Visible
100
AcDbCircle
 10
-127.339813
 20
155.717803
 30
0.0
 40
3.500000000000008
210
0.0
220
0.0
230
-1.0
  0
CIRCLE
  5
51A
330
70
100
AcDbEntity
  8
Visible
100
AcDbCircle
 10
-186.656513
 20
155.467803
 30
0.0
 40
3.500000000000008
210
0.0
220
0.0
230
-1.0
  0
CIRCLE
  5
51B
330
70
100
AcDbEntity
  8
Visible
100
AcDbCircle
 10
-216.289813
 20
156.667803
 30
0.0
 40
3.500000000000008
210
0.0
220
0.0
230
-1.0
  0
CIRCLE
  5
51C
330
70
100
AcDbEntity
  8
Visible
100
AcDbCircle
 10
-157.023113
 20
155.717803
 30
0.0
 40
3.500000000000008
210
0.0
220
0.0
230
-1.0
  0
CIRCLE
  5
51D
330
70
100
AcDbEntity
  8
Visible
100
AcDbCircle
 10
-216.289813
 20
179.967803
 30
0.0
 40
3.500000000000008
210
0.0
220
0.0
230
-1.0
  0
CIRCLE
  5
51E
330
70
100
AcDbEntity
  8
Hidden
100
AcDbCircle
 10
118.339813
 20
221.197803
 30
0.0
 40
1.750000000000006
  0
CIRCLE
  5
51F
330
70
100
AcDbEntity
  8
Hidden
100
AcDbCircle
 10
225.339813
 20
139.697803
 30
0.0
 40
1.750000000000019
  0
CIRCLE
  5
520
330
70
100
AcDbEntity
  8
Hidden
100
AcDbCircle
 10
225.339813
 20
221.197803
 30
0.0
 40
1.749999999999982
  0
CIRCLE
  5
521
330
70
100
AcDbEntity
  8
Hidden
100
AcDbCircle
 10
118.339813
 20
139.697803
 30
0.0
 40
1.750000000000003
  0
CIRCLE
  5
522
330
70
100
AcDbEntity
  8
Hidden
100
AcDbCircle
 10
-118.339813
 20
139.697803
 30
0.0
 40
1.250000000000004
210
0.0
220
0.0
230
-1.0
  0
CIRCLE
  5
523
330
70
100
AcDbEntity
  8
Hidden
100
AcDbCircle
 10
-225.339813
 20
139.697803
 30
0.0
 40
1.250000000000004
210
0.0
220
0.0
230
-1.0
  0
CIRCLE
  5
524
330
70
100
AcDbEntity
  8
Hidden
100
AcDbCircle
 10
-225.339813
 20
221.197803
 30
0.0
 40
1.250000000000004
210
0.0
220
0.0
230
-1.0
  0
CIRCLE
  5
525
330
70
100
AcDbEntity
  8
Hidden
100
AcDbCircle
 10
-118.339813
 20
221.197803
 30
0.0
 40
1.250000000000004
210
0.0
220
0.0
230
-1.0
  0
LINE
  5
526
330
70
100
AcDbEntity
  8
Hidden
100
AcDbLine
 10
116.089813
 20
142.947803
 30
0.0
 11
117.589813
 21
142.947803
 31
0.0
  0
LINE
  5
527
330
70
100
AcDbEntity
  8
Hidden
100
AcDbLine
 10
117.589813
 20
142.947803
 30
0.0
 11
118.589813
 21
142.947803
 31
0.0
  0
LINE
  5
528
330
70
100
AcDbEntity
  8
Hidden
100
AcDbLine
 10
117.589813
 20
217.947803
 30
0.0
 11
116.089813
 21
217.947803
 31
0.0
  0
LINE
  5
529
330
70
100
AcDbEntity
  8
Hidden
100
AcDbLine
 10
118.589813
 20
217.947803
 30
0.0
 11
117.589813
 21
217.947803
 31
0.0
  0
LINE
  5
52A
330
70
100
AcDbEntity
  8
Hidden
100
AcDbLine
 10
222.089813
 20
137.447803
 30
0.0
 11
222.089813
 21
138.947803
 31
0.0
  0
LINE
  5
52B
330
70
100
AcDbEntity
  8
Hidden
100
AcDbLine
 10
222.089813
 20
138.947803
 30
0.0
 11
222.089813
 21
139.947803
 31
0.0
  0
LINE
  5
52C
330
70
100
AcDbEntity
  8
Hidden
100
AcDbLine
 10
121.589813
 20
138.947803
 30
0.0
 11
121.589813
 21
137.447803
 31
0.0
  0
LINE
  5
52D
330
70
100
AcDbEntity
  8
Hidden
100
AcDbLine
 10
121.589813
 20
139.947803
 30
0.0
 11
121.589813
 21
138.947803
 31
0.0
  0
LINE
  5
52E
330
70
100
AcDbEntity
  8
Hidden
100
AcDbLine
 10
227.589813
 20
217.947803
 30
0.0
 11
226.089813
 21
217.947803
 31
0.0
  0
LINE
  5
52F
330
70
100
AcDbEntity
  8
Hidden
100
AcDbLine
 10
226.089813
 20
217.947803
 30
0.0
 11
225.089813
 21
217.947803
 31
0.0
  0
LINE
  5
530
330
70
100
AcDbEntity
  8
Hidden
100
AcDbLine
 10
226.089813
 20
142.947803
 30
0.0
 11
227.589813
 21
142.947803
 31
0.0
  0
LINE
  5
531
330
70
100
AcDbEntity
  8
Hidden
100
AcDbLine
 10
225.089813
 20
142.947803
 30
0.0
 11
226.089813
 21
142.947803
 31
0.0
  0
LINE
  5
532
330
70
100
AcDbEntity
  8
Hidden
100
AcDbLine
 10
121.589813
 20
223.447803
 30
0.0
 11
121.589813
 21
221.947803
 31
0.0
  0
LINE
  5
533
330
70
100
AcDbEntity
  8
Hidden
100
AcDbLine
 10
121.589813
 20
221.947803
 30
0.0
 11
121.589813
 21
220.947803
 31
0.0
  0
LINE
  5
534
330
70
100
AcDbEntity
  8
Hidden
100
AcDbLine
 10
222.089813
 20
221.947803
 30
0.0
 11
222.089813
 21
223.447803
 31
0.0
  0
LINE
  5
535
330
70
100
AcDbEntity
  8
Hidden
100
AcDbLine
 10
222.089813
 20
220.947803
 30
0.0
 11
222.089813
 21
221.947803
 31
0.0
  0
LINE
  5
536
330
70
100
AcDbEntity
  8
Hidden
100
AcDbLine
 10
221.089813
 20
224.447803
 30
0.0
 11
122.589813
 21
224.447803
 31
0.0
  0
LINE
  5
537
330
70
100
AcDbEntity
  8
Hidden
100
AcDbLine
 10
118.089813
 20
224.447803
 30
0.0
 11
122.589813
 21
224.447803
 31
0.0
  0
LINE
  5
538
330
70
100
AcDbEntity
  8
Hidden
100
AcDbLine
 10
221.089813
 20
224.447803
 30
0.0
 11
225.589813
 21
224.447803
 31
0.0
  0
LINE
  5
539
330
70
100
AcDbEntity
  8
Hidden
100
AcDbLine
 10
228.589813
 20
143.947803
 30
0.0
 11
228.589813
 21
216.947803
 31
0.0
  0
LINE
  5
53A
330
70
100
AcDbEntity
  8
Hidden
100
AcDbLine
 10
228.589813
 20
221.447803
 30
0.0
 11
228.589813
 21
216.947803
 31
0.0
  0
LINE
  5
53B
330
70
100
AcDbEntity
  8
Hidden
100
AcDbLine
 10
228.589813
 20
143.947803
 30
0.0
 11
228.589813
 21
139.447803
 31
0.0
  0
LINE
  5
53C
330
70
100
AcDbEntity
  8
Hidden
100
AcDbLine
 10
115.089813
 20
216.947803
 30
0.0
 11
115.089813
 21
143.947803
 31
0.0
  0
LINE
  5
53D
330
70
100
AcDbEntity
  8
Hidden
100
AcDbLine
 10
115.089813
 20
139.447803
 30
0.0
 11
115.089813
 21
143.947803
 31
0.0
  0
LINE
  5
53E
330
70
100
AcDbEntity
  8
Hidden
100
AcDbLine
 10
115.089813
 20
216.947803
 30
0.0
 11
115.089813
 21
221.447803
 31
0.0
  0
LINE
  5
53F
330
70
100
AcDbEntity
  8
Hidden
100
AcDbLine
 10
122.589813
 20
136.447803
 30
0.0
 11
221.089813
 21
136.447803
 31
0.0
  0
LINE
  5
540
330
70
100
AcDbEntity
  8
Hidden
100
AcDbLine
 10
225.589813
 20
136.447803
 30
0.0
 11
221.089813
 21
136.447803
 31
0.0
  0
LINE
  5
541
330
70
100
AcDbEntity
  8
Hidden
100
AcDbLine
 10
122.589813
 20
136.447803
 30
0.0
 11
118.089813
 21
136.447803
 31
0.0
  0
LINE
  5
542
330
70
100
AcDbEntity
  8
Visible
100
AcDbLine
 10
228.089813
 20
133.947803
 30
0.0
 11
115.589813
 21
133.947803
 31
0.0
  0
LINE
  5
543
330
70
100
AcDbEntity
  8
Visible
100
AcDbLine
 10
112.589813
 20
136.947803
 30
0.0
 11
112.589813
 21
223.947803
 31
0.0
  0
LINE
  5
544
330
70
100
AcDbEntity
  8
Visible
100
AcDbLine
 10
115.589813
 20
226.947803
 30
0.0
 11
228.089813
 21
226.947803
 31
0.0
  0
LINE
  5
545
330
70
100
AcDbEntity
  8
Visible
100
AcDbLine
 10
231.089813
 20
223.947803
 30
0.0
 11
231.089813
 21
136.947803
 31
0.0
  0
ARC
  5
546
330
70
100
AcDbEntity
  8
Hidden
100
AcDbCircle
 10
-225.589813
 20
139.447803
 30
0.0
 40
3.00000000000001
210
0.0
220
0.0
230
-1.0
100
AcDbArc
 50
180.0
 51
270.0
  0
ARC
  5
547
330
70
100
AcDbEntity
  8
Hidden
100
AcDbCircle
 10
-118.089813
 20
139.447803
 30
0.0
 40
3.000000000000005
210
0.0
220
0.0
230
-1.0
100
AcDbArc
 50
270.0
 51
0.0
  0
ARC
  5
548
330
70
100
AcDbEntity
  8
Hidden
100
AcDbCircle
 10
-118.089813
 20
221.447803
 30
0.0
 40
3.00000000000001
210
0.0
220
0.0
230
-1.0
100
AcDbArc
 50
0.0
 51
90.0
  0
ARC
  5
549
330
70
100
AcDbEntity
  8
Hidden
100
AcDbCircle
 10
-225.589813
 20
221.447803
 30
0.0
 40
3.000000000000005
210
0.0
220
0.0
230
-1.0
100
AcDbArc
 50
90.0
 51
180.0
  0
ARC
  5
54A
330
70
100
AcDbEntity
  8
Visible
100
AcDbCircle
 10
115.589813
 20
136.947803
 30
0.0
 40
3.00000000000001
100
AcDbArc
 50
180.0
 51
270.0
  0
ARC
  5
54B
330
70
100
AcDbEntity
  8
Visible
100
AcDbCircle
 10
228.089813
 20
136.947803
 30
0.0
 40
3.000000000000005
100
AcDbArc
 50
270.0
 51
0.0
  0
ARC
  5
54C
330
70
100
AcDbEntity
  8
Visible
100
AcDbCircle
 10
115.589813
 20
223.947803
 30
0.0
 40
3.000000000000005
100
AcDbArc
 50
90.0
 51
180.0
  0
ARC
  5
54D
330
70
100
AcDbEntity
  8
Visible
100
AcDbCircle
 10
-228.089813
 20
223.947803
 30
0.0
 40
3.000000000000005
210
0.0
220
0.0
230
-1.0
100
AcDbArc
 50
90.0
 51
180.0
  0
ARC
  5
54E
330
70
100
AcDbEntity
  8
Hidden
100
AcDbCircle
 10
-225.089813
 20
220.947803
 30
0.0
 40
3.000000000000005
210
0.0
220
0.0
230
-1.0
100
AcDbArc
 50
270.0
 51
0.0
  0
ARC
  5
54F
330
70
100
AcDbEntity
  8
Hidden
100
AcDbCircle
 10
-118.589813
 20
139.947803
 30
0.0
 40
3.000000000000005
210
0.0
220
0.0
230
-1.0
100
AcDbArc
 50
90.0
 51
180.0
  0
ARC
  5
550
330
70
100
AcDbEntity
  8
Hidden
100
AcDbCircle
 10
-225.089813
 20
139.947803
 30
0.0
 40
3.00000000000001
210
0.0
220
0.0
230
-1.0
100
AcDbArc
 50
0.0
 51
90.0
  0
ARC
  5
551
330
70
100
AcDbEntity
  8
Hidden
100
AcDbCircle
 10
-118.589813
 20
220.947803
 30
0.0
 40
3.00000000000001
210
0.0
220
0.0
230
-1.0
100
AcDbArc
 50
180.0
 51
270.0
  0
ARC
  5
552
330
70
100
AcDbEntity
  8
Hidden
100
AcDbCircle
 10
227.589813
 20
216.947803
 30
0.0
 40
1.000000000000003
100
AcDbArc
 50
0.0
 51
90.0
  0
ARC
  5
553
330
70
100
AcDbEntity
  8
Hidden
100
AcDbCircle
 10
221.089813
 20
223.447803
 30
0.0
 40
1.000000000000003
100
AcDbArc
 50
0.0
 51
90.0
  0
ARC
  5
554
330
70
100
AcDbEntity
  8
Hidden
100
AcDbCircle
 10
221.089813
 20
137.447803
 30
0.0
 40
1.000000000000001
100
AcDbArc
 50
270.0
 51
0.0
  0
ARC
  5
555
330
70
100
AcDbEntity
  8
Hidden
100
AcDbCircle
 10
227.589813
 20
143.947803
 30
0.0
 40
1.000000000000001
100
AcDbArc
 50
270.0
 51
0.0
  0
ARC
  5
556
330
70
100
AcDbEntity
  8
Hidden
100
AcDbCircle
 10
116.089813
 20
216.947803
 30
0.0
 40
1.000000000000001
100
AcDbArc
 50
90.0
 51
180.0
  0
ARC
  5
557
330
70
100
AcDbEntity
  8
Hidden
100
AcDbCircle
 10
122.589813
 20
223.447803
 30
0.0
 40
1.000000000000001
100
AcDbArc
 50
90.0
 51
180.0
  0
ARC
  5
558
330
70
100
AcDbEntity
  8
Hidden
100
AcDbCircle
 10
116.089813
 20
143.947803
 30
0.0
 40
1.000000000000003
100
AcDbArc
 50
180.0
 51
270.0
  0
ARC
  5
559
330
70
100
AcDbEntity
  8
Hidden
100
AcDbCircle
 10
122.589813
 20
137.447803
 30
0.0
 40
1.000000000000003
100
AcDbArc
 50
180.0
 51
270.0
  0
LINE
  5
55A
330
70
100
AcDbEntity
  8
Hidden
100
AcDbLine
 10
165.802136
 20
133.947803
 30
0.0
 11
165.802136
 21
136.447803
 31
0.0
  0
LINE
  5
55B
330
70
100
AcDbEntity
  8
Hidden
100
AcDbLine
 10
177.802136
 20
133.947803
 30
0.0
 11
177.802136
 21
136.447803
 31
0.0
  0
LINE
  5
55C
330
70
100
AcDbEntity
  8
Hidden
100
AcDbLine
 10
137.339813
 20
133.947803
 30
0.0
 11
137.339813
 21
136.447803
 31
0.0
  0
LINE
  5
55D
330
70
100
AcDbEntity
  8
Hidden
100
AcDbLine
 10
146.339813
 20
133.947803
 30
0.0
 11
146.339813
 21
136.447803
 31
0.0
  0
LINE
  5
55E
330
70
100
AcDbEntity
  8
Hidden
100
AcDbLine
 10
197.339813
 20
133.947803
 30
0.0
 11
197.339813
 21
136.447803
 31
0.0
  0
LINE
  5
55F
330
70
100
AcDbEntity
  8
Hidden
100
AcDbLine
 10
206.339813
 20
133.947803
 30
0.0
 11
206.339813
 21
136.447803
 31
0.0
  0
CIRCLE
  5
560
330
70
100
AcDbEntity
  8
Hidden
100
AcDbCircle
 10
-171.802136
 20
107.114475
 30
0.0
 40
6.000000000000006
210
0.0
220
0.0
230
-1.0
  0
CIRCLE
  5
561
330
70
100
AcDbEntity
  8
Hidden
100
AcDbCircle
 10
-141.839813
 20
108.339234
 30
0.0
 40
4.500000000000004
210
0.0
220
0.0
230
-1.0
  0
CIRCLE
  5
562
330
70
100
AcDbEntity
  8
Hidden
100
AcDbCircle
 10
-201.839813
 20
108.339234
 30
0.0
 40
4.500000000000004
210
0.0
220
0.0
230
-1.0
  0
LINE
  5
563
330
70
100
AcDbEntity
  8
Hidden
100
AcDbLine
 10
119.589813
 20
117.839234
 30
0.0
 11
117.089813
 21
117.839234
 31
0.0
210
-0.0000000000000001
220
-1.0
230
0.0000000000002967
  0
LINE
  5
564
330
70
100
AcDbEntity
  8
Hidden
100
AcDbLine
 10
226.589813
 20
117.839234
 30
0.0
 11
224.089813
 21
117.839234
 31
0.0
210
-0.0000000000000001
220
-1.0
230
0.0000000000002967
  0
LINE
  5
565
330
70
100
AcDbEntity
  8
Hidden
100
AcDbLine
 10
226.589813
 20
107.939234
 30
0.0
 11
224.089813
 21
107.939234
 31
0.0
210
-0.0000000000000001
220
-1.0
230
0.0000000000002967
  0
LINE
  5
566
330
70
100
AcDbEntity
  8
Hidden
100
AcDbLine
 10
119.589813
 20
107.939234
 30
0.0
 11
117.089813
 21
107.939234
 31
0.0
210
-0.0000000000000001
220
-1.0
230
0.0000000000002967
  0
LINE
  5
567
330
70
100
AcDbEntity
  8
Hidden
100
AcDbLine
 10
121.589813
 20
96.339234
 30
0.0
 11
121.589813
 21
94.839234
 31
0.0
210
-0.0000000000000001
220
-1.0
230
0.0000000000002967
  0
LINE
  5
568
330
70
100
AcDbEntity
  8
Hidden
100
AcDbLine
 10
121.589813
 20
118.339234
 30
0.0
 11
121.589813
 21
96.339234
 31
0.0
210
-0.0000000000000001
220
-1.0
230
0.0000000000002967
  0
LINE
  5
569
330
70
100
AcDbEntity
  8
Hidden
100
AcDbLine
 10
222.089813
 20
94.839234
 30
0.0
 11
222.089813
 21
96.339234
 31
0.0
210
-0.0000000000000001
220
-1.0
230
0.0000000000002967
  0
LINE
  5
56A
330
70
100
AcDbEntity
  8
Hidden
100
AcDbLine
 10
222.089813
 20
96.339234
 30
0.0
 11
222.089813
 21
118.339234
 31
0.0
210
-0.0000000000000001
220
-1.0
230
0.0000000000002967
  0
LINE
  5
56B
330
70
100
AcDbEntity
  8
Hidden
100
AcDbLine
 10
117.589813
 20
93.839234
 30
0.0
 11
118.589813
 21
93.839234
 31
0.0
210
-0.0000000000000001
220
-1.0
230
0.0000000000002967
  0
LINE
  5
56C
330
70
100
AcDbEntity
  8
Hidden
100
AcDbLine
 10
118.589813
 20
93.839234
 30
0.0
 11
122.589813
 21
93.839234
 31
0.0
210
-0.0000000000000001
220
-1.0
230
0.0000000000002967
  0
LINE
  5
56D
330
70
100
AcDbEntity
  8
Hidden
100
AcDbLine
 10
122.589813
 20
93.839234
 30
0.0
 11
221.089813
 21
93.839234
 31
0.0
210
-0.0000000000000001
220
-1.0
230
0.0000000000002967
  0
LINE
  5
56E
330
70
100
AcDbEntity
  8
Hidden
100
AcDbLine
 10
221.089813
 20
93.839234
 30
0.0
 11
225.089813
 21
93.839234
 31
0.0
210
-0.0000000000000001
220
-1.0
230
0.0000000000002967
  0
LINE
  5
56F
330
70
100
AcDbEntity
  8
Hidden
100
AcDbLine
 10
225.089813
 20
93.839234
 30
0.0
 11
226.089813
 21
93.839234
 31
0.0
210
-0.0000000000000001
220
-1.0
230
0.0000000000002967
  0
LINE
  5
570
330
70
100
AcDbEntity
  8
Hidden
100
AcDbLine
 10
118.089813
 20
118.339234
 30
0.0
 11
122.589813
 21
118.339234
 31
0.0
210
-0.0000000000000001
220
-1.0
230
0.0000000000002967
  0
LINE
  5
571
330
70
100
AcDbEntity
  8
Hidden
100
AcDbLine
 10
221.089813
 20
118.339234
 30
0.0
 11
225.589813
 21
118.339234
 31
0.0
210
-0.0000000000000001
220
-1.0
230
0.0000000000002967
  0
LINE
  5
572
330
70
100
AcDbEntity
  8
Hidden
100
AcDbLine
 10
228.589813
 20
96.339234
 30
0.0
 11
228.589813
 21
118.339234
 31
0.0
210
-0.0000000000000001
220
-1.0
230
0.0000000000002967
  0
LINE
  5
573
330
70
100
AcDbEntity
  8
Hidden
100
AcDbLine
 10
228.589813
 20
118.339234
 30
0.0
 11
228.589813
 21
120.839234
 31
0.0
210
-0.0000000000000001
220
-1.0
230
0.0000000000002967
  0
LINE
  5
574
330
70
100
AcDbEntity
  8
Hidden
100
AcDbLine
 10
115.089813
 20
118.339234
 30
0.0
 11
115.089813
 21
96.339234
 31
0.0
210
-0.0000000000000001
220
-1.0
230
0.0000000000002967
  0
LINE
  5
575
330
70
100
AcDbEntity
  8
Hidden
100
AcDbLine
 10
115.089813
 20
120.839234
 30
0.0
 11
115.089813
 21
118.339234
 31
0.0
210
-0.0000000000000001
220
-1.0
230
0.0000000000002967
  0
LINE
  5
576
330
70
100
AcDbEntity
  8
Visible
100
AcDbLine
 10
112.589813
 20
93.839234
 30
0.0
 11
112.589813
 21
120.839234
 31
0.0
210
-0.0000000000000001
220
-1.0
230
0.0000000000002967
  0
LINE
  5
577
330
70
100
AcDbEntity
  8
Visible
100
AcDbLine
 10
228.089813
 20
120.839234
 30
0.0
 11
115.589813
 21
120.839234
 31
0.0
210
-0.0000000000000001
220
-1.0
230
0.0000000000002967
  0
LINE
  5
578
330
70
100
AcDbEntity
  8
Visible
100
AcDbLine
 10
231.089813
 20
120.839234
 30
0.0
 11
231.089813
 21
93.839234
 31
0.0
210
-0.0000000000000001
220
-1.0
230
0.0000000000002967
  0
LINE
  5
579
330
70
100
AcDbEntity
  8
Visible
100
AcDbLine
 10
231.089813
 20
120.839234
 30
0.0
 11
228.089813
 21
120.839234
 31
0.0
210
-0.0000000000000001
220
-1.0
230
0.0000000000002967
  0
LINE
  5
57A
330
70
100
AcDbEntity
  8
Visible
100
AcDbLine
 10
115.589813
 20
120.839234
 30
0.0
 11
112.589813
 21
120.839234
 31
0.0
210
-0.0000000000000001
220
-1.0
230
0.0000000000002967
  0
LINE
  5
57B
330
70
100
AcDbEntity
  8
Visible
100
AcDbLine
 10
228.089813
 20
90.839234
 30
0.0
 11
115.589813
 21
90.839234
 31
0.0
210
-0.0000000000000001
220
-1.0
230
0.0000000000002967
  0
LINE
  5
57C
330
70
100
AcDbEntity
  8
Hidden
100
AcDbLine
 10
118.089813
 20
118.339234
 30
0.0
 11
115.089813
 21
118.339234
 31
0.0
210
-0.0000000000000001
220
-1.0
230
0.0000000000002967
  0
LINE
  5
57D
330
70
100
AcDbEntity
  8
Hidden
100
AcDbLine
 10
228.589813
 20
118.339234
 30
0.0
 11
225.589813
 21
118.339234
 31
0.0
210
-0.0000000000000001
220
-1.0
230
0.0000000000002967
  0
ARC
  5
57E
330
70
100
AcDbEntity
  8
Visible
100
AcDbCircle
 10
115.589813
 20
93.839234
 30
0.0
 40
3.00000000000001
100
AcDbArc
 50
180.0
 51
270.0
  0
ARC
  5
57F
330
70
100
AcDbEntity
  8
Visible
100
AcDbCircle
 10
228.089813
 20
93.839234
 30
0.0
 40
3.000000000000005
100
AcDbArc
 50
270.0
 51
0.0
  0
ARC
  5
580
330
70
100
AcDbEntity
  8
Hidden
100
AcDbCircle
 10
221.089813
 20
94.839234
 30
0.0
 40
1.000000000000001
100
AcDbArc
 50
270.0
 51
360.0
  0
ARC
  5
581
330
70
100
AcDbEntity
  8
Hidden
100
AcDbCircle
 10
122.589813
 20
94.839234
 30
0.0
 40
1.000000000000003
100
AcDbArc
 50
180.0
 51
270.0
  0
ARC
  5
582
330
70
100
AcDbEntity
  8
Hidden
100
AcDbCircle
 10
226.089813
 20
96.339234
 30
0.0
 40
2.500000000000004
100
AcDbArc
 50
270.0
 51
0.0
  0
ARC
  5
583
330
70
100
AcDbEntity
  8
Hidden
100
AcDbCircle
 10
-117.589813
 20
96.339234
 30
0.0
 40
2.500000000000004
210
0.0
220
0.0
230
-1.0
100
AcDbArc
 50
270.0
 51
0.0
  0
LINE
  5
584
330
70
100
AcDbEntity
  8
Hidden
100
AcDbLine
 10
156.859813
 20
90.839234
 30
0.0
 11
156.859813
 21
93.839234
 31
0.0
210
-0.0000000000000001
220
-1.0
230
0.0000000000002967
  0
LINE
  5
585
330
70
100
AcDbEntity
  8
Hidden
100
AcDbLine
 10
161.859813
 20
90.839234
 30
0.0
 11
161.859813
 21
93.839234
 31
0.0
210
-0.0000000000000001
220
-1.0
230
0.0000000000002967
  0
LINE
  5
586
330
70
100
AcDbEntity
  8
Hidden
100
AcDbLine
 10
126.789814
 20
90.839234
 30
0.0
 11
126.789814
 21
93.839234
 31
0.0
210
-0.0000000000000001
220
-1.0
230
0.0000000000002967
  0
LINE
  5
587
330
70
100
AcDbEntity
  8
Hidden
100
AcDbLine
 10
138.789814
 20
90.839234
 30
0.0
 11
138.789814
 21
93.839234
 31
0.0
210
-0.0000000000000001
220
-1.0
230
0.0000000000002967
  0
LINE
  5
588
330
70
100
AcDbEntity
  8
Hidden
100
AcDbLine
 10
207.439813
 20
90.839234
 30
0.0
 11
207.439813
 21
93.839234
 31
0.0
210
-0.0000000000000001
220
-1.0
230
0.0000000000002967
  0
LINE
  5
589
330
70
100
AcDbEntity
  8
Hidden
100
AcDbLine
 10
216.439813
 20
90.839234
 30
0.0
 11
216.439813
 21
93.839234
 31
0.0
210
-0.0000000000000001
220
-1.0
230
0.0000000000002967
  0
LINE
  5
58A
330
70
100
AcDbEntity
  8
Hidden
100
AcDbLine
 10
123.839813
 20
90.839234
 30
0.0
 11
123.839813
 21
93.839234
 31
0.0
210
-0.0000000000000001
220
-1.0
230
0.0000000000002967
  0
LINE
  5
58B
330
70
100
AcDbEntity
  8
Hidden
100
AcDbLine
 10
130.839813
 20
90.839234
 30
0.0
 11
130.839813
 21
93.839234
 31
0.0
210
-0.0000000000000001
220
-1.0
230
0.0000000000002967
  0
LINE
  5
58C
330
70
100
AcDbEntity
  8
Hidden
100
AcDbLine
 10
183.156513
 20
90.839234
 30
0.0
 11
183.156513
 21
93.839234
 31
0.0
210
-0.0000000000000001
220
-1.0
230
0.0000000000002967
  0
LINE
  5
58D
330
70
100
AcDbEntity
  8
Hidden
100
AcDbLine
 10
190.156513
 20
90.839234
 30
0.0
 11
190.156513
 21
93.839234
 31
0.0
210
-0.0000000000000001
220
-1.0
230
0.0000000000002967
  0
LINE
  5
58E
330
70
100
AcDbEntity
  8
Hidden
100
AcDbLine
 10
153.523113
 20
90.839234
 30
0.0
 11
153.523113
 21
93.839234
 31
0.0
210
-0.0000000000000001
220
-1.0
230
0.0000000000002967
  0
LINE
  5
58F
330
70
100
AcDbEntity
  8
Hidden
100
AcDbLine
 10
160.523113
 20
90.839234
 30
0.0
 11
160.523113
 21
93.839234
 31
0.0
210
-0.0000000000000001
220
-1.0
230
0.0000000000002967
  0
LINE
  5
590
330
70
100
AcDbEntity
  8
Hidden
100
AcDbLine
 10
212.789813
 20
90.839234
 30
0.0
 11
212.789813
 21
93.839234
 31
0.0
210
-0.0000000000000001
220
-1.0
230
0.0000000000002967
  0
LINE
  5
591
330
70
100
AcDbEntity
  8
Hidden
100
AcDbLine
 10
219.789813
 20
90.839234
 30
0.0
 11
219.789813
 21
93.839234
 31
0.0
210
-0.0000000000000001
220
-1.0
230
0.0000000000002967
  0
LINE
  5
592
330
70
100
AcDbEntity
  8
Hidden
100
AcDbLine
 10
117.089813
 20
117.839234
 30
0.0
 11
116.589813
 21
118.339234
 31
0.0
210
-0.0000000000000001
220
-1.0
230
0.0000000000002967
  0
LINE
  5
593
330
70
100
AcDbEntity
  8
Hidden
100
AcDbLine
 10
119.589813
 20
117.839234
 30
0.0
 11
120.089813
 21
118.339234
 31
0.0
210
-0.0000000000000001
220
-1.0
230
0.0000000000002967
  0
LINE
  5
594
330
70
100
AcDbEntity
  8
Hidden
100
AcDbLine
 10
224.089813
 20
117.839234
 30
0.0
 11
223.589813
 21
118.339234
 31
0.0
210
-0.0000000000000001
220
-1.0
230
0.0000000000002967
  0
LINE
  5
595
330
70
100
AcDbEntity
  8
Hidden
100
AcDbLine
 10
226.589813
 20
117.839234
 30
0.0
 11
227.089813
 21
118.339234
 31
0.0
210
-0.0000000000000001
220
-1.0
230
0.0000000000002967
  0
LINE
  5
596
330
70
100
AcDbEntity
  8
Hidden
100
AcDbLine
 10
224.089813
 20
107.939234
 30
0.0
 11
224.089813
 21
117.839234
 31
0.0
210
-0.0000000000000001
220
-1.0
230
0.0000000000002967
  0
LINE
  5
597
330
70
100
AcDbEntity
  8
Hidden
100
AcDbLine
 10
226.589813
 20
107.939234
 30
0.0
 11
226.589813
 21
117.839234
 31
0.0
210
-0.0000000000000001
220
-1.0
230
0.0000000000002967
  0
LINE
  5
598
330
70
100
AcDbEntity
  8
Hidden
100
AcDbLine
 10
225.339813
 20
107.188158
 30
0.0
 11
224.089813
 21
107.939234
 31
0.0
210
-0.0000000000000001
220
-1.0
230
0.0000000000002967
  0
LINE
  5
599
330
70
100
AcDbEntity
  8
Hidden
100
AcDbLine
 10
225.339813
 20
107.188158
 30
0.0
 11
226.589813
 21
107.939234
 31
0.0
210
-0.0000000000000001
220
-1.0
230
0.0000000000002967
  0
LINE
  5
59A
330
70
100
AcDbEntity
  8
Hidden
100
AcDbLine
 10
117.089813
 20
107.939234
 30
0.0
 11
117.089813
 21
117.839234
 31
0.0
210
-0.0000000000000001
220
-1.0
230
0.0000000000002967
  0
LINE
  5
59B
330
70
100
AcDbEntity
  8
Hidden
100
AcDbLine
 10
119.589813
 20
107.939234
 30
0.0
 11
119.589813
 21
117.839234
 31
0.0
210
-0.0000000000000001
220
-1.0
230
0.0000000000002967
  0
LINE
  5
59C
330
70
100
AcDbEntity
  8
Hidden
100
AcDbLine
 10
118.339813
 20
107.188158
 30
0.0
 11
117.089813
 21
107.939234
 31
0.0
210
-0.0000000000000001
220
-1.0
230
0.0000000000002967
  0
LINE
  5
59D
330
70
100
AcDbEntity
  8
Hidden
100
AcDbLine
 10
118.339813
 20
107.188158
 30
0.0
 11
119.589813
 21
107.939234
 31
0.0
210
-0.0000000000000001
220
-1.0
230
0.0000000000002967
  0
CIRCLE
  5
59E
330
70
100
AcDbEntity
  8
Visible
100
AcDbCircle
 10
-171.802136
 20
249.93914
 30
0.0
 40
6.000000000000006
210
0.0000000000000001
220
0.0
230
-1.0
  0
CIRCLE
  5
59F
330
70
100
AcDbEntity
  8
Visible
100
AcDbCircle
 10
-141.839813
 20
248.71438
 30
0.0
 40
4.500000000000004
210
0.0000000000000001
220
0.0
230
-1.0
  0
CIRCLE
  5
5A0
330
70
100
AcDbEntity
  8
Visible
100
AcDbCircle
 10
-201.839813
 20
248.71438
 30
0.0
 40
4.500000000000004
210
0.0000000000000001
220
0.0
230
-1.0
  0
LINE
  5
5A1
330
70
100
AcDbEntity
  8
Hidden
100
AcDbLine
 10
224.089813
 20
239.21438
 30
0.0
 11
226.589813
 21
239.21438
 31
0.0
210
0.0
220
1.0
230
0.0000000000002967
  0
LINE
  5
5A2
330
70
100
AcDbEntity
  8
Hidden
100
AcDbLine
 10
117.089813
 20
239.21438
 30
0.0
 11
119.589813
 21
239.21438
 31
0.0
210
0.0
220
1.0
230
0.0000000000002967
  0
LINE
  5
5A3
330
70
100
AcDbEntity
  8
Hidden
100
AcDbLine
 10
117.089813
 20
249.11438
 30
0.0
 11
119.589813
 21
249.11438
 31
0.0
210
0.0
220
1.0
230
0.0000000000002967
  0
LINE
  5
5A4
330
70
100
AcDbEntity
  8
Hidden
100
AcDbLine
 10
224.089813
 20
249.11438
 30
0.0
 11
226.589813
 21
249.11438
 31
0.0
210
0.0
220
1.0
230
0.0000000000002967
  0
LINE
  5
5A5
330
70
100
AcDbEntity
  8
Hidden
100
AcDbLine
 10
222.089813
 20
260.71438
 30
0.0
 11
222.089813
 21
262.21438
 31
0.0
210
0.0
220
1.0
230
0.0000000000002967
  0
LINE
  5
5A6
330
70
100
AcDbEntity
  8
Hidden
100
AcDbLine
 10
222.089813
 20
238.71438
 30
0.0
 11
222.089813
 21
260.71438
 31
0.0
210
0.0
220
1.0
230
0.0000000000002967
  0
LINE
  5
5A7
330
70
100
AcDbEntity
  8
Hidden
100
AcDbLine
 10
121.589813
 20
262.21438
 30
0.0
 11
121.589813
 21
260.71438
 31
0.0
210
0.0
220
1.0
230
0.0000000000002967
  0
LINE
  5
5A8
330
70
100
AcDbEntity
  8
Hidden
100
AcDbLine
 10
121.589813
 20
260.71438
 30
0.0
 11
121.589813
 21
238.71438
 31
0.0
210
0.0
220
1.0
230
0.0000000000002967
  0
LINE
  5
5A9
330
70
100
AcDbEntity
  8
Hidden
100
AcDbLine
 10
118.589813
 20
263.21438
 30
0.0
 11
117.589813
 21
263.21438
 31
0.0
210
0.0
220
1.0
230
0.0000000000002967
  0
LINE
  5
5AA
330
70
100
AcDbEntity
  8
Hidden
100
AcDbLine
 10
226.089813
 20
263.21438
 30
0.0
 11
225.089813
 21
263.21438
 31
0.0
210
0.0
220
1.0
230
0.0000000000002967
  0
LINE
  5
5AB
330
70
100
AcDbEntity
  8
Hidden
100
AcDbLine
 10
225.089813
 20
263.21438
 30
0.0
 11
221.089813
 21
263.21438
 31
0.0
210
0.0
220
1.0
230
0.0000000000002967
  0
LINE
  5
5AC
330
70
100
AcDbEntity
  8
Hidden
100
AcDbLine
 10
221.089813
 20
263.21438
 30
0.0
 11
122.589813
 21
263.21438
 31
0.0
210
0.0
220
1.0
230
0.0000000000002967
  0
LINE
  5
5AD
330
70
100
AcDbEntity
  8
Hidden
100
AcDbLine
 10
122.589813
 20
263.21438
 30
0.0
 11
118.589813
 21
263.21438
 31
0.0
210
0.0
220
1.0
230
0.0000000000002967
  0
LINE
  5
5AE
330
70
100
AcDbEntity
  8
Hidden
100
AcDbLine
 10
228.589813
 20
238.71438
 30
0.0
 11
228.589813
 21
260.71438
 31
0.0
210
0.0
220
1.0
230
0.0000000000002967
  0
LINE
  5
5AF
330
70
100
AcDbEntity
  8
Hidden
100
AcDbLine
 10
228.589813
 20
236.21438
 30
0.0
 11
228.589813
 21
238.71438
 31
0.0
210
0.0
220
1.0
230
0.0000000000002967
  0
LINE
  5
5B0
330
70
100
AcDbEntity
  8
Hidden
100
AcDbLine
 10
115.089813
 20
260.71438
 30
0.0
 11
115.089813
 21
238.71438
 31
0.0
210
0.0
220
1.0
230
0.0000000000002967
  0
LINE
  5
5B1
330
70
100
AcDbEntity
  8
Hidden
100
AcDbLine
 10
115.089813
 20
238.71438
 30
0.0
 11
115.089813
 21
236.21438
 31
0.0
210
0.0
220
1.0
230
0.0000000000002967
  0
LINE
  5
5B2
330
70
100
AcDbEntity
  8
Hidden
100
AcDbLine
 10
225.589813
 20
238.71438
 30
0.0
 11
221.089813
 21
238.71438
 31
0.0
210
0.0
220
1.0
230
0.0000000000002967
  0
LINE
  5
5B3
330
70
100
AcDbEntity
  8
Hidden
100
AcDbLine
 10
122.589813
 20
238.71438
 30
0.0
 11
118.089813
 21
238.71438
 31
0.0
210
0.0
220
1.0
230
0.0000000000002967
  0
LINE
  5
5B4
330
70
100
AcDbEntity
  8
Visible
100
AcDbLine
 10
115.589813
 20
236.21438
 30
0.0
 11
228.089813
 21
236.21438
 31
0.0
210
0.0
220
1.0
230
0.0000000000002967
  0
LINE
  5
5B5
330
70
100
AcDbEntity
  8
Visible
100
AcDbLine
 10
112.589813
 20
236.21438
 30
0.0
 11
112.589813
 21
263.21438
 31
0.0
210
0.0
220
1.0
230
0.0000000000002967
  0
LINE
  5
5B6
330
70
100
AcDbEntity
  8
Visible
100
AcDbLine
 10
231.089813
 20
263.21438
 30
0.0
 11
231.089813
 21
236.21438
 31
0.0
210
0.0
220
1.0
230
0.0000000000002967
  0
LINE
  5
5B7
330
70
100
AcDbEntity
  8
Visible
100
AcDbLine
 10
228.089813
 20
236.21438
 30
0.0
 11
231.089813
 21
236.21438
 31
0.0
210
0.0
220
1.0
230
0.0000000000002967
  0
LINE
  5
5B8
330
70
100
AcDbEntity
  8
Visible
100
AcDbLine
 10
112.589813
 20
236.21438
 30
0.0
 11
115.589813
 21
236.21438
 31
0.0
210
0.0
220
1.0
230
0.0000000000002967
  0
LINE
  5
5B9
330
70
100
AcDbEntity
  8
Visible
100
AcDbLine
 10
115.589813
 20
266.21438
 30
0.0
 11
228.089813
 21
266.21438
 31
0.0
210
0.0
220
1.0
230
0.0000000000002967
  0
LINE
  5
5BA
330
70
100
AcDbEntity
  8
Hidden
100
AcDbLine
 10
225.589813
 20
238.71438
 30
0.0
 11
228.589813
 21
238.71438
 31
0.0
210
0.0
220
1.0
230
0.0000000000002967
  0
LINE
  5
5BB
330
70
100
AcDbEntity
  8
Hidden
100
AcDbLine
 10
115.089813
 20
238.71438
 30
0.0
 11
118.089813
 21
238.71438
 31
0.0
210
0.0
220
1.0
230
0.0000000000002967
  0
ARC
  5
5BC
330
70
100
AcDbEntity
  8
Visible
100
AcDbCircle
 10
-115.589813
 20
263.21438
 30
0.0
 40
3.00000000000001
210
0.0000000000000001
220
0.0
230
-1.0
100
AcDbArc
 50
0.0
 51
90.0
  0
ARC
  5
5BD
330
70
100
AcDbEntity
  8
Visible
100
AcDbCircle
 10
-228.089813
 20
263.21438
 30
0.0
 40
3.000000000000005
210
0.0000000000000001
220
0.0
230
-1.0
100
AcDbArc
 50
90.0
 51
180.0
  0
ARC
  5
5BE
330
70
100
AcDbEntity
  8
Hidden
100
AcDbCircle
 10
221.089813
 20
262.21438
 30
0.0
 40
1.000000000000003
100
AcDbArc
 50
0.0
 51
90.0
  0
ARC
  5
5BF
330
70
100
AcDbEntity
  8
Hidden
100
AcDbCircle
 10
122.589813
 20
262.21438
 30
0.0
 40
1.000000000000001
100
AcDbArc
 50
90.0
 51
180.0
  0
ARC
  5
5C0
330
70
100
AcDbEntity
  8
Hidden
100
AcDbCircle
 10
-226.089813
 20
260.71438
 30
0.0
 40
2.500000000000004
210
0.0000000000000001
220
0.0
230
-1.0
100
AcDbArc
 50
90.0
 51
180.0
  0
ARC
  5
5C1
330
70
100
AcDbEntity
  8
Hidden
100
AcDbCircle
 10
117.589813
 20
260.71438
 30
0.0
 40
2.500000000000004
100
AcDbArc
 50
90.0
 51
180.0
  0
LINE
  5
5C2
330
70
100
AcDbEntity
  8
Hidden
100
AcDbLine
 10
161.859813
 20
266.21438
 30
0.0
 11
161.859813
 21
263.21438
 31
0.0
210
0.0
220
1.0
230
0.0000000000002967
  0
LINE
  5
5C3
330
70
100
AcDbEntity
  8
Hidden
100
AcDbLine
 10
156.859813
 20
266.21438
 30
0.0
 11
156.859813
 21
263.21438
 31
0.0
210
0.0
220
1.0
230
0.0000000000002967
  0
LINE
  5
5C4
330
70
100
AcDbEntity
  8
Hidden
100
AcDbLine
 10
138.789814
 20
266.21438
 30
0.0
 11
138.789814
 21
263.21438
 31
0.0
210
0.0
220
1.0
230
0.0000000000002967
  0
LINE
  5
5C5
330
70
100
AcDbEntity
  8
Hidden
100
AcDbLine
 10
126.789814
 20
266.21438
 30
0.0
 11
126.789814
 21
263.21438
 31
0.0
210
0.0
220
1.0
230
0.0000000000002967
  0
LINE
  5
5C6
330
70
100
AcDbEntity
  8
Hidden
100
AcDbLine
 10
216.439813
 20
266.21438
 30
0.0
 11
216.439813
 21
263.21438
 31
0.0
210
0.0
220
1.0
230
0.0000000000002967
  0
LINE
  5
5C7
330
70
100
AcDbEntity
  8
Hidden
100
AcDbLine
 10
207.439813
 20
266.21438
 30
0.0
 11
207.439813
 21
263.21438
 31
0.0
210
0.0
220
1.0
230
0.0000000000002967
  0
LINE
  5
5C8
330
70
100
AcDbEntity
  8
Hidden
100
AcDbLine
 10
130.839813
 20
266.21438
 30
0.0
 11
130.839813
 21
263.21438
 31
0.0
210
0.0
220
1.0
230
0.0000000000002967
  0
LINE
  5
5C9
330
70
100
AcDbEntity
  8
Hidden
100
AcDbLine
 10
123.839813
 20
266.21438
 30
0.0
 11
123.839813
 21
263.21438
 31
0.0
210
0.0
220
1.0
230
0.0000000000002967
  0
LINE
  5
5CA
330
70
100
AcDbEntity
  8
Hidden
100
AcDbLine
 10
190.156513
 20
266.21438
 30
0.0
 11
190.156513
 21
263.21438
 31
0.0
210
0.0
220
1.0
230
0.0000000000002967
  0
LINE
  5
5CB
330
70
100
AcDbEntity
  8
Hidden
100
AcDbLine
 10
183.156513
 20
266.21438
 30
0.0
 11
183.156513
 21
263.21438
 31
0.0
210
0.0
220
1.0
230
0.0000000000002967
  0
LINE
  5
5CC
330
70
100
AcDbEntity
  8
Hidden
100
AcDbLine
 10
219.789813
 20
266.21438
 30
0.0
 11
219.789813
 21
263.21438
 31
0.0
210
0.0
220
1.0
230
0.0000000000002967
  0
LINE
  5
5CD
330
70
100
AcDbEntity
  8
Hidden
100
AcDbLine
 10
212.789813
 20
266.21438
 30
0.0
 11
212.789813
 21
263.21438
 31
0.0
210
0.0
220
1.0
230
0.0000000000002967
  0
LINE
  5
5CE
330
70
100
AcDbEntity
  8
Hidden
100
AcDbLine
 10
160.523113
 20
266.21438
 30
0.0
 11
160.523113
 21
263.21438
 31
0.0
210
0.0
220
1.0
230
0.0000000000002967
  0
LINE
  5
5CF
330
70
100
AcDbEntity
  8
Hidden
100
AcDbLine
 10
153.523113
 20
266.21438
 30
0.0
 11
153.523113
 21
263.21438
 31
0.0
210
0.0
220
1.0
230
0.0000000000002967
  0
LINE
  5
5D0
330
70
100
AcDbEntity
  8
Hidden
100
AcDbLine
 10
226.589813
 20
239.21438
 30
0.0
 11
227.089813
 21
238.71438
 31
0.0
210
0.0
220
1.0
230
0.0000000000002967
  0
LINE
  5
5D1
330
70
100
AcDbEntity
  8
Hidden
100
AcDbLine
 10
224.089813
 20
239.21438
 30
0.0
 11
223.589813
 21
238.71438
 31
0.0
210
0.0
220
1.0
230
0.0000000000002967
  0
LINE
  5
5D2
330
70
100
AcDbEntity
  8
Hidden
100
AcDbLine
 10
119.589813
 20
239.21438
 30
0.0
 11
120.089813
 21
238.71438
 31
0.0
210
0.0
220
1.0
230
0.0000000000002967
  0
LINE
  5
5D3
330
70
100
AcDbEntity
  8
Hidden
100
AcDbLine
 10
117.089813
 20
239.21438
 30
0.0
 11
116.589813
 21
238.71438
 31
0.0
210
0.0
220
1.0
230
0.0000000000002967
  0
LINE
  5
5D4
330
70
100
AcDbEntity
  8
Hidden
100
AcDbLine
 10
119.589813
 20
249.11438
 30
0.0
 11
119.589813
 21
239.21438
 31
0.0
210
0.0
220
1.0
230
0.0000000000002967
  0
LINE
  5
5D5
330
70
100
AcDbEntity
  8
Hidden
100
AcDbLine
 10
117.089813
 20
249.11438
 30
0.0
 11
117.089813
 21
239.21438
 31
0.0
210
0.0
220
1.0
230
0.0000000000002967
  0
LINE
  5
5D6
330
70
100
AcDbEntity
  8
Hidden
100
AcDbLine
 10
118.339813
 20
249.865456
 30
0.0
 11
119.589813
 21
249.11438
 31
0.0
210
0.0
220
1.0
230
0.0000000000002967
  0
LINE
  5
5D7
330
70
100
AcDbEntity
  8
Hidden
100
AcDbLine
 10
118.339813
 20
249.865456
 30
0.0
 11
117.089813
 21
249.11438
 31
0.0
210
0.0
220
1.0
230
0.0000000000002967
  0
LINE
  5
5D8
330
70
100
AcDbEntity
  8
Hidden
100
AcDbLine
 10
226.589813
 20
249.11438
 30
0.0
 11
226.589813
 21
239.21438
 31
0.0
210
0.0
220
1.0
230
0.0000000000002967
  0
LINE
  5
5D9
330
70
100
AcDbEntity
  8
Hidden
100
AcDbLine
 10
224.089813
 20
249.11438
 30
0.0
 11
224.089813
 21
239.21438
 31
0.0
210
0.0
220
1.0
230
0.0000000000002967
  0
LINE
  5
5DA
330
70
100
AcDbEntity
  8
Hidden
100
AcDbLine
 10
225.339813
 20
249.865456
 30
0.0
 11
226.589813
 21
249.11438
 31
0.0
210
0.0
220
1.0
230
0.0000000000002967
  0
LINE
  5
5DB
330
70
100
AcDbEntity
  8
Hidden
100
AcDbLine
 10
225.339813
 20
249.865456
 30
0.0
 11
224.089813
 21
249.11438
 31
0.0
210
0.0
220
1.0
230
0.0000000000002967
  0
LINE
  5
5DC
330
70
100
AcDbEntity
  8
Hidden
100
AcDbLine
 10
97.142552
 20
138.447803
 30
0.0
 11
97.142552
 21
140.947803
 31
0.0
210
-1.0
220
-0.0000000000000002
230
0.0000000000002967
  0
LINE
  5
5DD
330
70
100
AcDbEntity
  8
Hidden
100
AcDbLine
 10
97.142552
 20
219.947803
 30
0.0
 11
97.142552
 21
222.447803
 31
0.0
210
-1.0
220
-0.0000000000000002
230
0.0000000000002967
  0
LINE
  5
5DE
330
70
100
AcDbEntity
  8
Hidden
100
AcDbLine
 10
87.242552
 20
138.447803
 30
0.0
 11
87.242552
 21
140.947803
 31
0.0
210
-1.0
220
-0.0000000000000002
230
0.0000000000002967
  0
LINE
  5
5DF
330
70
100
AcDbEntity
  8
Hidden
100
AcDbLine
 10
87.242552
 20
219.947803
 30
0.0
 11
87.242552
 21
222.447803
 31
0.0
210
-1.0
220
-0.0000000000000002
230
0.0000000000002967
  0
LINE
  5
5E0
330
70
100
AcDbEntity
  8
Hidden
100
AcDbLine
 10
75.642552
 20
217.947803
 30
0.0
 11
74.142552
 21
217.947803
 31
0.0
210
-1.0
220
-0.0000000000000002
230
0.0000000000002967
  0
LINE
  5
5E1
330
70
100
AcDbEntity
  8
Hidden
100
AcDbLine
 10
97.642552
 20
217.947803
 30
0.0
 11
75.642552
 21
217.947803
 31
0.0
210
-1.0
220
-0.0000000000000002
230
0.0000000000002967
  0
LINE
  5
5E2
330
70
100
AcDbEntity
  8
Hidden
100
AcDbLine
 10
74.142552
 20
142.947803
 30
0.0
 11
75.642552
 21
142.947803
 31
0.0
210
-1.0
220
-0.0000000000000002
230
0.0000000000002967
  0
LINE
  5
5E3
330
70
100
AcDbEntity
  8
Hidden
100
AcDbLine
 10
75.642552
 20
142.947803
 30
0.0
 11
97.642552
 21
142.947803
 31
0.0
210
-1.0
220
-0.0000000000000002
230
0.0000000000002967
  0
LINE
  5
5E4
330
70
100
AcDbEntity
  8
Hidden
100
AcDbLine
 10
73.142552
 20
221.947803
 30
0.0
 11
73.142552
 21
220.947803
 31
0.0
210
-1.0
220
-0.0000000000000002
230
0.0000000000002967
  0
LINE
  5
5E5
330
70
100
AcDbEntity
  8
Hidden
100
AcDbLine
 10
73.142552
 20
220.947803
 30
0.0
 11
73.142552
 21
216.947803
 31
0.0
210
-1.0
220
-0.0000000000000002
230
0.0000000000002967
  0
LINE
  5
5E6
330
70
100
AcDbEntity
  8
Hidden
100
AcDbLine
 10
73.142552
 20
216.947803
 30
0.0
 11
73.142552
 21
143.947803
 31
0.0
210
-1.0
220
-0.0000000000000002
230
0.0000000000002967
  0
LINE
  5
5E7
330
70
100
AcDbEntity
  8
Hidden
100
AcDbLine
 10
73.142552
 20
143.947803
 30
0.0
 11
73.142552
 21
139.947803
 31
0.0
210
-1.0
220
-0.0000000000000002
230
0.0000000000002967
  0
LINE
  5
5E8
330
70
100
AcDbEntity
  8
Hidden
100
AcDbLine
 10
73.142552
 20
139.947803
 30
0.0
 11
73.142552
 21
138.947803
 31
0.0
210
-1.0
220
-0.0000000000000002
230
0.0000000000002967
  0
LINE
  5
5E9
330
70
100
AcDbEntity
  8
Hidden
100
AcDbLine
 10
97.642552
 20
224.447803
 30
0.0
 11
75.642552
 21
224.447803
 31
0.0
210
-1.0
220
-0.0000000000000002
230
0.0000000000002967
  0
LINE
  5
5EA
330
70
100
AcDbEntity
  8
Hidden
100
AcDbLine
 10
100.142552
 20
224.447803
 30
0.0
 11
97.642552
 21
224.447803
 31
0.0
210
-1.0
220
-0.0000000000000002
230
0.0000000000002967
  0
LINE
  5
5EB
330
70
100
AcDbEntity
  8
Hidden
100
AcDbLine
 10
97.642552
 20
221.447803
 30
0.0
 11
97.642552
 21
216.947803
 31
0.0
210
-1.0
220
-0.0000000000000002
230
0.0000000000002967
  0
LINE
  5
5EC
330
70
100
AcDbEntity
  8
Hidden
100
AcDbLine
 10
97.642552
 20
143.947803
 30
0.0
 11
97.642552
 21
139.447803
 31
0.0
210
-1.0
220
-0.0000000000000002
230
0.0000000000002967
  0
LINE
  5
5ED
330
70
100
AcDbEntity
  8
Hidden
100
AcDbLine
 10
75.642552
 20
136.447803
 30
0.0
 11
97.642552
 21
136.447803
 31
0.0
210
-1.0
220
-0.0000000000000002
230
0.0000000000002967
  0
LINE
  5
5EE
330
70
100
AcDbEntity
  8
Hidden
100
AcDbLine
 10
97.642552
 20
136.447803
 30
0.0
 11
100.142552
 21
136.447803
 31
0.0
210
-1.0
220
-0.0000000000000002
230
0.0000000000002967
  0
LINE
  5
5EF
330
70
100
AcDbEntity
  8
Visible
100
AcDbLine
 10
100.142552
 20
133.947803
 30
0.0
 11
73.142552
 21
133.947803
 31
0.0
210
-1.0
220
-0.0000000000000002
230
0.0000000000002967
  0
LINE
  5
5F0
330
70
100
AcDbEntity
  8
Visible
100
AcDbLine
 10
73.142552
 20
226.947803
 30
0.0
 11
100.142552
 21
226.947803
 31
0.0
210
-1.0
220
-0.0000000000000002
230
0.0000000000002967
  0
LINE
  5
5F1
330
70
100
AcDbEntity
  8
Visible
100
AcDbLine
 10
100.142552
 20
136.947803
 30
0.0
 11
100.142552
 21
223.947803
 31
0.0
210
-1.0
220
-0.0000000000000002
230
0.0000000000002967
  0
LINE
  5
5F2
330
70
100
AcDbEntity
  8
Visible
100
AcDbLine
 10
100.142552
 20
223.947803
 30
0.0
 11
100.142552
 21
226.947803
 31
0.0
210
-1.0
220
-0.0000000000000002
230
0.0000000000002967
  0
LINE
  5
5F3
330
70
100
AcDbEntity
  8
Visible
100
AcDbLine
 10
100.142552
 20
133.947803
 30
0.0
 11
100.142552
 21
136.947803
 31
0.0
210
-1.0
220
-0.0000000000000002
230
0.0000000000002967
  0
LINE
  5
5F4
330
70
100
AcDbEntity
  8
Visible
100
AcDbLine
 10
70.142552
 20
136.947803
 30
0.0
 11
70.142552
 21
223.947803
 31
0.0
210
-1.0
220
-0.0000000000000002
230
0.0000000000002967
  0
LINE
  5
5F5
330
70
100
AcDbEntity
  8
Hidden
100
AcDbLine
 10
97.642552
 20
136.447803
 30
0.0
 11
97.642552
 21
139.447803
 31
0.0
210
-1.0
220
-0.0000000000000002
230
0.0000000000002967
  0
LINE
  5
5F6
330
70
100
AcDbEntity
  8
Hidden
100
AcDbLine
 10
97.642552
 20
221.447803
 30
0.0
 11
97.642552
 21
224.447803
 31
0.0
210
-1.0
220
-0.0000000000000002
230
0.0000000000002967
  0
ARC
  5
5F7
330
70
100
AcDbEntity
  8
Visible
100
AcDbCircle
 10
73.142552
 20
136.947803
 30
0.0
 40
3.000000000000006
100
AcDbArc
 50
180.0
 51
270.0
  0
ARC
  5
5F8
330
70
100
AcDbEntity
  8
Visible
100
AcDbCircle
 10
73.142552
 20
223.947803
 30
0.0
 40
3.000000000000006
100
AcDbArc
 50
90.0
 51
180.0
  0
ARC
  5
5F9
330
70
100
AcDbEntity
  8
Hidden
100
AcDbCircle
 10
74.142552
 20
216.947803
 30
0.0
 40
1.000000000000002
100
AcDbArc
 50
90.0
 51
180.0
  0
ARC
  5
5FA
330
70
100
AcDbEntity
  8
Hidden
100
AcDbCircle
 10
74.142552
 20
143.947803
 30
0.0
 40
1.000000000000001
100
AcDbArc
 50
180.0
 51
270.0
  0
ARC
  5
5FB
330
70
100
AcDbEntity
  8
Hidden
100
AcDbCircle
 10
-75.642552
 20
221.947803
 30
0.0
 40
2.500000000000004
210
0.0
220
-0.0000000000000002
230
-1.0
100
AcDbArc
 50
0.0
 51
90.0
  0
ARC
  5
5FC
330
70
100
AcDbEntity
  8
Hidden
100
AcDbCircle
 10
75.642552
 20
138.947803
 30
0.0
 40
2.500000000000004
100
AcDbArc
 50
180.0
 51
270.0
  0
LINE
  5
5FD
330
70
100
AcDbEntity
  8
Hidden
100
AcDbLine
 10
80.417793
 20
133.947803
 30
0.0
 11
80.417793
 21
136.447803
 31
0.0
210
-1.0
220
-0.0000000000000002
230
0.0000000000002967
  0
LINE
  5
5FE
330
70
100
AcDbEntity
  8
Hidden
100
AcDbLine
 10
92.417793
 20
133.947803
 30
0.0
 11
92.417793
 21
136.447803
 31
0.0
210
-1.0
220
-0.0000000000000002
230
0.0000000000002967
  0
LINE
  5
5FF
330
70
100
AcDbEntity
  8
Hidden
100
AcDbLine
 10
83.142552
 20
133.947803
 30
0.0
 11
83.142552
 21
136.447803
 31
0.0
210
-1.0
220
-0.0000000000000002
230
0.0000000000002967
  0
LINE
  5
600
330
70
100
AcDbEntity
  8
Hidden
100
AcDbLine
 10
92.142552
 20
133.947803
 30
0.0
 11
92.142552
 21
136.447803
 31
0.0
210
-1.0
220
-0.0000000000000002
230
0.0000000000002967
  0
LINE
  5
601
330
70
100
AcDbEntity
  8
Hidden
100
AcDbLine
 10
70.142552
 20
213.467803
 30
0.0
 11
73.142552
 21
213.467803
 31
0.0
210
-1.0
220
-0.0000000000000002
230
0.0000000000002967
  0
LINE
  5
602
330
70
100
AcDbEntity
  8
Hidden
100
AcDbLine
 10
70.142552
 20
208.467803
 30
0.0
 11
73.142552
 21
208.467803
 31
0.0
210
-1.0
220
-0.0000000000000002
230
0.0000000000002967
  0
LINE
  5
603
330
70
100
AcDbEntity
  8
Hidden
100
AcDbLine
 10
70.142552
 20
215.767804
 30
0.0
 11
73.142552
 21
215.767804
 31
0.0
210
-1.0
220
-0.0000000000000002
230
0.0000000000002967
  0
LINE
  5
604
330
70
100
AcDbEntity
  8
Hidden
100
AcDbLine
 10
70.142552
 20
203.767804
 30
0.0
 11
73.142552
 21
203.767804
 31
0.0
210
-1.0
220
-0.0000000000000002
230
0.0000000000002967
  0
LINE
  5
605
330
70
100
AcDbEntity
  8
Hidden
100
AcDbLine
 10
70.142552
 20
209.676903
 30
0.0
 11
73.142552
 21
209.676903
 31
0.0
210
-1.0
220
-0.0000000000000002
230
0.0000000000002967
  0
LINE
  5
606
330
70
100
AcDbEntity
  8
Hidden
100
AcDbLine
 10
70.142552
 20
200.676903
 30
0.0
 11
73.142552
 21
200.676903
 31
0.0
210
-1.0
220
-0.0000000000000002
230
0.0000000000002967
  0
LINE
  5
607
330
70
100
AcDbEntity
  8
Hidden
100
AcDbLine
 10
70.142552
 20
158.967803
 30
0.0
 11
73.142552
 21
158.967803
 31
0.0
210
-1.0
220
-0.0000000000000002
230
0.0000000000002967
  0
LINE
  5
608
330
70
100
AcDbEntity
  8
Hidden
100
AcDbLine
 10
70.142552
 20
151.967803
 30
0.0
 11
73.142552
 21
151.967803
 31
0.0
210
-1.0
220
-0.0000000000000002
230
0.0000000000002967
  0
LINE
  5
609
330
70
100
AcDbEntity
  8
Hidden
100
AcDbLine
 10
70.142552
 20
160.167803
 30
0.0
 11
73.142552
 21
160.167803
 31
0.0
210
-1.0
220
-0.0000000000000002
230
0.0000000000002967
  0
LINE
  5
60A
330
70
100
AcDbEntity
  8
Hidden
100
AcDbLine
 10
70.142552
 20
153.167803
 30
0.0
 11
73.142552
 21
153.167803
 31
0.0
210
-1.0
220
-0.0000000000000002
230
0.0000000000002967
  0
LINE
  5
60B
330
70
100
AcDbEntity
  8
Hidden
100
AcDbLine
 10
70.142552
 20
159.217803
 30
0.0
 11
73.142552
 21
159.217803
 31
0.0
210
-1.0
220
-0.0000000000000002
230
0.0000000000002967
  0
LINE
  5
60C
330
70
100
AcDbEntity
  8
Hidden
100
AcDbLine
 10
70.142552
 20
152.217803
 30
0.0
 11
73.142552
 21
152.217803
 31
0.0
210
-1.0
220
-0.0000000000000002
230
0.0000000000002967
  0
LINE
  5
60D
330
70
100
AcDbEntity
  8
Hidden
100
AcDbLine
 10
70.142552
 20
183.467803
 30
0.0
 11
73.142552
 21
183.467803
 31
0.0
210
-1.0
220
-0.0000000000000002
230
0.0000000000002967
  0
LINE
  5
60E
330
70
100
AcDbEntity
  8
Hidden
100
AcDbLine
 10
70.142552
 20
176.467803
 30
0.0
 11
73.142552
 21
176.467803
 31
0.0
210
-1.0
220
-0.0000000000000002
230
0.0000000000002967
  0
LINE
  5
60F
330
70
100
AcDbEntity
  8
Hidden
100
AcDbLine
 10
97.142552
 20
140.947803
 30
0.0
 11
97.642552
 21
141.447803
 31
0.0
210
-1.0
220
-0.0000000000000002
230
0.0000000000002967
  0
LINE
  5
610
330
70
100
AcDbEntity
  8
Hidden
100
AcDbLine
 10
97.142552
 20
138.447803
 30
0.0
 11
97.642552
 21
137.947803
 31
0.0
210
-1.0
220
-0.0000000000000002
230
0.0000000000002967
  0
LINE
  5
611
330
70
100
AcDbEntity
  8
Hidden
100
AcDbLine
 10
97.142552
 20
222.447803
 30
0.0
 11
97.642552
 21
222.947803
 31
0.0
210
-1.0
220
-0.0000000000000002
230
0.0000000000002967
  0
LINE
  5
612
330
70
100
AcDbEntity
  8
Hidden
100
AcDbLine
 10
97.142552
 20
219.947803
 30
0.0
 11
97.642552
 21
219.447803
 31
0.0
210
-1.0
220
-0.0000000000000002
230
0.0000000000002967
  0
LINE
  5
613
330
70
100
AcDbEntity
  8
Hidden
100
AcDbLine
 10
87.242552
 20
140.947803
 30
0.0
 11
97.142552
 21
140.947803
 31
0.0
210
-1.0
220
-0.0000000000000002
230
0.0000000000002967
  0
LINE
  5
614
330
70
100
AcDbEntity
  8
Hidden
100
AcDbLine
 10
87.242552
 20
138.447803
 30
0.0
 11
97.142552
 21
138.447803
 31
0.0
210
-1.0
220
-0.0000000000000002
230
0.0000000000002967
  0
LINE
  5
615
330
70
100
AcDbEntity
  8
Hidden
100
AcDbLine
 10
86.491476
 20
139.697803
 30
0.0
 11
87.242552
 21
140.947803
 31
0.0
210
-1.0
220
-0.0000000000000002
230
0.0000000000002967
  0
LINE
  5
616
330
70
100
AcDbEntity
  8
Hidden
100
AcDbLine
 10
86.491476
 20
139.697803
 30
0.0
 11
87.242552
 21
138.447803
 31
0.0
210
-1.0
220
-0.0000000000000002
230
0.0000000000002967
  0
LINE
  5
617
330
70
100
AcDbEntity
  8
Hidden
100
AcDbLine
 10
87.242552
 20
222.447803
 30
0.0
 11
97.142552
 21
222.447803
 31
0.0
210
-1.0
220
-0.0000000000000002
230
0.0000000000002967
  0
LINE
  5
618
330
70
100
AcDbEntity
  8
Hidden
100
AcDbLine
 10
87.242552
 20
219.947803
 30
0.0
 11
97.142552
 21
219.947803
 31
0.0
210
-1.0
220
-0.0000000000000002
230
0.0000000000002967
  0
LINE
  5
619
330
70
100
AcDbEntity
  8
Hidden
100
AcDbLine
 10
86.491476
 20
221.197803
 30
0.0
 11
87.242552
 21
222.447803
 31
0.0
210
-1.0
220
-0.0000000000000002
230
0.0000000000002967
  0
LINE
  5
61A
330
70
100
AcDbEntity
  8
Hidden
100
AcDbLine
 10
86.491476
 20
221.197803
 30
0.0
 11
87.242552
 21
219.947803
 31
0.0
210
-1.0
220
-0.0000000000000002
230
0.0000000000002967
  0
LINE
  5
61B
330
70
100
AcDbEntity
  8
Hidden
100
AcDbLine
 10
249.036388
 20
222.447803
 30
0.0
 11
249.036388
 21
219.947803
 31
0.0
210
1.0
220
-0.0000000000000002
230
0.0000000000002967
  0
LINE
  5
61C
330
70
100
AcDbEntity
  8
Hidden
100
AcDbLine
 10
249.036388
 20
140.947803
 30
0.0
 11
249.036388
 21
138.447803
 31
0.0
210
1.0
220
-0.0000000000000002
230
0.0000000000002967
  0
LINE
  5
61D
330
70
100
AcDbEntity
  8
Hidden
100
AcDbLine
 10
258.936388
 20
140.947803
 30
0.0
 11
258.936388
 21
138.447803
 31
0.0
210
1.0
220
-0.0000000000000002
230
0.0000000000002967
  0
LINE
  5
61E
330
70
100
AcDbEntity
  8
Hidden
100
AcDbLine
 10
258.936388
 20
222.447803
 30
0.0
 11
258.936388
 21
219.947803
 31
0.0
210
1.0
220
-0.0000000000000002
230
0.0000000000002967
  0
LINE
  5
61F
330
70
100
AcDbEntity
  8
Hidden
100
AcDbLine
 10
270.536388
 20
142.947803
 30
0.0
 11
272.036388
 21
142.947803
 31
0.0
210
1.0
220
-0.0000000000000002
230
0.0000000000002967
  0
LINE
  5
620
330
70
100
AcDbEntity
  8
Hidden
100
AcDbLine
 10
248.536388
 20
142.947803
 30
0.0
 11
270.536388
 21
142.947803
 31
0.0
210
1.0
220
-0.0000000000000002
230
0.0000000000002967
  0
LINE
  5
621
330
70
100
AcDbEntity
  8
Hidden
100
AcDbLine
 10
272.036388
 20
217.947803
 30
0.0
 11
270.536388
 21
217.947803
 31
0.0
210
1.0
220
-0.0000000000000002
230
0.0000000000002967
  0
LINE
  5
622
330
70
100
AcDbEntity
  8
Hidden
100
AcDbLine
 10
270.536388
 20
217.947803
 30
0.0
 11
248.536388
 21
217.947803
 31
0.0
210
1.0
220
-0.0000000000000002
230
0.0000000000002967
  0
LINE
  5
623
330
70
100
AcDbEntity
  8
Hidden
100
AcDbLine
 10
273.036388
 20
143.947803
 30
0.0
 11
273.036388
 21
216.947803
 31
0.0
210
1.0
220
-0.0000000000000002
230
0.0000000000002967
  0
LINE
  5
624
330
70
100
AcDbEntity
  8
Hidden
100
AcDbLine
 10
273.036388
 20
216.947803
 30
0.0
 11
273.036388
 21
220.947803
 31
0.0
210
1.0
220
-0.0000000000000002
230
0.0000000000002967
  0
LINE
  5
625
330
70
100
AcDbEntity
  8
Hidden
100
AcDbLine
 10
273.036388
 20
220.947803
 30
0.0
 11
273.036388
 21
221.947803
 31
0.0
210
1.0
220
-0.0000000000000002
230
0.0000000000002967
  0
LINE
  5
626
330
70
100
AcDbEntity
  8
Hidden
100
AcDbLine
 10
273.036388
 20
138.947803
 30
0.0
 11
273.036388
 21
139.947803
 31
0.0
210
1.0
220
-0.0000000000000002
230
0.0000000000002967
  0
LINE
  5
627
330
70
100
AcDbEntity
  8
Hidden
100
AcDbLine
 10
273.036388
 20
139.947803
 30
0.0
 11
273.036388
 21
143.947803
 31
0.0
210
1.0
220
-0.0000000000000002
230
0.0000000000002967
  0
LINE
  5
628
330
70
100
AcDbEntity
  8
Hidden
100
AcDbLine
 10
270.536388
 20
224.447803
 30
0.0
 11
248.536388
 21
224.447803
 31
0.0
210
1.0
220
-0.0000000000000002
230
0.0000000000002967
  0
LINE
  5
629
330
70
100
AcDbEntity
  8
Hidden
100
AcDbLine
 10
248.536388
 20
224.447803
 30
0.0
 11
246.036388
 21
224.447803
 31
0.0
210
1.0
220
-0.0000000000000002
230
0.0000000000002967
  0
LINE
  5
62A
330
70
100
AcDbEntity
  8
Hidden
100
AcDbLine
 10
248.536388
 20
139.447803
 30
0.0
 11
248.536388
 21
143.947803
 31
0.0
210
1.0
220
-0.0000000000000002
230
0.0000000000002967
  0
LINE
  5
62B
330
70
100
AcDbEntity
  8
Hidden
100
AcDbLine
 10
248.536388
 20
216.947803
 30
0.0
 11
248.536388
 21
221.447803
 31
0.0
210
1.0
220
-0.0000000000000002
230
0.0000000000002967
  0
LINE
  5
62C
330
70
100
AcDbEntity
  8
Hidden
100
AcDbLine
 10
248.536388
 20
136.447803
 30
0.0
 11
270.536388
 21
136.447803
 31
0.0
210
1.0
220
-0.0000000000000002
230
0.0000000000002967
  0
LINE
  5
62D
330
70
100
AcDbEntity
  8
Hidden
100
AcDbLine
 10
246.036388
 20
136.447803
 30
0.0
 11
248.536388
 21
136.447803
 31
0.0
210
1.0
220
-0.0000000000000002
230
0.0000000000002967
  0
LINE
  5
62E
330
70
100
AcDbEntity
  8
Visible
100
AcDbLine
 10
273.036388
 20
133.947803
 30
0.0
 11
246.036388
 21
133.947803
 31
0.0
210
1.0
220
-0.0000000000000002
230
0.0000000000002967
  0
LINE
  5
62F
330
70
100
AcDbEntity
  8
Visible
100
AcDbLine
 10
246.036388
 20
223.947803
 30
0.0
 11
246.036388
 21
136.947803
 31
0.0
210
1.0
220
-0.0000000000000002
230
0.0000000000002967
  0
LINE
  5
630
330
70
100
AcDbEntity
  8
Visible
100
AcDbLine
 10
246.036388
 20
226.947803
 30
0.0
 11
273.036388
 21
226.947803
 31
0.0
210
1.0
220
-0.0000000000000002
230
0.0000000000002967
  0
LINE
  5
631
330
70
100
AcDbEntity
  8
Visible
100
AcDbLine
 10
246.036388
 20
136.947803
 30
0.0
 11
246.036388
 21
133.947803
 31
0.0
210
1.0
220
-0.0000000000000002
230
0.0000000000002967
  0
LINE
  5
632
330
70
100
AcDbEntity
  8
Visible
100
AcDbLine
 10
246.036388
 20
226.947803
 30
0.0
 11
246.036388
 21
223.947803
 31
0.0
210
1.0
220
-0.0000000000000002
230
0.0000000000002967
  0
LINE
  5
633
330
70
100
AcDbEntity
  8
Visible
100
AcDbLine
 10
276.036388
 20
223.947803
 30
0.0
 11
276.036388
 21
136.947803
 31
0.0
210
1.0
220
-0.0000000000000002
230
0.0000000000002967
  0
LINE
  5
634
330
70
100
AcDbEntity
  8
Hidden
100
AcDbLine
 10
248.536388
 20
139.447803
 30
0.0
 11
248.536388
 21
136.447803
 31
0.0
210
1.0
220
-0.0000000000000002
230
0.0000000000002967
  0
LINE
  5
635
330
70
100
AcDbEntity
  8
Hidden
100
AcDbLine
 10
248.536388
 20
224.447803
 30
0.0
 11
248.536388
 21
221.447803
 31
0.0
210
1.0
220
-0.0000000000000002
230
0.0000000000002967
  0
ARC
  5
636
330
70
100
AcDbEntity
  8
Visible
100
AcDbCircle
 10
-273.036388
 20
136.947803
 30
0.0
 40
3.000000000000005
210
0.0
220
-0.0000000000000002
230
-1.0
100
AcDbArc
 50
180.0
 51
270.0
  0
ARC
  5
637
330
70
100
AcDbEntity
  8
Visible
100
AcDbCircle
 10
-273.036388
 20
223.947803
 30
0.0
 40
3.000000000000005
210
0.0
220
-0.0000000000000002
230
-1.0
100
AcDbArc
 50
90.0
 51
180.0
  0
ARC
  5
638
330
70
100
AcDbEntity
  8
Hidden
100
AcDbCircle
 10
272.036388
 20
216.947803
 30
0.0
 40
1.000000000000001
100
AcDbArc
 50
0.0
 51
90.0
  0
ARC
  5
639
330
70
100
AcDbEntity
  8
Hidden
100
AcDbCircle
 10
272.036388
 20
143.947803
 30
0.0
 40
1.000000000000001
100
AcDbArc
 50
270.0
 51
0.0
  0
ARC
  5
63A
330
70
100
AcDbEntity
  8
Hidden
100
AcDbCircle
 10
270.536388
 20
221.947803
 30
0.0
 40
2.500000000000004
100
AcDbArc
 50
0.0
 51
90.0
  0
ARC
  5
63B
330
70
100
AcDbEntity
  8
Hidden
100
AcDbCircle
 10
-270.536388
 20
138.947803
 30
0.0
 40
2.500000000000004
210
0.0
220
-0.0000000000000002
230
-1.0
100
AcDbArc
 50
180.0
 51
270.0
  0
LINE
  5
63C
330
70
100
AcDbEntity
  8
Hidden
100
AcDbLine
 10
253.761147
 20
133.947803
 30
0.0
 11
253.761147
 21
136.447803
 31
0.0
210
1.0
220
-0.0000000000000002
230
0.0000000000002967
  0
LINE
  5
63D
330
70
100
AcDbEntity
  8
Hidden
100
AcDbLine
 10
265.761147
 20
133.947803
 30
0.0
 11
265.761147
 21
136.447803
 31
0.0
210
1.0
220
-0.0000000000000002
230
0.0000000000002967
  0
LINE
  5
63E
330
70
100
AcDbEntity
  8
Hidden
100
AcDbLine
 10
254.036388
 20
133.947803
 30
0.0
 11
254.036388
 21
136.447803
 31
0.0
210
1.0
220
-0.0000000000000002
230
0.0000000000002967
  0
LINE
  5
63F
330
70
100
AcDbEntity
  8
Hidden
100
AcDbLine
 10
263.036388
 20
133.947803
 30
0.0
 11
263.036388
 21
136.447803
 31
0.0
210
1.0
220
-0.0000000000000002
230
0.0000000000002967
  0
LINE
  5
640
330
70
100
AcDbEntity
  8
Hidden
100
AcDbLine
 10
276.036388
 20
208.467803
 30
0.0
 11
273.036388
 21
208.467803
 31
0.0
210
1.0
220
-0.0000000000000002
230
0.0000000000002967
  0
LINE
  5
641
330
70
100
AcDbEntity
  8
Hidden
100
AcDbLine
 10
276.036388
 20
213.467803
 30
0.0
 11
273.036388
 21
213.467803
 31
0.0
210
1.0
220
-0.0000000000000002
230
0.0000000000002967
  0
LINE
  5
642
330
70
100
AcDbEntity
  8
Hidden
100
AcDbLine
 10
276.036388
 20
203.767804
 30
0.0
 11
273.036388
 21
203.767804
 31
0.0
210
1.0
220
-0.0000000000000002
230
0.0000000000002967
  0
LINE
  5
643
330
70
100
AcDbEntity
  8
Hidden
100
AcDbLine
 10
276.036388
 20
215.767804
 30
0.0
 11
273.036388
 21
215.767804
 31
0.0
210
1.0
220
-0.0000000000000002
230
0.0000000000002967
  0
LINE
  5
644
330
70
100
AcDbEntity
  8
Hidden
100
AcDbLine
 10
276.036388
 20
200.676903
 30
0.0
 11
273.036388
 21
200.676903
 31
0.0
210
1.0
220
-0.0000000000000002
230
0.0000000000002967
  0
LINE
  5
645
330
70
100
AcDbEntity
  8
Hidden
100
AcDbLine
 10
276.036388
 20
209.676903
 30
0.0
 11
273.036388
 21
209.676903
 31
0.0
210
1.0
220
-0.0000000000000002
230
0.0000000000002967
  0
LINE
  5
646
330
70
100
AcDbEntity
  8
Hidden
100
AcDbLine
 10
276.036388
 20
152.217803
 30
0.0
 11
273.036388
 21
152.217803
 31
0.0
210
1.0
220
-0.0000000000000002
230
0.0000000000002967
  0
LINE
  5
647
330
70
100
AcDbEntity
  8
Hidden
100
AcDbLine
 10
276.036388
 20
159.217803
 30
0.0
 11
273.036388
 21
159.217803
 31
0.0
210
1.0
220
-0.0000000000000002
230
0.0000000000002967
  0
LINE
  5
648
330
70
100
AcDbEntity
  8
Hidden
100
AcDbLine
 10
276.036388
 20
151.967803
 30
0.0
 11
273.036388
 21
151.967803
 31
0.0
210
1.0
220
-0.0000000000000002
230
0.0000000000002967
  0
LINE
  5
649
330
70
100
AcDbEntity
  8
Hidden
100
AcDbLine
 10
276.036388
 20
158.967803
 30
0.0
 11
273.036388
 21
158.967803
 31
0.0
210
1.0
220
-0.0000000000000002
230
0.0000000000002967
  0
LINE
  5
64A
330
70
100
AcDbEntity
  8
Hidden
100
AcDbLine
 10
276.036388
 20
153.167803
 30
0.0
 11
273.036388
 21
153.167803
 31
0.0
210
1.0
220
-0.0000000000000002
230
0.0000000000002967
  0
LINE
  5
64B
330
70
100
AcDbEntity
  8
Hidden
100
AcDbLine
 10
276.036388
 20
160.167803
 30
0.0
 11
273.036388
 21
160.167803
 31
0.0
210
1.0
220
-0.0000000000000002
230
0.0000000000002967
  0
LINE
  5
64C
330
70
100
AcDbEntity
  8
Hidden
100
AcDbLine
 10
276.036388
 20
176.467803
 30
0.0
 11
273.036388
 21
176.467803
 31
0.0
210
1.0
220
-0.0000000000000002
230
0.0000000000002967
  0
LINE
  5
64D
330
70
100
AcDbEntity
  8
Hidden
100
AcDbLine
 10
276.036388
 20
183.467803
 30
0.0
 11
273.036388
 21
183.467803
 31
0.0
210
1.0
220
-0.0000000000000002
230
0.0000000000002967
  0
LINE
  5
64E
330
70
100
AcDbEntity
  8
Hidden
100
AcDbLine
 10
249.036388
 20
219.947803
 30
0.0
 11
248.536388
 21
219.447803
 31
0.0
210
1.0
220
-0.0000000000000002
230
0.0000000000002967
  0
LINE
  5
64F
330
70
100
AcDbEntity
  8
Hidden
100
AcDbLine
 10
249.036388
 20
222.447803
 30
0.0
 11
248.536388
 21
222.947803
 31
0.0
210
1.0
220
-0.0000000000000002
230
0.0000000000002967
  0
LINE
  5
650
330
70
100
AcDbEntity
  8
Hidden
100
AcDbLine
 10
249.036388
 20
138.447803
 30
0.0
 11
248.536388
 21
137.947803
 31
0.0
210
1.0
220
-0.0000000000000002
230
0.0000000000002967
  0
LINE
  5
651
330
70
100
AcDbEntity
  8
Hidden
100
AcDbLine
 10
249.036388
 20
140.947803
 30
0.0
 11
248.536388
 21
141.447803
 31
0.0
210
1.0
220
-0.0000000000000002
230
0.0000000000002967
  0
LINE
  5
652
330
70
100
AcDbEntity
  8
Hidden
100
AcDbLine
 10
258.936388
 20
138.447803
 30
0.0
 11
249.036388
 21
138.447803
 31
0.0
210
1.0
220
-0.0000000000000002
230
0.0000000000002967
  0
LINE
  5
653
330
70
100
AcDbEntity
  8
Hidden
100
AcDbLine
 10
258.936388
 20
140.947803
 30
0.0
 11
249.036388
 21
140.947803
 31
0.0
210
1.0
220
-0.0000000000000002
230
0.0000000000002967
  0
LINE
  5
654
330
70
100
AcDbEntity
  8
Hidden
100
AcDbLine
 10
259.687464
 20
139.697803
 30
0.0
 11
258.936388
 21
138.447803
 31
0.0
210
1.0
220
-0.0000000000000002
230
0.0000000000002967
  0
LINE
  5
655
330
70
100
AcDbEntity
  8
Hidden
100
AcDbLine
 10
259.687464
 20
139.697803
 30
0.0
 11
258.936388
 21
140.947803
 31
0.0
210
1.0
220
-0.0000000000000002
230
0.0000000000002967
  0
LINE
  5
656
330
70
100
AcDbEntity
  8
Hidden
100
AcDbLine
 10
258.936388
 20
219.947803
 30
0.0
 11
249.036388
 21
219.947803
 31
0.0
210
1.0
220
-0.0000000000000002
230
0.0000000000002967
  0
LINE
  5
657
330
70
100
AcDbEntity
  8
Hidden
100
AcDbLine
 10
258.936388
 20
222.447803
 30
0.0
 11
249.036388
 21
222.447803
 31
0.0
210
1.0
220
-0.0000000000000002
230
0.0000000000002967
  0
LINE
  5
658
330
70
100
AcDbEntity
  8
Hidden
100
AcDbLine
 10
259.687464
 20
221.197803
 30
0.0
 11
258.936388
 21
219.947803
 31
0.0
210
1.0
220
-0.0000000000000002
230
0.0000000000002967
  0
LINE
  5
659
330
70
100
AcDbEntity
  8
Hidden
100
AcDbLine
 10
259.687464
 20
221.197803
 30
0.0
 11
258.936388
 21
222.447803
 31
0.0
210
1.0
220
-0.0000000000000002
230
0.0000000000002967
  0
ENDSEC
  0
SECTION
  2
OBJECTS
  0
DICTIONARY
  5
C
330
0
100
AcDbDictionary
281
     1
  3
ACAD_COLOR
350
63
  3
ACAD_DETAILVIEWSTYLE
350
6A
  3
ACAD_GROUP
350
D
  3
ACAD_LAYOUT
350
62
  3
ACAD_MATERIAL
350
10
  3
ACAD_MLEADERSTYLE
350
66
  3
ACAD_MLINESTYLE
350
5F
  3
ACAD_PLOTSETTINGS
350
61
  3
ACAD_PLOTSTYLENAME
350
E
  3
ACAD_SCALELIST
350
42
  3
ACAD_SECTIONVIEWSTYLE
350
68
  3
ACAD_TABLESTYLE
350
64
  3
ACAD_VISUALSTYLE
350
29
  3
ACDB_RECOMPOSE_DATA
350
713
  3
AcDbVariableDictionary
350
70A
  0
DICTIONARY
  5
AC
330
70
100
AcDbDictionary
280
     1
281
     1
  3
ACAD_SORTENTS
360
AD
  0
DICTIONARY
  5
210
330
20F
100
AcDbDictionary
280
     1
281
     1
  0
DICTIONARY
  5
256
330
255
100
AcDbDictionary
280
     1
281
     1
  3
ACAD_SORTENTS
360
515
  0
DICTIONARY
  5
271
330
270
100
AcDbDictionary
280
     1
281
     1
  0
DICTIONARY
  5
273
330
272
100
AcDbDictionary
280
     1
281
     1
  0
DICTIONARY
  5
275
330
274
100
AcDbDictionary
280
     1
281
     1
  0
DICTIONARY
  5
277
330
276
100
AcDbDictionary
280
     1
281
     1
  0
DICTIONARY
  5
279
330
278
100
AcDbDictionary
280
     1
281
     1
  0
DICTIONARY
  5
27B
330
27A
100
AcDbDictionary
280
     1
281
     1
  0
DICTIONARY
  5
27D
330
27C
100
AcDbDictionary
280
     1
281
     1
  0
DICTIONARY
  5
27F
330
27E
100
AcDbDictionary
280
     1
281
     1
  0
DICTIONARY
  5
281
330
280
100
AcDbDictionary
280
     1
281
     1
  0
DICTIONARY
  5
283
330
282
100
AcDbDictionary
280
     1
281
     1
  0
DICTIONARY
  5
285
330
284
100
AcDbDictionary
280
     1
281
     1
  0
DICTIONARY
  5
287
330
286
100
AcDbDictionary
280
     1
281
     1
  0
DICTIONARY
  5
289
330
288
100
AcDbDictionary
280
     1
281
     1
  0
DICTIONARY
  5
28B
330
28A
100
AcDbDictionary
280
     1
281
     1
  0
DICTIONARY
  5
28D
330
28C
100
AcDbDictionary
280
     1
281
     1
  0
DICTIONARY
  5
63
102
{ACAD_REACTORS
330
C
102
}
330
C
100
AcDbDictionary
281
     1
  0
DICTIONARY
  5
6A
102
{ACAD_REACTORS
330
C
102
}
330
C
100
AcDbDictionary
281
     1
  3
Imperial24
350
6B
  0
DICTIONARY
  5
D
102
{ACAD_REACTORS
330
C
102
}
330
C
100
AcDbDictionary
281
     1
  0
DICTIONARY
  5
62
102
{ACAD_REACTORS
330
C
102
}
330
C
100
AcDbDictionary
281
     1
  3
Model
350
73
  3
Sheet1
350
6F
  3
Sheet2
350
77
  0
DICTIONARY
  5
10
102
{ACAD_REACTORS
330
C
102
}
330
C
100
AcDbDictionary
281
     1
  3
ByBlock
350
19
  3
ByLayer
350
11
  3
Global
350
21
  0
DICTIONARY
  5
66
102
{ACAD_REACTORS
330
C
102
}
330
C
100
AcDbDictionary
281
     1
  3
Standard
350
67
  0
DICTIONARY
  5
5F
102
{ACAD_REACTORS
330
C
102
}
330
C
100
AcDbDictionary
281
     1
  3
Standard
350
60
  0
DICTIONARY
  5
61
102
{ACAD_REACTORS
330
C
102
}
330
C
100
AcDbDictionary
281
     1
  0
ACDBDICTIONARYWDFLT
  5
E
102
{ACAD_REACTORS
330
C
102
}
330
C
100
AcDbDictionary
281
     1
  3
Normal
350
F
100
AcDbDictionaryWithDefault
340
F
  0
DICTIONARY
  5
42
102
{ACAD_REACTORS
330
C
102
}
330
C
100
AcDbDictionary
281
     1
  3
A0
350
43
  3
A1
350
44
  3
A2
350
45
  3
A3
350
46
  3
A4
350
47
  3
A5
350
48
  3
A6
350
49
  3
A7
350
4A
  3
A8
350
4B
  3
A9
350
4C
  3
B0
350
4D
  3
B1
350
4E
  3
B2
350
4F
  3
B3
350
50
  3
B4
350
51
  3
B5
350
52
  3
B6
350
53
  0
DICTIONARY
  5
68
102
{ACAD_REACTORS
330
C
102
}
330
C
100
AcDbDictionary
281
     1
  3
Imperial24
350
69
  0
DICTIONARY
  5
64
102
{ACAD_REACTORS
330
C
102
}
330
C
100
AcDbDictionary
281
     1
  3
Standard
350
65
  0
DICTIONARY
  5
29
102
{ACAD_REACTORS
330
C
102
}
330
C
100
AcDbDictionary
281
     1
  3
2dWireframe
350
2F
  3
Basic
350
2E
  3
Brighten
350
35
  3
ColorChange
350
39
  3
Conceptual
350
32
  3
Dim
350
34
  3
EdgeColorOff
350
41
  3
Facepattern
350
38
  3
Flat
350
2A
  3
FlatWithEdges
350
2B
  3
Gouraud
350
2C
  3
GouraudWithEdges
350
2D
  3
Hidden
350
31
  3
JitterOff
350
3F
  3
Linepattern
350
37
  3
OverhangOff
350
40
  3
Realistic
350
33
  3
Shaded
350
3E
  3
Shaded with edges
350
3D
  3
Shades of Gray
350
3A
  3
Sketchy
350
3B
  3
Thicken
350
36
  3
Wireframe
350
30
  3
X-Ray
350
3C
  0
XRECORD
  5
713
102
{ACAD_REACTORS
330
C
102
}
330
C
100
AcDbXrecord
280
     1
 90
        1
330
65
  0
DICTIONARY
  5
70A
102
{ACAD_REACTORS
330
C
102
}
330
C
100
AcDbDictionary
281
     1
  3
ANNOALLVISIBLE
350
70F
  3
CANNOSCALE
350
710
  3
CMLEADERSTYLE
350
70C
  3
CTABLESTYLE
350
70B
  3
CVIEWDETAILSTYLE
350
70D
  3
CVIEWSECTIONSTYLE
350
70E
  0
SORTENTSTABLE
  5
AD
102
{ACAD_REACTORS
330
AC
102
}
330
AC
100
AcDbSortentsTable
330
70
  0
SORTENTSTABLE
  5
515
102
{ACAD_REACTORS
330
256
102
}
330
256
100
AcDbSortentsTable
330
255
  0
ACDBDETAILVIEWSTYLE
  5
6B
102
{ACAD_XDICTIONARY
360
716
102
}
102
{ACAD_REACTORS
330
6A
102
}
330
6A
100
AcDbModelDocViewStyle
 70
     0
  3
Imperial24
290
     0
100
AcDbDetailViewStyle
 70
     0
 71
     0
 90
        3
 71
     1
340
55
 62
   256
 40
0.24
340
0
 62
   256
 40
0.24
300

 40
0.36
280
     3
 71
     2
340
5D
 90
       25
 62
   256
 71
     3
340
55
 62
   256
 40
0.24
 90
        1
 40
0.75
 90
        1
300
%<\AcVar ViewType \f "%tc1">% %<\AcVar ViewDetailId>%\PSCALE %<\AcVar ViewScale \f "%sn">%
 71
     4
340
5D
 90
       25
 62
   256
340
5D
 90
       25
 62
   256
280
     0
  0
LAYOUT
  5
73
102
{ACAD_REACTORS
330
62
102
}
330
62
100
AcDbPlotSettings
  1

  2
AutoCAD PDF (High Quality Print).pc3
  4
ISO_full_bleed_A3_(420.00_x_297.00_MM)
  6

 40
0.0
 41
0.0
 42
0.0
 43
0.0
 44
420.0
 45
297.0
 46
0.0
 47
0.0
 48
0.0
 49
0.0
140
0.0
141
0.0
142
1.0
143
1.684911
 70
 11952
 72
     1
 73
     0
 74
     0
  7

 75
     0
147
0.593503
 76
     0
 77
     2
 78
   300
148
172.416652
149
-7.809194
100
AcDbLayout
  1
Model
 70
     1
 71
     0
 10
0.0
 20
0.0
 11
12.0
 21
9.0
 12
0.0
 22
0.0
 32
0.0
 14
0.0
 24
0.0
 34
0.0
 15
0.0
 25
0.0
 35
0.0
146
0.0
 13
0.0
 23
0.0
 33
0.0
 16
1.0
 26
0.0
 36
0.0
 17
0.0
 27
1.0
 37
0.0
 76
     0
330
70
1001
ACAD_PSEXT
1000
AutoCAD PDF (High Quality Print).pc3
1000
DWG To PDF
1000
File
1000

1070
     0
  0
LAYOUT
  5
6F
102
{ACAD_REACTORS
330
62
102
}
330
62
100
AcDbPlotSettings
  1

  2

  4

  6

 40
0.0
 41
0.0
 42
0.0
 43
0.0
 44
0.0
 45
0.0
 46
0.0
 47
0.0
 48
0.0
 49
0.0
140
0.0
141
0.0
142
1.0
143
1.0
 70
   688
 72
     0
 73
     0
 74
     5
  7

 75
    16
147
1.0
 76
     0
 77
     2
 78
   300
148
0.0
149
0.0
100
AcDbLayout
  1
Sheet1
 70
     1
 71
     1
 10
0.0
 20
0.0
 11
12.0
 21
9.0
 12
0.0
 22
0.0
 32
0.0
 14
0.0
 24
0.0
 34
0.0
 15
0.0
 25
0.0
 35
0.0
146
0.0
 13
0.0
 23
0.0
 33
0.0
 16
1.0
 26
0.0
 36
0.0
 17
0.0
 27
1.0
 37
0.0
 76
     0
330
6C
  0
LAYOUT
  5
77
102
{ACAD_REACTORS
330
62
102
}
330
62
100
AcDbPlotSettings
  1

  2

  4

  6

 40
0.0
 41
0.0
 42
0.0
 43
0.0
 44
0.0
 45
0.0
 46
0.0
 47
0.0
 48
0.0
 49
0.0
140
0.0
141
0.0
142
1.0
143
1.0
 70
   688
 72
     0
 73
     0
 74
     5
  7

 75
    16
147
1.0
 76
     0
 77
     2
 78
   300
148
0.0
149
0.0
100
AcDbLayout
  1
Sheet2
 70
     1
 71
     2
 10
0.0
 20
0.0
 11
12.0
 21
9.0
 12
0.0
 22
0.0
 32
0.0
 14
0.0
 24
0.0
 34
0.0
 15
0.0
 25
0.0
 35
0.0
146
0.0
 13
0.0
 23
0.0
 33
0.0
 16
1.0
 26
0.0
 36
0.0
 17
0.0
 27
1.0
 37
0.0
 76
     0
330
74
  0
MATERIAL
  5
19
102
{ACAD_XDICTIONARY
360
1A
102
}
102
{ACAD_REACTORS
330
10
102
}
330
10
100
AcDbMaterial
  1
ByBlock
 72
     0
 43
0.020833
 43
0.0
 43
0.0
 43
0.0
 43
0.0
 43
0.020833
 43
0.0
 43
0.0
 43
0.0
 43
0.0
 43
1.0
 43
0.0
 43
0.0
 43
0.0
 43
0.0
 43
1.0
 77
     0
 47
0.020833
 47
0.0
 47
0.0
 47
0.0
 47
0.0
 47
0.020833
 47
0.0
 47
0.0
 47
0.0
 47
0.0
 47
1.0
 47
0.0
 47
0.0
 47
0.0
 47
0.0
 47
1.0
171
     0
 49
0.020833
 49
0.0
 49
0.0
 49
0.0
 49
0.0
 49
0.020833
 49
0.0
 49
0.0
 49
0.0
 49
0.0
 49
1.0
 49
0.0
 49
0.0
 49
0.0
 49
0.0
 49
1.0
175
     0
142
0.020833
142
0.0
142
0.0
142
0.0
142
0.0
142
0.020833
142
0.0
142
0.0
142
0.0
142
0.0
142
1.0
142
0.0
142
0.0
142
0.0
142
0.0
142
1.0
179
     0
144
0.020833
144
0.0
144
0.0
144
0.0
144
0.0
144
0.020833
144
0.0
144
0.0
144
0.0
144
0.0
144
1.0
144
0.0
144
0.0
144
0.0
144
0.0
144
1.0
147
0.020833
147
0.0
147
0.0
147
0.0
147
0.0
147
0.020833
147
0.0
147
0.0
147
0.0
147
0.0
147
1.0
147
0.0
147
0.0
147
0.0
147
0.0
147
1.0
  0
MATERIAL
  5
11
102
{ACAD_XDICTIONARY
360
12
102
}
102
{ACAD_REACTORS
330
10
102
}
330
10
100
AcDbMaterial
  1
ByLayer
 72
     0
 43
0.020833
 43
0.0
 43
0.0
 43
0.0
 43
0.0
 43
0.020833
 43
0.0
 43
0.0
 43
0.0
 43
0.0
 43
1.0
 43
0.0
 43
0.0
 43
0.0
 43
0.0
 43
1.0
 77
     0
 47
0.020833
 47
0.0
 47
0.0
 47
0.0
 47
0.0
 47
0.020833
 47
0.0
 47
0.0
 47
0.0
 47
0.0
 47
1.0
 47
0.0
 47
0.0
 47
0.0
 47
0.0
 47
1.0
171
     0
 49
0.020833
 49
0.0
 49
0.0
 49
0.0
 49
0.0
 49
0.020833
 49
0.0
 49
0.0
 49
0.0
 49
0.0
 49
1.0
 49
0.0
 49
0.0
 49
0.0
 49
0.0
 49
1.0
175
     0
142
0.020833
142
0.0
142
0.0
142
0.0
142
0.0
142
0.020833
142
0.0
142
0.0
142
0.0
142
0.0
142
1.0
142
0.0
142
0.0
142
0.0
142
0.0
142
1.0
179
     0
144
0.020833
144
0.0
144
0.0
144
0.0
144
0.0
144
0.020833
144
0.0
144
0.0
144
0.0
144
0.0
144
1.0
144
0.0
144
0.0
144
0.0
144
0.0
144
1.0
147
0.020833
147
0.0
147
0.0
147
0.0
147
0.0
147
0.020833
147
0.0
147
0.0
147
0.0
147
0.0
147
1.0
147
0.0
147
0.0
147
0.0
147
0.0
147
1.0
  0
MATERIAL
  5
21
102
{ACAD_XDICTIONARY
360
22
102
}
102
{ACAD_REACTORS
330
10
102
}
330
10
100
AcDbMaterial
  1
Global
 72
     0
 43
0.020833
 43
0.0
 43
0.0
 43
0.0
 43
0.0
 43
0.020833
 43
0.0
 43
0.0
 43
0.0
 43
0.0
 43
1.0
 43
0.0
 43
0.0
 43
0.0
 43
0.0
 43
1.0
 77
     0
 47
0.020833
 47
0.0
 47
0.0
 47
0.0
 47
0.0
 47
0.020833
 47
0.0
 47
0.0
 47
0.0
 47
0.0
 47
1.0
 47
0.0
 47
0.0
 47
0.0
 47
0.0
 47
1.0
171
     0
 49
0.020833
 49
0.0
 49
0.0
 49
0.0
 49
0.0
 49
0.020833
 49
0.0
 49
0.0
 49
0.0
 49
0.0
 49
1.0
 49
0.0
 49
0.0
 49
0.0
 49
0.0
 49
1.0
175
     0
142
0.020833
142
0.0
142
0.0
142
0.0
142
0.0
142
0.020833
142
0.0
142
0.0
142
0.0
142
0.0
142
1.0
142
0.0
142
0.0
142
0.0
142
0.0
142
1.0
179
     0
144
0.020833
144
0.0
144
0.0
144
0.0
144
0.0
144
0.020833
144
0.0
144
0.0
144
0.0
144
0.0
144
1.0
144
0.0
144
0.0
144
0.0
144
0.0
144
1.0
147
0.020833
147
0.0
147
0.0
147
0.0
147
0.0
147
0.020833
147
0.0
147
0.0
147
0.0
147
0.0
147
1.0
147
0.0
147
0.0
147
0.0
147
0.0
147
1.0
  0
MLEADERSTYLE
  5
67
102
{ACAD_REACTORS
330
66
102
}
330
66
100
AcDbMLeaderStyle
179
     2
170
     2
171
     1
172
     0
 90
        2
 40
0.0
 41
0.0
173
     1
 91
-1056964608
340
5B
 92
       -2
290
     1
 42
0.09
291
     1
 43
0.36
  3
Standard
 44
0.18
300

342
55
174
     1
178
     6
175
     1
176
     0
 93
-1056964608
 45
0.18
292
     0
297
     0
 46
0.18
 94
-1056964608
 47
1.0
 49
1.0
140
1.0
293
     1
141
0.0
294
     1
177
     0
142
1.0
295
     0
296
     0
143
0.125
271
     0
272
     9
273
     9
298
     1
  0
MLINESTYLE
  5
60
102
{ACAD_REACTORS
330
5F
102
}
330
5F
100
AcDbMlineStyle
  2
STANDARD
 70
     0
  3

 62
   256
 51
90.0
 52
90.0
 71
     0
  0
ACDBPLACEHOLDER
  5
F
102
{ACAD_REACTORS
330
E
102
}
330
E
  0
SCALE
  5
43
102
{ACAD_REACTORS
330
42
102
}
330
42
100
AcDbScale
 70
     0
300
1:1
140
1.0
141
1.0
290
     1
  0
SCALE
  5
44
102
{ACAD_REACTORS
330
42
102
}
330
42
100
AcDbScale
 70
     0
300
1:2
140
1.0
141
2.0
290
     0
  0
SCALE
  5
45
102
{ACAD_REACTORS
330
42
102
}
330
42
100
AcDbScale
 70
     0
300
1:4
140
1.0
141
4.0
290
     0
  0
SCALE
  5
46
102
{ACAD_REACTORS
330
42
102
}
330
42
100
AcDbScale
 70
     0
300
1:5
140
1.0
141
5.0
290
     0
  0
SCALE
  5
47
102
{ACAD_REACTORS
330
42
102
}
330
42
100
AcDbScale
 70
     0
300
1:8
140
1.0
141
8.0
290
     0
  0
SCALE
  5
48
102
{ACAD_REACTORS
330
42
102
}
330
42
100
AcDbScale
 70
     0
300
1:10
140
1.0
141
10.0
290
     0
  0
SCALE
  5
49
102
{ACAD_REACTORS
330
42
102
}
330
42
100
AcDbScale
 70
     0
300
1:16
140
1.0
141
16.0
290
     0
  0
SCALE
  5
4A
102
{ACAD_REACTORS
330
42
102
}
330
42
100
AcDbScale
 70
     0
300
1:20
140
1.0
141
20.0
290
     0
  0
SCALE
  5
4B
102
{ACAD_REACTORS
330
42
102
}
330
42
100
AcDbScale
 70
     0
300
1:30
140
1.0
141
30.0
290
     0
  0
SCALE
  5
4C
102
{ACAD_REACTORS
330
42
102
}
330
42
100
AcDbScale
 70
     0
300
1:40
140
1.0
141
40.0
290
     0
  0
SCALE
  5
4D
102
{ACAD_REACTORS
330
42
102
}
330
42
100
AcDbScale
 70
     0
300
1:50
140
1.0
141
50.0
290
     0
  0
SCALE
  5
4E
102
{ACAD_REACTORS
330
42
102
}
330
42
100
AcDbScale
 70
     0
300
1:100
140
1.0
141
100.0
290
     0
  0
SCALE
  5
4F
102
{ACAD_REACTORS
330
42
102
}
330
42
100
AcDbScale
 70
     0
300
2:1
140
2.0
141
1.0
290
     0
  0
SCALE
  5
50
102
{ACAD_REACTORS
330
42
102
}
330
42
100
AcDbScale
 70
     0
300
4:1
140
4.0
141
1.0
290
     0
  0
SCALE
  5
51
102
{ACAD_REACTORS
330
42
102
}
330
42
100
AcDbScale
 70
     0
300
8:1
140
8.0
141
1.0
290
     0
  0
SCALE
  5
52
102
{ACAD_REACTORS
330
42
102
}
330
42
100
AcDbScale
 70
     0
300
10:1
140
10.0
141
1.0
290
     0
  0
SCALE
  5
53
102
{ACAD_REACTORS
330
42
102
}
330
42
100
AcDbScale
 70
     0
300
100:1
140
100.0
141
1.0
290
     0
  0
ACDBSECTIONVIEWSTYLE
  5
69
102
{ACAD_XDICTIONARY
360
714
102
}
102
{ACAD_REACTORS
330
68
102
}
330
68
100
AcDbModelDocViewStyle
 70
     0
  3
Imperial24
290
     0
100
AcDbSectionViewStyle
 70
     0
 71
     0
 90
       78
 71
     1
340
55
 62
   256
 40
0.24
340
0
340
0
 62
   256
 40
0.24
300
I, O, Q, S, X, Z
 40
0.48
 90
        3
 40
0.18
 90
        1
 71
     2
340
5D
 90
       25
 62
   256
340
5D
 90
       50
 62
   256
 40
0.24
 40
0.0
 40
0.24
 71
     3
340
55
 62
   256
 40
0.24
 90
        1
 40
0.75
 90
        1
300
%<\AcVar ViewType \f "%tc1">% %<\AcVar ViewSectionStartId>%-%<\AcVar ViewSectionEndId>%\PSCALE %<\AcVar ViewScale \f "%sn">%
 71
     4
 62
   256
 62
   257
300
ANSI31
 40
1.0
 90
        0
290
     0
290
     0
 90
        6
 40
0.0
 40
1.570796
 40
0.261799
 40
1.308997
 40
-0.261799
 40
1.832596
  0
TABLESTYLE
  5
65
102
{ACAD_XDICTIONARY
360
711
102
}
102
{ACAD_REACTORS
330
64
102
}
330
64
100
AcDbTableStyle
280
     0
  3
Standard
 70
     0
 71
     0
 40
1.5
 41
1.5
280
     0
281
     0
  7
Standard
140
0.18
170
     2
 62
     0
 63
     7
283
     0
 90
      512
 91
        0
  1

274
    -2
284
     1
 64
     0
275
    -2
285
     1
 65
     0
276
    -2
286
     1
 66
     0
277
    -2
287
     1
 67
     0
278
    -2
288
     1
 68
     0
279
    -2
289
     1
 69
     0
  7
Standard
140
0.25
170
     5
 62
     0
 63
     7
283
     0
 90
      512
 91
        0
  1

274
    -2
284
     1
 64
     0
275
    -2
285
     1
 65
     0
276
    -2
286
     1
 66
     0
277
    -2
287
     1
 67
     0
278
    -2
288
     1
 68
     0
279
    -2
289
     1
 69
     0
  7
Standard
140
0.18
170
     5
 62
     0
 63
     7
283
     0
 90
      512
 91
        0
  1

274
    -2
284
     1
 64
     0
275
    -2
285
     1
 65
     0
276
    -2
286
     1
 66
     0
277
    -2
287
     1
 67
     0
278
    -2
288
     1
 68
     0
279
    -2
289
     1
 69
     0
  0
VISUALSTYLE
  5
2F
102
{ACAD_REACTORS
330
29
102
}
330
29
100
AcDbVisualStyle
  2
2dWireframe
 70
     4
177
     3
291
     0
 70
    58
 90
        0
176
     1
 90
        2
176
     1
 90
        0
176
     1
 90
        0
176
     1
 40
0.6
176
     1
 40
30.0
176
     1
 62
     7
420
 16777215
176
     1
 90
        1
176
     1
 90
        4
176
     1
 62
     7
176
     1
 62
   257
176
     1
 90
        1
176
     1
 90
        1
176
     1
 40
1.0
176
     1
 90
        0
176
     1
 62
   257
176
     1
 40
1.0
176
     1
 90
        1
176
     1
 90
        6
176
     1
 90
        2
176
     1
 62
     7
176
     1
 90
        5
176
     1
 90
        0
176
     1
 90
        0
176
     1
290
     0
176
     1
 90
        1
176
     1
 40
0.0
176
     1
 90
        0
176
     1
290
     1
176
     1
290
     1
176
     1
290
     0
176
     1
290
     0
176
     1
290
     0
176
     1
290
     0
176
     1
290
     0
176
     1
290
     0
176
     1
290
     0
176
     1
 90
       50
176
     1
 40
0.0
176
     1
 40
1.0
176
     1
 90
        0
176
     1
 62
    18
420
        0
176
     1
 90
       50
176
     1
 90
        3
176
     1
 62
     5
420
      255
176
     1
290
     0
176
     1
 90
       50
176
     1
 90
       50
176
     1
 90
       50
176
     1
290
     0
176
     1
 90
       50
176
     1
 62
   256
176
     0
 40
1.0
176
     0
 90
        2
176
     1
  1
strokes_ogs.tif
176
     1
290
     0
176
     1
 40
1.0
176
     1
 40
1.0
176
     1
1001
ACAD
1000
AcDbSavedByObjectVersion
1070
     0
  0
VISUALSTYLE
  5
2E
102
{ACAD_REACTORS
330
29
102
}
330
29
100
AcDbVisualStyle
  2
Basic
 70
     7
177
     3
291
     1
 70
    58
 90
        1
176
     1
 90
        0
176
     1
 90
        1
176
     1
 90
        0
176
     1
 40
0.6
176
     1
 40
30.0
176
     1
 62
     7
420
 16777215
176
     1
 90
        0
176
     1
 90
        4
176
     1
 62
     7
176
     1
 62
   257
176
     1
 90
        1
176
     1
 90
        1
176
     1
 40
1.0
176
     1
 90
        8
176
     1
 62
     7
176
     1
 40
1.0
176
     1
 90
        1
176
     1
 90
        6
176
     1
 90
        2
176
     1
 62
     7
176
     1
 90
        5
176
     1
 90
        0
176
     1
 90
        0
176
     1
290
     0
176
     1
 90
        1
176
     1
 40
0.0
176
     1
 90
        0
176
     1
290
     0
176
     1
290
     1
176
     1
290
     1
176
     1
290
     0
176
     1
290
     0
176
     1
290
     0
176
     1
290
     0
176
     1
290
     0
176
     1
290
     0
176
     1
 90
       50
176
     1
 40
0.0
176
     1
 40
1.0
176
     1
 90
        0
176
     1
 62
    18
420
        0
176
     1
 90
       50
176
     1
 90
        3
176
     1
 62
     5
420
      255
176
     1
290
     0
176
     1
 90
       50
176
     1
 90
       50
176
     1
 90
       50
176
     1
290
     0
176
     1
 90
       50
176
     1
 62
   256
176
     0
 40
1.0
176
     0
 90
        2
176
     1
  1
strokes_ogs.tif
176
     1
290
     0
176
     1
 40
1.0
176
     1
 40
1.0
176
     1
1001
ACAD
1000
AcDbSavedByObjectVersion
1070
     0
  0
VISUALSTYLE
  5
35
102
{ACAD_REACTORS
330
29
102
}
330
29
100
AcDbVisualStyle
  2
Brighten
 70
    12
177
     3
291
     1
 70
    58
 90
        2
176
     1
 90
        2
176
     1
 90
        0
176
     1
 90
        0
176
     1
 40
0.6
176
     1
 40
30.0
176
     1
 62
     7
420
 16777215
176
     1
 90
        1
176
     1
 90
        4
176
     1
 62
     7
176
     1
 62
   257
176
     1
 90
        1
176
     1
 90
        1
176
     1
 40
1.0
176
     1
 90
        8
176
     1
 62
     7
176
     1
 40
1.0
176
     1
 90
        1
176
     1
 90
        6
176
     1
 90
        2
176
     1
 62
     7
176
     1
 90
        5
176
     1
 90
        0
176
     1
 90
        0
176
     1
290
     0
176
     1
 90
        1
176
     1
 40
50.0
176
     1
 90
        0
176
     1
290
     0
176
     1
290
     1
176
     1
290
     1
176
     1
290
     0
176
     1
290
     0
176
     1
290
     0
176
     1
290
     0
176
     1
290
     0
176
     1
290
     0
176
     1
 90
       50
176
     1
 40
0.0
176
     1
 40
1.0
176
     1
 90
        0
176
     1
 62
    18
420
        0
176
     1
 90
       50
176
     1
 90
        3
176
     1
 62
     5
420
      255
176
     1
290
     0
176
     1
 90
       50
176
     1
 90
       50
176
     1
 90
       50
176
     1
290
     0
176
     1
 90
       50
176
     1
 62
   256
176
     0
 40
1.0
176
     0
 90
        2
176
     1
  1
strokes_ogs.tif
176
     1
290
     0
176
     1
 40
1.0
176
     1
 40
1.0
176
     1
1001
ACAD
1000
AcDbSavedByObjectVersion
1070
     0
  0
VISUALSTYLE
  5
39
102
{ACAD_REACTORS
330
29
102
}
330
29
100
AcDbVisualStyle
  2
ColorChange
 70
    16
177
     3
291
     1
 70
    58
 90
        2
176
     1
 90
        2
176
     1
 90
        3
176
     1
 90
        0
176
     1
 40
0.6
176
     1
 40
30.0
176
     1
 62
     8
420
  8421504
176
     1
 90
        1
176
     1
 90
        4
176
     1
 62
     7
176
     1
 62
   257
176
     1
 90
        1
176
     1
 90
        1
176
     1
 40
1.0
176
     1
 90
        8
176
     1
 62
     8
420
  8421504
176
     1
 40
1.0
176
     1
 90
        1
176
     1
 90
        6
176
     1
 90
        2
176
     1
 62
     7
176
     1
 90
        5
176
     1
 90
        0
176
     1
 90
        0
176
     1
290
     0
176
     1
 90
        1
176
     1
 40
0.0
176
     1
 90
        0
176
     1
290
     0
176
     1
290
     1
176
     1
290
     1
176
     1
290
     0
176
     1
290
     0
176
     1
290
     0
176
     1
290
     0
176
     1
290
     0
176
     1
290
     0
176
     1
 90
       50
176
     1
 40
0.0
176
     1
 40
1.0
176
     1
 90
        0
176
     1
 62
    18
420
        0
176
     1
 90
       50
176
     1
 90
        3
176
     1
 62
     5
420
      255
176
     1
290
     0
176
     1
 90
       50
176
     1
 90
       50
176
     1
 90
       50
176
     1
290
     0
176
     1
 90
       50
176
     1
 62
   256
176
     0
 40
1.0
176
     0
 90
        2
176
     1
  1
strokes_ogs.tif
176
     1
290
     0
176
     1
 40
1.0
176
     1
 40
1.0
176
     1
1001
ACAD
1000
AcDbSavedByObjectVersion
1070
     0
  0
VISUALSTYLE
  5
32
102
{ACAD_REACTORS
330
29
102
}
330
29
100
AcDbVisualStyle
  2
Conceptual
 70
     9
177
     3
291
     0
 70
    58
 90
        3
176
     1
 90
        2
176
     1
 90
        0
176
     1
 90
        0
176
     1
 40
0.6
176
     1
 40
30.0
176
     1
 62
     7
420
 16777215
176
     1
 90
        2
176
     1
 90
        2
176
     1
 62
     7
176
     1
 62
   257
176
     1
 90
        1
176
     1
 90
        1
176
     1
 40
179.0
176
     1
 90
        8
176
     1
 62
     7
176
     1
 40
1.0
176
     1
 90
        1
176
     1
 90
        6
176
     1
 90
        2
176
     1
 62
     7
176
     1
 90
        3
176
     1
 90
        0
176
     1
 90
        0
176
     1
290
     0
176
     1
 90
        1
176
     1
 40
0.0
176
     1
 90
        0
176
     1
290
     0
176
     1
290
     1
176
     1
290
     1
176
     1
290
     0
176
     1
290
     0
176
     1
290
     0
176
     1
290
     0
176
     1
290
     0
176
     1
290
     0
176
     1
 90
       50
176
     1
 40
0.0
176
     1
 40
1.0
176
     1
 90
        0
176
     1
 62
    18
420
        0
176
     1
 90
       50
176
     1
 90
        3
176
     1
 62
     5
420
      255
176
     1
290
     0
176
     1
 90
       50
176
     1
 90
       50
176
     1
 90
       50
176
     1
290
     0
176
     1
 90
       50
176
     1
 62
   256
176
     0
 40
1.0
176
     0
 90
        2
176
     1
  1
strokes_ogs.tif
176
     1
290
     0
176
     1
 40
1.0
176
     1
 40
1.0
176
     1
1001
ACAD
1000
AcDbSavedByObjectVersion
1070
     0
  0
VISUALSTYLE
  5
34
102
{ACAD_REACTORS
330
29
102
}
330
29
100
AcDbVisualStyle
  2
Dim
 70
    11
177
     3
291
     1
 70
    58
 90
        2
176
     1
 90
        2
176
     1
 90
        0
176
     1
 90
        0
176
     1
 40
0.6
176
     1
 40
30.0
176
     1
 62
     7
420
 16777215
176
     1
 90
        1
176
     1
 90
        4
176
     1
 62
     7
176
     1
 62
   257
176
     1
 90
        1
176
     1
 90
        1
176
     1
 40
1.0
176
     1
 90
        8
176
     1
 62
     7
176
     1
 40
1.0
176
     1
 90
        1
176
     1
 90
        6
176
     1
 90
        2
176
     1
 62
     7
176
     1
 90
        5
176
     1
 90
        0
176
     1
 90
        0
176
     1
290
     0
176
     1
 90
        1
176
     1
 40
-50.0
176
     1
 90
        0
176
     1
290
     0
176
     1
290
     1
176
     1
290
     1
176
     1
290
     0
176
     1
290
     0
176
     1
290
     0
176
     1
290
     0
176
     1
290
     0
176
     1
290
     0
176
     1
 90
       50
176
     1
 40
0.0
176
     1
 40
1.0
176
     1
 90
        0
176
     1
 62
    18
420
        0
176
     1
 90
       50
176
     1
 90
        3
176
     1
 62
     5
420
      255
176
     1
290
     0
176
     1
 90
       50
176
     1
 90
       50
176
     1
 90
       50
176
     1
290
     0
176
     1
 90
       50
176
     1
 62
   256
176
     0
 40
1.0
176
     0
 90
        2
176
     1
  1
strokes_ogs.tif
176
     1
290
     0
176
     1
 40
1.0
176
     1
 40
1.0
176
     1
1001
ACAD
1000
AcDbSavedByObjectVersion
1070
     0
  0
VISUALSTYLE
  5
41
102
{ACAD_REACTORS
330
29
102
}
330
29
100
AcDbVisualStyle
  2
EdgeColorOff
 70
    22
177
     3
291
     1
 70
    58
 90
        2
176
     0
 90
        2
176
     0
 90
        0
176
     0
 90
        0
176
     0
 40
0.6
176
     0
 40
30.0
176
     0
 62
     7
420
 16777215
176
     0
 90
        1
176
     0
 90
        4
176
     0
 62
     7
176
     0
 62
   257
176
     0
 90
        1
176
     0
 90
        1
176
     0
 40
1.0
176
     0
 90
        8
176
     2
 62
     7
176
     0
 40
1.0
176
     0
 90
        1
176
     0
 90
        6
176
     0
 90
        2
176
     0
 62
     7
176
     0
 90
        5
176
     0
 90
        0
176
     0
 90
        0
176
     0
290
     0
176
     0
 90
        1
176
     0
 40
0.0
176
     0
 90
        0
176
     0
290
     0
176
     0
290
     1
176
     0
290
     1
176
     0
290
     0
176
     0
290
     0
176
     0
290
     0
176
     0
290
     0
176
     0
290
     0
176
     0
290
     0
176
     0
 90
       50
176
     0
 40
0.0
176
     0
 40
1.0
176
     0
 90
        0
176
     0
 62
    18
420
        0
176
     0
 90
       50
176
     0
 90
        3
176
     0
 62
     5
420
      255
176
     0
290
     0
176
     0
 90
       50
176
     0
 90
       50
176
     0
 90
       50
176
     0
290
     0
176
     0
 90
       50
176
     0
 62
   256
176
     0
 40
1.0
176
     0
 90
        2
176
     0
  1
strokes_ogs.tif
176
     0
290
     0
176
     0
 40
1.0
176
     0
 40
1.0
176
     0
1001
ACAD
1000
AcDbSavedByObjectVersion
1070
     0
  0
VISUALSTYLE
  5
38
102
{ACAD_REACTORS
330
29
102
}
330
29
100
AcDbVisualStyle
  2
Facepattern
 70
    15
177
     3
291
     1
 70
    58
 90
        2
176
     1
 90
        2
176
     1
 90
        0
176
     1
 90
        0
176
     1
 40
0.6
176
     1
 40
30.0
176
     1
 62
     7
420
 16777215
176
     1
 90
        1
176
     1
 90
        4
176
     1
 62
     7
176
     1
 62
   257
176
     1
 90
        1
176
     1
 90
        1
176
     1
 40
1.0
176
     1
 90
        8
176
     1
 62
     7
176
     1
 40
1.0
176
     1
 90
        1
176
     1
 90
        6
176
     1
 90
        2
176
     1
 62
     7
176
     1
 90
        5
176
     1
 90
        0
176
     1
 90
        0
176
     1
290
     0
176
     1
 90
        1
176
     1
 40
0.0
176
     1
 90
        0
176
     1
290
     0
176
     1
290
     1
176
     1
290
     1
176
     1
290
     0
176
     1
290
     0
176
     1
290
     0
176
     1
290
     0
176
     1
290
     0
176
     1
290
     0
176
     1
 90
       50
176
     1
 40
0.0
176
     1
 40
1.0
176
     1
 90
        0
176
     1
 62
    18
420
        0
176
     1
 90
       50
176
     1
 90
        3
176
     1
 62
     5
420
      255
176
     1
290
     0
176
     1
 90
       50
176
     1
 90
       50
176
     1
 90
       50
176
     1
290
     0
176
     1
 90
       50
176
     1
 62
   256
176
     0
 40
1.0
176
     0
 90
        2
176
     1
  1
strokes_ogs.tif
176
     1
290
     0
176
     1
 40
1.0
176
     1
 40
1.0
176
     1
1001
ACAD
1000
AcDbSavedByObjectVersion
1070
     0
  0
VISUALSTYLE
  5
2A
102
{ACAD_REACTORS
330
29
102
}
330
29
100
AcDbVisualStyle
  2
Flat
 70
     0
177
     3
291
     1
 70
    58
 90
        2
176
     1
 90
        1
176
     1
 90
        1
176
     1
 90
        2
176
     1
 40
0.6
176
     1
 40
30.0
176
     1
 62
     7
420
 16777215
176
     1
 90
        0
176
     1
 90
        0
176
     1
 62
     7
176
     1
 62
   257
176
     1
 90
        1
176
     1
 90
        1
176
     1
 40
1.0
176
     1
 90
        8
176
     1
 62
     7
176
     1
 40
1.0
176
     1
 90
        1
176
     1
 90
        6
176
     1
 90
        2
176
     1
 62
     7
176
     1
 90
        5
176
     1
 90
        0
176
     1
 90
        0
176
     1
290
     0
176
     1
 90
       13
176
     1
 40
0.0
176
     1
 90
        0
176
     1
290
     0
176
     1
290
     1
176
     1
290
     1
176
     1
290
     0
176
     1
290
     0
176
     1
290
     0
176
     1
290
     0
176
     1
290
     0
176
     1
290
     0
176
     1
 90
       50
176
     1
 40
0.0
176
     1
 40
1.0
176
     1
 90
        0
176
     1
 62
    18
420
        0
176
     1
 90
       50
176
     1
 90
        3
176
     1
 62
     5
420
      255
176
     1
290
     0
176
     1
 90
       50
176
     1
 90
       50
176
     1
 90
       50
176
     1
290
     0
176
     1
 90
       50
176
     1
 62
   256
176
     0
 40
1.0
176
     0
 90
        2
176
     1
  1
strokes_ogs.tif
176
     1
290
     0
176
     1
 40
1.0
176
     1
 40
1.0
176
     1
1001
ACAD
1000
AcDbSavedByObjectVersion
1070
     0
  0
VISUALSTYLE
  5
2B
102
{ACAD_REACTORS
330
29
102
}
330
29
100
AcDbVisualStyle
  2
FlatWithEdges
 70
     1
177
     3
291
     1
 70
    58
 90
        2
176
     1
 90
        1
176
     1
 90
        1
176
     1
 90
        2
176
     1
 40
0.6
176
     1
 40
30.0
176
     1
 62
     7
420
 16777215
176
     1
 90
        1
176
     1
 90
        0
176
     1
 62
     7
176
     1
 62
   257
176
     1
 90
        1
176
     1
 90
        1
176
     1
 40
1.0
176
     1
 90
        0
176
     1
 62
   257
176
     1
 40
1.0
176
     1
 90
        1
176
     1
 90
        6
176
     1
 90
        2
176
     1
 62
     7
176
     1
 90
        5
176
     1
 90
        0
176
     1
 90
        0
176
     1
290
     0
176
     1
 90
       13
176
     1
 40
0.0
176
     1
 90
        0
176
     1
290
     0
176
     1
290
     1
176
     1
290
     1
176
     1
290
     0
176
     1
290
     0
176
     1
290
     0
176
     1
290
     0
176
     1
290
     0
176
     1
290
     0
176
     1
 90
       50
176
     1
 40
0.0
176
     1
 40
1.0
176
     1
 90
        0
176
     1
 62
    18
420
        0
176
     1
 90
       50
176
     1
 90
        3
176
     1
 62
     5
420
      255
176
     1
290
     0
176
     1
 90
       50
176
     1
 90
       50
176
     1
 90
       50
176
     1
290
     0
176
     1
 90
       50
176
     1
 62
   256
176
     0
 40
1.0
176
     0
 90
        2
176
     1
  1
strokes_ogs.tif
176
     1
290
     0
176
     1
 40
1.0
176
     1
 40
1.0
176
     1
1001
ACAD
1000
AcDbSavedByObjectVersion
1070
     0
  0
VISUALSTYLE
  5
2C
102
{ACAD_REACTORS
330
29
102
}
330
29
100
AcDbVisualStyle
  2
Gouraud
 70
     2
177
     3
291
     1
 70
    58
 90
        2
176
     1
 90
        2
176
     1
 90
        1
176
     1
 90
        2
176
     1
 40
0.6
176
     1
 40
30.0
176
     1
 62
     7
420
 16777215
176
     1
 90
        0
176
     1
 90
        0
176
     1
 62
     7
176
     1
 62
   257
176
     1
 90
        1
176
     1
 90
        1
176
     1
 40
1.0
176
     1
 90
        0
176
     1
 62
     7
176
     1
 40
1.0
176
     1
 90
        1
176
     1
 90
        6
176
     1
 90
        2
176
     1
 62
     7
176
     1
 90
        5
176
     1
 90
        0
176
     1
 90
        0
176
     1
290
     0
176
     1
 90
       13
176
     1
 40
0.0
176
     1
 90
        0
176
     1
290
     0
176
     1
290
     1
176
     1
290
     1
176
     1
290
     0
176
     1
290
     0
176
     1
290
     0
176
     1
290
     0
176
     1
290
     0
176
     1
290
     0
176
     1
 90
       50
176
     1
 40
0.0
176
     1
 40
1.0
176
     1
 90
        0
176
     1
 62
    18
420
        0
176
     1
 90
       50
176
     1
 90
        3
176
     1
 62
     5
420
      255
176
     1
290
     0
176
     1
 90
       50
176
     1
 90
       50
176
     1
 90
       50
176
     1
290
     0
176
     1
 90
       50
176
     1
 62
   256
176
     0
 40
1.0
176
     0
 90
        2
176
     1
  1
strokes_ogs.tif
176
     1
290
     0
176
     1
 40
1.0
176
     1
 40
1.0
176
     1
1001
ACAD
1000
AcDbSavedByObjectVersion
1070
     0
  0
VISUALSTYLE
  5
2D
102
{ACAD_REACTORS
330
29
102
}
330
29
100
AcDbVisualStyle
  2
GouraudWithEdges
 70
     3
177
     3
291
     1
 70
    58
 90
        2
176
     1
 90
        2
176
     1
 90
        1
176
     1
 90
        2
176
     1
 40
0.6
176
     1
 40
30.0
176
     1
 62
     7
420
 16777215
176
     1
 90
        1
176
     1
 90
        0
176
     1
 62
     7
176
     1
 62
   257
176
     1
 90
        1
176
     1
 90
        1
176
     1
 40
1.0
176
     1
 90
        0
176
     1
 62
   257
176
     1
 40
1.0
176
     1
 90
        1
176
     1
 90
        6
176
     1
 90
        2
176
     1
 62
     7
176
     1
 90
        5
176
     1
 90
        0
176
     1
 90
        0
176
     1
290
     0
176
     1
 90
       13
176
     1
 40
0.0
176
     1
 90
        0
176
     1
290
     0
176
     1
290
     1
176
     1
290
     1
176
     1
290
     0
176
     1
290
     0
176
     1
290
     0
176
     1
290
     0
176
     1
290
     0
176
     1
290
     0
176
     1
 90
       50
176
     1
 40
0.0
176
     1
 40
1.0
176
     1
 90
        0
176
     1
 62
    18
420
        0
176
     1
 90
       50
176
     1
 90
        3
176
     1
 62
     5
420
      255
176
     1
290
     0
176
     1
 90
       50
176
     1
 90
       50
176
     1
 90
       50
176
     1
290
     0
176
     1
 90
       50
176
     1
 62
   256
176
     0
 40
1.0
176
     0
 90
        2
176
     1
  1
strokes_ogs.tif
176
     1
290
     0
176
     1
 40
1.0
176
     1
 40
1.0
176
     1
1001
ACAD
1000
AcDbSavedByObjectVersion
1070
     0
  0
VISUALSTYLE
  5
31
102
{ACAD_REACTORS
330
29
102
}
330
29
100
AcDbVisualStyle
  2
Hidden
 70
     6
177
     3
291
     0
 70
    58
 90
        1
176
     1
 90
        2
176
     1
 90
        2
176
     1
 90
        0
176
     1
 40
0.6
176
     1
 40
30.0
176
     1
 62
     7
420
 16777215
176
     1
 90
        2
176
     1
 90
        2
176
     1
 62
     7
176
     1
 62
   257
176
     1
 90
        2
176
     1
 90
        1
176
     1
 40
40.0
176
     1
 90
        0
176
     1
 62
   257
176
     1
 40
1.0
176
     1
 90
        1
176
     1
 90
        6
176
     1
 90
        2
176
     1
 62
     7
176
     1
 90
        3
176
     1
 90
        0
176
     1
 90
        0
176
     1
290
     0
176
     1
 90
        1
176
     1
 40
0.0
176
     1
 90
        0
176
     1
290
     0
176
     1
290
     1
176
     1
290
     1
176
     1
290
     0
176
     1
290
     0
176
     1
290
     0
176
     1
290
     0
176
     1
290
     0
176
     1
290
     0
176
     1
 90
       50
176
     1
 40
0.0
176
     1
 40
1.0
176
     1
 90
        0
176
     1
 62
    18
420
        0
176
     1
 90
       50
176
     1
 90
        3
176
     1
 62
     5
420
      255
176
     1
290
     0
176
     1
 90
       50
176
     1
 90
       50
176
     1
 90
       50
176
     1
290
     0
176
     1
 90
       50
176
     1
 62
   256
176
     0
 40
1.0
176
     0
 90
        2
176
     1
  1
strokes_ogs.tif
176
     1
290
     0
176
     1
 40
1.0
176
     1
 40
1.0
176
     1
1001
ACAD
1000
AcDbSavedByObjectVersion
1070
     0
  0
VISUALSTYLE
  5
3F
102
{ACAD_REACTORS
330
29
102
}
330
29
100
AcDbVisualStyle
  2
JitterOff
 70
    20
177
     3
291
     1
 70
    58
 90
        2
176
     0
 90
        2
176
     0
 90
        0
176
     0
 90
        0
176
     0
 40
0.6
176
     0
 40
30.0
176
     0
 62
     7
420
 16777215
176
     0
 90
        1
176
     0
 90
        4
176
     0
 62
     7
176
     0
 62
   257
176
     0
 90
        1
176
     0
 90
        1
176
     0
 40
1.0
176
     0
 90
       10
176
     2
 62
     7
176
     0
 40
1.0
176
     0
 90
        1
176
     0
 90
        6
176
     0
 90
        2
176
     0
 62
     7
176
     0
 90
        5
176
     0
 90
        0
176
     0
 90
        0
176
     0
290
     0
176
     0
 90
        1
176
     0
 40
0.0
176
     0
 90
        0
176
     0
290
     0
176
     0
290
     1
176
     0
290
     1
176
     0
290
     0
176
     0
290
     0
176
     0
290
     0
176
     0
290
     0
176
     0
290
     0
176
     0
290
     0
176
     0
 90
       50
176
     0
 40
0.0
176
     0
 40
1.0
176
     0
 90
        0
176
     0
 62
    18
420
        0
176
     0
 90
       50
176
     0
 90
        3
176
     0
 62
     5
420
      255
176
     0
290
     0
176
     0
 90
       50
176
     0
 90
       50
176
     0
 90
       50
176
     0
290
     0
176
     0
 90
       50
176
     0
 62
   256
176
     0
 40
1.0
176
     0
 90
        2
176
     0
  1
strokes_ogs.tif
176
     0
290
     0
176
     0
 40
1.0
176
     0
 40
1.0
176
     0
1001
ACAD
1000
AcDbSavedByObjectVersion
1070
     0
  0
VISUALSTYLE
  5
37
102
{ACAD_REACTORS
330
29
102
}
330
29
100
AcDbVisualStyle
  2
Linepattern
 70
    14
177
     3
291
     1
 70
    58
 90
        2
176
     1
 90
        2
176
     1
 90
        0
176
     1
 90
        0
176
     1
 40
0.6
176
     1
 40
30.0
176
     1
 62
     7
420
 16777215
176
     1
 90
        1
176
     1
 90
        4
176
     1
 62
     7
176
     1
 62
   257
176
     1
 90
        7
176
     1
 90
        7
176
     1
 40
1.0
176
     1
 90
        8
176
     1
 62
     7
176
     1
 40
1.0
176
     1
 90
        1
176
     1
 90
        6
176
     1
 90
        2
176
     1
 62
     7
176
     1
 90
        5
176
     1
 90
        0
176
     1
 90
        0
176
     1
290
     0
176
     1
 90
        1
176
     1
 40
0.0
176
     1
 90
        0
176
     1
290
     0
176
     1
290
     1
176
     1
290
     1
176
     1
290
     0
176
     1
290
     0
176
     1
290
     0
176
     1
290
     0
176
     1
290
     0
176
     1
290
     0
176
     1
 90
       50
176
     1
 40
0.0
176
     1
 40
1.0
176
     1
 90
        0
176
     1
 62
    18
420
        0
176
     1
 90
       50
176
     1
 90
        3
176
     1
 62
     5
420
      255
176
     1
290
     0
176
     1
 90
       50
176
     1
 90
       50
176
     1
 90
       50
176
     1
290
     0
176
     1
 90
       50
176
     1
 62
   256
176
     0
 40
1.0
176
     0
 90
        2
176
     1
  1
strokes_ogs.tif
176
     1
290
     0
176
     1
 40
1.0
176
     1
 40
1.0
176
     1
1001
ACAD
1000
AcDbSavedByObjectVersion
1070
     0
  0
VISUALSTYLE
  5
40
102
{ACAD_REACTORS
330
29
102
}
330
29
100
AcDbVisualStyle
  2
OverhangOff
 70
    21
177
     3
291
     1
 70
    58
 90
        2
176
     0
 90
        2
176
     0
 90
        0
176
     0
 90
        0
176
     0
 40
0.6
176
     0
 40
30.0
176
     0
 62
     7
420
 16777215
176
     0
 90
        1
176
     0
 90
        4
176
     0
 62
     7
176
     0
 62
   257
176
     0
 90
        1
176
     0
 90
        1
176
     0
 40
1.0
176
     0
 90
        9
176
     2
 62
     7
176
     0
 40
1.0
176
     0
 90
        1
176
     0
 90
        6
176
     0
 90
        2
176
     0
 62
     7
176
     0
 90
        5
176
     0
 90
        0
176
     0
 90
        0
176
     0
290
     0
176
     0
 90
        1
176
     0
 40
0.0
176
     0
 90
        0
176
     0
290
     0
176
     0
290
     1
176
     0
290
     1
176
     0
290
     0
176
     0
290
     0
176
     0
290
     0
176
     0
290
     0
176
     0
290
     0
176
     0
290
     0
176
     0
 90
       50
176
     0
 40
0.0
176
     0
 40
1.0
176
     0
 90
        0
176
     0
 62
    18
420
        0
176
     0
 90
       50
176
     0
 90
        3
176
     0
 62
     5
420
      255
176
     0
290
     0
176
     0
 90
       50
176
     0
 90
       50
176
     0
 90
       50
176
     0
290
     0
176
     0
 90
       50
176
     0
 62
   256
176
     0
 40
1.0
176
     0
 90
        2
176
     0
  1
strokes_ogs.tif
176
     0
290
     0
176
     0
 40
1.0
176
     0
 40
1.0
176
     0
1001
ACAD
1000
AcDbSavedByObjectVersion
1070
     0
  0
VISUALSTYLE
  5
33
102
{ACAD_REACTORS
330
29
102
}
330
29
100
AcDbVisualStyle
  2
Realistic
 70
     8
177
     3
291
     0
 70
    58
 90
        2
176
     1
 90
        3
176
     1
 90
        0
176
     1
 90
        2
176
     1
 40
0.6
176
     1
 40
30.0
176
     1
 62
     7
420
 16777215
176
     1
 90
        0
176
     1
 90
        0
176
     1
 62
     7
176
     1
 62
   257
176
     1
 90
        1
176
     1
 90
        1
176
     1
 40
1.0
176
     1
 90
        8
176
     1
 62
   257
176
     1
 40
1.0
176
     1
 90
        1
176
     1
 90
        6
176
     1
 90
        2
176
     1
 62
     7
176
     1
 90
        3
176
     1
 90
        0
176
     1
 90
        0
176
     1
290
     0
176
     1
 90
       13
176
     1
 40
0.0
176
     1
 90
        0
176
     1
290
     0
176
     1
290
     1
176
     1
290
     1
176
     1
290
     0
176
     1
290
     0
176
     1
290
     0
176
     1
290
     0
176
     1
290
     0
176
     1
290
     0
176
     1
 90
       50
176
     1
 40
0.0
176
     1
 40
1.0
176
     1
 90
        0
176
     1
 62
    18
420
        0
176
     1
 90
       50
176
     1
 90
        3
176
     1
 62
     5
420
      255
176
     1
290
     0
176
     1
 90
       50
176
     1
 90
       50
176
     1
 90
       50
176
     1
290
     0
176
     1
 90
       50
176
     1
 62
   256
176
     0
 40
1.0
176
     0
 90
        2
176
     1
  1
strokes_ogs.tif
176
     1
290
     0
176
     1
 40
1.0
176
     1
 40
1.0
176
     1
1001
ACAD
1000
AcDbSavedByObjectVersion
1070
     0
  0
VISUALSTYLE
  5
3E
102
{ACAD_REACTORS
330
29
102
}
330
29
100
AcDbVisualStyle
  2
Shaded
 70
    27
177
     3
291
     0
 70
    58
 90
        2
176
     1
 90
        2
176
     1
 90
        1
176
     1
 90
        2
176
     1
 40
0.6
176
     1
 40
30.0
176
     1
 62
     7
420
 16777215
176
     1
 90
        0
176
     1
 90
        4
176
     1
 62
     7
176
     1
 62
   257
176
     1
 90
        1
176
     1
 90
        1
176
     1
 40
1.0
176
     1
 90
        8
176
     1
 62
   257
176
     1
 40
1.0
176
     1
 90
        1
176
     1
 90
        6
176
     1
 90
        2
176
     1
 62
     8
420
  7895160
176
     1
 90
        3
176
     1
 90
        0
176
     1
 90
        0
176
     1
290
     0
176
     1
 90
        5
176
     1
 40
0.0
176
     1
 90
        0
176
     1
290
     0
176
     1
290
     1
176
     1
290
     1
176
     1
290
     0
176
     1
290
     0
176
     1
290
     0
176
     1
290
     0
176
     1
290
     0
176
     1
290
     0
176
     1
 90
       50
176
     1
 40
0.0
176
     1
 40
1.0
176
     1
 90
        0
176
     1
 62
    18
420
        0
176
     1
 90
       50
176
     1
 90
        3
176
     1
 62
     5
420
      255
176
     1
290
     0
176
     1
 90
       50
176
     1
 90
       50
176
     1
 90
       50
176
     1
290
     0
176
     1
 90
       50
176
     1
 62
   256
176
     0
 40
1.0
176
     0
 90
        2
176
     1
  1
strokes_ogs.tif
176
     1
290
     0
176
     1
 40
1.0
176
     1
 40
1.0
176
     1
1001
ACAD
1000
AcDbSavedByObjectVersion
1070
     0
  0
VISUALSTYLE
  5
3D
102
{ACAD_REACTORS
330
29
102
}
330
29
100
AcDbVisualStyle
  2
Shaded with edges
 70
    26
177
     3
291
     0
 70
    58
 90
        2
176
     1
 90
        2
176
     1
 90
        1
176
     1
 90
        2
176
     1
 40
0.6
176
     1
 40
30.0
176
     1
 62
     7
420
 16777215
176
     1
 90
        1
176
     1
 90
        2
176
     1
 62
     7
176
     1
 62
   257
176
     1
 90
        2
176
     1
 90
        1
176
     1
 40
1.0
176
     1
 90
        8
176
     1
 62
   257
176
     1
 40
1.0
176
     1
 90
        1
176
     1
 90
        6
176
     1
 90
        2
176
     1
 62
     7
176
     1
 90
        3
176
     1
 90
        0
176
     1
 90
        0
176
     1
290
     0
176
     1
 90
        5
176
     1
 40
0.0
176
     1
 90
        0
176
     1
290
     0
176
     1
290
     1
176
     1
290
     1
176
     1
290
     0
176
     1
290
     0
176
     1
290
     0
176
     1
290
     0
176
     1
290
     0
176
     1
290
     0
176
     1
 90
       50
176
     1
 40
0.0
176
     1
 40
1.0
176
     1
 90
        0
176
     1
 62
    18
420
        0
176
     1
 90
       50
176
     1
 90
        3
176
     1
 62
     5
420
      255
176
     1
290
     0
176
     1
 90
       50
176
     1
 90
       50
176
     1
 90
       50
176
     1
290
     0
176
     1
 90
       50
176
     1
 62
   256
176
     0
 40
1.0
176
     0
 90
        2
176
     1
  1
strokes_ogs.tif
176
     1
290
     0
176
     1
 40
1.0
176
     1
 40
1.0
176
     1
1001
ACAD
1000
AcDbSavedByObjectVersion
1070
     0
  0
VISUALSTYLE
  5
3A
102
{ACAD_REACTORS
330
29
102
}
330
29
100
AcDbVisualStyle
  2
Shades of Gray
 70
    23
177
     3
291
     0
 70
    58
 90
        2
176
     1
 90
        2
176
     1
 90
        3
176
     1
 90
        0
176
     1
 40
0.6
176
     1
 40
30.0
176
     1
 62
     7
420
 16777215
176
     1
 90
        2
176
     1
 90
        2
176
     1
 62
     7
176
     1
 62
     7
176
     1
 90
        1
176
     1
 90
        1
176
     1
 40
40.0
176
     1
 90
        8
176
     1
 62
     7
176
     1
 40
1.0
176
     1
 90
        1
176
     1
 90
        6
176
     1
 90
        2
176
     1
 62
     7
176
     1
 90
        3
176
     1
 90
        0
176
     1
 90
        0
176
     1
290
     0
176
     1
 90
        1
176
     1
 40
0.0
176
     1
 90
        0
176
     1
290
     0
176
     1
290
     1
176
     1
290
     1
176
     1
290
     0
176
     1
290
     0
176
     1
290
     0
176
     1
290
     0
176
     1
290
     0
176
     1
290
     0
176
     1
 90
       50
176
     1
 40
0.0
176
     1
 40
1.0
176
     1
 90
        0
176
     1
 62
    18
420
        0
176
     1
 90
       50
176
     1
 90
        3
176
     1
 62
     5
420
      255
176
     1
290
     0
176
     1
 90
       50
176
     1
 90
       50
176
     1
 90
       50
176
     1
290
     0
176
     1
 90
       50
176
     1
 62
   256
176
     0
 40
1.0
176
     0
 90
        2
176
     1
  1
strokes_ogs.tif
176
     1
290
     0
176
     1
 40
1.0
176
     1
 40
1.0
176
     1
1001
ACAD
1000
AcDbSavedByObjectVersion
1070
     0
  0
VISUALSTYLE
  5
3B
102
{ACAD_REACTORS
330
29
102
}
330
29
100
AcDbVisualStyle
  2
Sketchy
 70
    24
177
     3
291
     0
 70
    58
 90
        1
176
     1
 90
        2
176
     1
 90
        2
176
     1
 90
        0
176
     1
 40
0.6
176
     1
 40
30.0
176
     1
 62
     7
420
 16777215
176
     1
 90
        2
176
     1
 90
        2
176
     1
 62
     7
176
     1
 62
     7
176
     1
 90
        1
176
     1
 90
        1
176
     1
 40
40.0
176
     1
 90
       11
176
     1
 62
     7
176
     1
 40
1.0
176
     1
 90
        1
176
     1
 90
        6
176
     1
 90
        2
176
     1
 62
     7
176
     1
 90
        6
176
     1
 90
        0
176
     1
 90
        0
176
     1
290
     0
176
     1
 90
        1
176
     1
 40
0.0
176
     1
 90
        0
176
     1
290
     0
176
     1
290
     1
176
     1
290
     1
176
     1
290
     0
176
     1
290
     0
176
     1
290
     0
176
     1
290
     0
176
     1
290
     0
176
     1
290
     0
176
     1
 90
       50
176
     1
 40
0.0
176
     1
 40
1.0
176
     1
 90
        0
176
     1
 62
    18
420
        0
176
     1
 90
       50
176
     1
 90
        3
176
     1
 62
     5
420
      255
176
     1
290
     0
176
     1
 90
       50
176
     1
 90
       50
176
     1
 90
       50
176
     1
290
     0
176
     1
 90
       50
176
     1
 62
   256
176
     0
 40
1.0
176
     0
 90
        2
176
     1
  1
strokes_ogs.tif
176
     1
290
     0
176
     1
 40
1.0
176
     1
 40
1.0
176
     1
1001
ACAD
1000
AcDbSavedByObjectVersion
1070
     0
  0
VISUALSTYLE
  5
36
102
{ACAD_REACTORS
330
29
102
}
330
29
100
AcDbVisualStyle
  2
Thicken
 70
    13
177
     3
291
     1
 70
    58
 90
        2
176
     1
 90
        2
176
     1
 90
        0
176
     1
 90
        0
176
     1
 40
0.6
176
     1
 40
30.0
176
     1
 62
     7
420
 16777215
176
     1
 90
        1
176
     1
 90
        4
176
     1
 62
     7
176
     1
 62
   257
176
     1
 90
        1
176
     1
 90
        1
176
     1
 40
1.0
176
     1
 90
       12
176
     1
 62
     7
176
     1
 40
1.0
176
     1
 90
        1
176
     1
 90
        6
176
     1
 90
        2
176
     1
 62
     7
176
     1
 90
        5
176
     1
 90
        0
176
     1
 90
        0
176
     1
290
     0
176
     1
 90
        1
176
     1
 40
0.0
176
     1
 90
        0
176
     1
290
     0
176
     1
290
     1
176
     1
290
     1
176
     1
290
     0
176
     1
290
     0
176
     1
290
     0
176
     1
290
     0
176
     1
290
     0
176
     1
290
     0
176
     1
 90
       50
176
     1
 40
0.0
176
     1
 40
1.0
176
     1
 90
        0
176
     1
 62
    18
420
        0
176
     1
 90
       50
176
     1
 90
        3
176
     1
 62
     5
420
      255
176
     1
290
     0
176
     1
 90
       50
176
     1
 90
       50
176
     1
 90
       50
176
     1
290
     0
176
     1
 90
       50
176
     1
 62
   256
176
     0
 40
1.0
176
     0
 90
        2
176
     1
  1
strokes_ogs.tif
176
     1
290
     0
176
     1
 40
1.0
176
     1
 40
1.0
176
     1
1001
ACAD
1000
AcDbSavedByObjectVersion
1070
     0
  0
VISUALSTYLE
  5
30
102
{ACAD_REACTORS
330
29
102
}
330
29
100
AcDbVisualStyle
  2
Wireframe
 70
     5
177
     3
291
     0
 70
    58
 90
        0
176
     1
 90
        2
176
     1
 90
        0
176
     1
 90
        0
176
     1
 40
0.6
176
     1
 40
30.0
176
     1
 62
     7
420
 16777215
176
     1
 90
        1
176
     1
 90
        4
176
     1
 62
     7
176
     1
 62
   257
176
     1
 90
        1
176
     1
 90
        1
176
     1
 40
1.0
176
     1
 90
        0
176
     1
 62
   257
176
     1
 40
1.0
176
     1
 90
        1
176
     1
 90
        6
176
     1
 90
        2
176
     1
 62
     7
176
     1
 90
        3
176
     1
 90
        0
176
     1
 90
        0
176
     1
290
     0
176
     1
 90
        1
176
     1
 40
0.0
176
     1
 90
        0
176
     1
290
     0
176
     1
290
     1
176
     1
290
     1
176
     1
290
     0
176
     1
290
     0
176
     1
290
     0
176
     1
290
     0
176
     1
290
     0
176
     1
290
     0
176
     1
 90
       50
176
     1
 40
0.0
176
     1
 40
1.0
176
     1
 90
        0
176
     1
 62
    18
420
        0
176
     1
 90
       50
176
     1
 90
        3
176
     1
 62
     5
420
      255
176
     1
290
     0
176
     1
 90
       50
176
     1
 90
       50
176
     1
 90
       50
176
     1
290
     0
176
     1
 90
       50
176
     1
 62
   256
176
     0
 40
1.0
176
     0
 90
        2
176
     1
  1
strokes_ogs.tif
176
     1
290
     0
176
     1
 40
1.0
176
     1
 40
1.0
176
     1
1001
ACAD
1000
AcDbSavedByObjectVersion
1070
     0
  0
VISUALSTYLE
  5
3C
102
{ACAD_REACTORS
330
29
102
}
330
29
100
AcDbVisualStyle
  2
X-Ray
 70
    25
177
     3
291
     0
 70
    58
 90
        2
176
     1
 90
        2
176
     1
 90
        1
176
     1
 90
        1
176
     1
 40
0.5
176
     1
 40
30.0
176
     1
 62
     7
420
 16777215
176
     1
 90
        1
176
     1
 90
        0
176
     1
 62
     7
176
     1
 62
   257
176
     1
 90
        1
176
     1
 90
        1
176
     1
 40
1.0
176
     1
 90
        8
176
     1
 62
     7
176
     1
 40
1.0
176
     1
 90
        1
176
     1
 90
        6
176
     1
 90
        2
176
     1
 62
     7
176
     1
 90
        3
176
     1
 90
        0
176
     1
 90
        0
176
     1
290
     0
176
     1
 90
       13
176
     1
 40
0.0
176
     1
 90
        0
176
     1
290
     0
176
     1
290
     1
176
     1
290
     1
176
     1
290
     0
176
     1
290
     0
176
     1
290
     0
176
     1
290
     0
176
     1
290
     0
176
     1
290
     0
176
     1
 90
       50
176
     1
 40
0.0
176
     1
 40
1.0
176
     1
 90
        0
176
     1
 62
    18
420
        0
176
     1
 90
       50
176
     1
 90
        3
176
     1
 62
     5
420
      255
176
     1
290
     0
176
     1
 90
       50
176
     1
 90
       50
176
     1
 90
       50
176
     1
290
     0
176
     1
 90
       50
176
     1
 62
   256
176
     0
 40
1.0
176
     0
 90
        2
176
     1
  1
strokes_ogs.tif
176
     1
290
     0
176
     1
 40
1.0
176
     1
 40
1.0
176
     1
1001
ACAD
1000
AcDbSavedByObjectVersion
1070
     0
  0
DICTIONARYVAR
  5
70F
102
{ACAD_REACTORS
330
70A
102
}
330
70A
100
DictionaryVariables
280
     0
  1
0
  0
DICTIONARYVAR
  5
710
102
{ACAD_REACTORS
330
70A
102
}
330
70A
100
DictionaryVariables
280
     0
  1
1:1
  0
DICTIONARYVAR
  5
70C
102
{ACAD_REACTORS
330
70A
102
}
330
70A
100
DictionaryVariables
280
     0
  1
STANDARD
  0
DICTIONARYVAR
  5
70B
102
{ACAD_REACTORS
330
70A
102
}
330
70A
100
DictionaryVariables
280
     0
  1
STANDARD
  0
DICTIONARYVAR
  5
70D
102
{ACAD_REACTORS
330
70A
102
}
330
70A
100
DictionaryVariables
280
     0
  1
Imperial24
  0
DICTIONARYVAR
  5
70E
102
{ACAD_REACTORS
330
70A
102
}
330
70A
100
DictionaryVariables
280
     0
  1
Imperial24
  0
DICTIONARY
  5
716
330
6B
100
AcDbDictionary
280
     1
281
     1
  3
ACAD_XREC_ROUNDTRIP
360
717
  0
DICTIONARY
  5
1A
330
19
100
AcDbDictionary
280
     1
281
     1
  3
BUMPTILE
360
1C
  3
DIFFUSETILE
360
1B
  3
OPACITYTILE
360
1F
  3
REFLECTIONTILE
360
1E
  3
REFRACTIONTILE
360
20
  3
SPECULARTILE
360
1D
  0
DICTIONARY
  5
12
330
11
100
AcDbDictionary
280
     1
281
     1
  3
BUMPTILE
360
14
  3
DIFFUSETILE
360
13
  3
OPACITYTILE
360
17
  3
REFLECTIONTILE
360
16
  3
REFRACTIONTILE
360
18
  3
SPECULARTILE
360
15
  0
DICTIONARY
  5
22
330
21
100
AcDbDictionary
280
     1
281
     1
  3
BUMPTILE
360
24
  3
DIFFUSETILE
360
23
  3
OPACITYTILE
360
27
  3
REFLECTIONTILE
360
26
  3
REFRACTIONTILE
360
28
  3
SPECULARTILE
360
25
  0
DICTIONARY
  5
714
330
69
100
AcDbDictionary
280
     1
281
     1
  3
ACAD_XREC_ROUNDTRIP
360
715
  0
DICTIONARY
  5
711
330
65
100
AcDbDictionary
280
     1
281
     1
  3
ACAD_ROUNDTRIP_2008_TABLESTYLE_CELLSTYLEMAP
360
712
  0
XRECORD
  5
717
102
{ACAD_REACTORS
330
716
102
}
330
716
100
AcDbXrecord
280
     1
102
DISPLAYNAME
  1
Imperial24
102
FLAGS
 90
        0
  0
XRECORD
  5
1C
102
{ACAD_REACTORS
330
1A
102
}
330
1A
100
AcDbXrecord
280
     1
270
     1
271
     1
  0
XRECORD
  5
1B
102
{ACAD_REACTORS
330
1A
102
}
330
1A
100
AcDbXrecord
280
     1
270
     1
271
     1
  0
XRECORD
  5
1F
102
{ACAD_REACTORS
330
1A
102
}
330
1A
100
AcDbXrecord
280
     1
270
     1
271
     1
  0
XRECORD
  5
1E
102
{ACAD_REACTORS
330
1A
102
}
330
1A
100
AcDbXrecord
280
     1
270
     1
271
     1
  0
XRECORD
  5
20
102
{ACAD_REACTORS
330
1A
102
}
330
1A
100
AcDbXrecord
280
     1
270
     1
271
     1
  0
XRECORD
  5
1D
102
{ACAD_REACTORS
330
1A
102
}
330
1A
100
AcDbXrecord
280
     1
270
     1
271
     1
  0
XRECORD
  5
14
102
{ACAD_REACTORS
330
12
102
}
330
12
100
AcDbXrecord
280
     1
270
     1
271
     1
  0
XRECORD
  5
13
102
{ACAD_REACTORS
330
12
102
}
330
12
100
AcDbXrecord
280
     1
270
     1
271
     1
  0
XRECORD
  5
17
102
{ACAD_REACTORS
330
12
102
}
330
12
100
AcDbXrecord
280
     1
270
     1
271
     1
  0
XRECORD
  5
16
102
{ACAD_REACTORS
330
12
102
}
330
12
100
AcDbXrecord
280
     1
270
     1
271
     1
  0
XRECORD
  5
18
102
{ACAD_REACTORS
330
12
102
}
330
12
100
AcDbXrecord
280
     1
270
     1
271
     1
  0
XRECORD
  5
15
102
{ACAD_REACTORS
330
12
102
}
330
12
100
AcDbXrecord
280
     1
270
     1
271
     1
  0
XRECORD
  5
24
102
{ACAD_REACTORS
330
22
102
}
330
22
100
AcDbXrecord
280
     1
270
     1
271
     1
  0
XRECORD
  5
23
102
{ACAD_REACTORS
330
22
102
}
330
22
100
AcDbXrecord
280
     1
270
     1
271
     1
  0
XRECORD
  5
27
102
{ACAD_REACTORS
330
22
102
}
330
22
100
AcDbXrecord
280
     1
270
     1
271
     1
  0
XRECORD
  5
26
102
{ACAD_REACTORS
330
22
102
}
330
22
100
AcDbXrecord
280
     1
270
     1
271
     1
  0
XRECORD
  5
28
102
{ACAD_REACTORS
330
22
102
}
330
22
100
AcDbXrecord
280
     1
270
     1
271
     1
  0
XRECORD
  5
25
102
{ACAD_REACTORS
330
22
102
}
330
22
100
AcDbXrecord
280
     1
270
     1
271
     1
  0
XRECORD
  5
715
102
{ACAD_REACTORS
330
714
102
}
330
714
100
AcDbXrecord
280
     1
102
DISPLAYNAME
  1
Imperial24
102
FLAGS
 90
        0
  0
CELLSTYLEMAP
  5
712
102
{ACAD_REACTORS
330
711
102
}
330
711
100
AcDbCellStyleMap
 90
        3
300
CELLSTYLE
  1
TABLEFORMAT_BEGIN
 90
        5
170
     1
 91
        0
 92
    32768
 62
   257
 93
        1
300
CONTENTFORMAT
  1
CONTENTFORMAT_BEGIN
 90
        0
 91
        0
 92
      512
 93
        0
300

 40
0.0
140
1.0
 94
        5
 62
     0
340
55
144
0.25
309
CONTENTFORMAT_END
171
     1
301
MARGIN
  1
CELLMARGIN_BEGIN
 40
1.5
 40
1.5
 40
1.5
 40
1.5
 40
0.18
 40
0.18
309
CELLMARGIN_END
 94
        0
309
TABLEFORMAT_END
  1
CELLSTYLE_BEGIN
 90
        1
 91
        1
300
_TITLE
309
CELLSTYLE_END
300
CELLSTYLE
  1
TABLEFORMAT_BEGIN
 90
        5
170
     1
 91
        0
 92
        0
 62
   257
 93
        1
300
CONTENTFORMAT
  1
CONTENTFORMAT_BEGIN
 90
        0
 91
        0
 92
      512
 93
        0
300

 40
0.0
140
1.0
 94
        5
 62
     0
340
55
144
0.18
309
CONTENTFORMAT_END
171
     1
301
MARGIN
  1
CELLMARGIN_BEGIN
 40
1.5
 40
1.5
 40
1.5
 40
1.5
 40
0.18
 40
0.18
309
CELLMARGIN_END
 94
        0
309
TABLEFORMAT_END
  1
CELLSTYLE_BEGIN
 90
        2
 91
        1
300
_HEADER
309
CELLSTYLE_END
300
CELLSTYLE
  1
TABLEFORMAT_BEGIN
 90
        5
170
     1
 91
        0
 92
        0
 62
   257
 93
        1
300
CONTENTFORMAT
  1
CONTENTFORMAT_BEGIN
 90
        0
 91
        0
 92
      512
 93
        0
300

 40
0.0
140
1.0
 94
        2
 62
     0
340
55
144
0.18
309
CONTENTFORMAT_END
171
     1
301
MARGIN
  1
CELLMARGIN_BEGIN
 40
1.5
 40
1.5
 40
1.5
 40
1.5
 40
0.18
 40
0.18
309
CELLMARGIN_END
 94
        0
309
TABLEFORMAT_END
  1
CELLSTYLE_BEGIN
 90
        3
 91
        2
300
_DATA
309
CELLSTYLE_END
  0
ENDSEC
  0
EOF
