  0
SECTION
  2
HEADER
  9
$ACADVER
  1
AC1027
  9
$ACADMAINTVER
 70
   125
  9
$DWGCODEPAGE
  3
ANSI_1252
  9
$LASTSAVEDBY
  1
kaley
  9
$REQUIREDVERSIONS
160
                 0
  9
$INSBASE
 10
0.0
 20
0.0
 30
0.0
  9
$EXTMIN
 10
0.0
 20
0.0
 30
0.0
  9
$EXTMAX
 10
420.0
 20
297.0
 30
0.0
  9
$LIMMIN
 10
0.0
 20
0.0
  9
$LIMMAX
 10
420.0
 20
297.0
  9
$ORTHOMODE
 70
     0
  9
$REGENMODE
 70
     1
  9
$FILLMODE
 70
     1
  9
$QTEXTMODE
 70
     0
  9
$MIRRTEXT
 70
     0
  9
$LTSCALE
 40
0.75
  9
$ATTMODE
 70
     1
  9
$TEXTSIZE
 40
3.5
  9
$TRACEWID
 40
1.0
  9
$TEXTSTYLE
  7
Standard
  9
$CLAYER
  8
0
  9
$CELTYPE
  6
ByLayer
  9
$CECOLOR
 62
   256
  9
$CELTSCALE
 40
1.0
  9
$DISPSILH
 70
     0
  9
$DIMSCALE
 40
1.0
  9
$DIMASZ
 40
3.5
  9
$DIMEXO
 40
2.1
  9
$DIMDLI
 40
10.5
  9
$DIMRND
 40
0.0
  9
$DIMDLE
 40
0.0
  9
$DIMEXE
 40
2.1
  9
$DIMTP
 40
0.1
  9
$DIMTM
 40
0.1
  9
$DIMTXT
 40
3.5
  9
$DIMCEN
 40
0.0
  9
$DIMTSZ
 40
0.0
  9
$DIMTOL
 70
     0
  9
$DIMLIM
 70
     0
  9
$DIMTIH
 70
     0
  9
$DIMTOH
 70
     0
  9
$DIMSE1
 70
     0
  9
$DIMSE2
 70
     0
  9
$DIMTAD
 70
     1
  9
$DIMZIN
 70
    12
  9
$DIMBLK
  1

  9
$DIMASO
 70
     1
  9
$DIMSHO
 70
     1
  9
$DIMPOST
  1

  9
$DIMAPOST
  1

  9
$DIMALT
 70
     0
  9
$DIMALTD
 70
     2
  9
$DIMALTF
 40
0.03937
  9
$DIMLFAC
 40
1.0
  9
$DIMTOFL
 70
     1
  9
$DIMTVP
 40
0.0
  9
$DIMTIX
 70
     0
  9
$DIMSOXD
 70
     0
  9
$DIMSAH
 70
     0
  9
$DIMBLK1
  1

  9
$DIMBLK2
  1

  9
$DIMSTYLE
  2
Dim-ISO-25
  9
$DIMCLRD
 70
     0
  9
$DIMCLRE
 70
     0
  9
$DIMCLRT
 70
     0
  9
$DIMTFAC
 40
0.714286
  9
$DIMGAP
 40
1.4
  9
$DIMJUST
 70
     0
  9
$DIMSD1
 70
     0
  9
$DIMSD2
 70
     0
  9
$DIMTOLJ
 70
     0
  9
$DIMTZIN
 70
    12
  9
$DIMALTZ
 70
    12
  9
$DIMALTTZ
 70
    12
  9
$DIMUPT
 70
     0
  9
$DIMDEC
 70
     2
  9
$DIMTDEC
 70
     2
  9
$DIMALTU
 70
     2
  9
$DIMALTTD
 70
     2
  9
$DIMTXSTY
  7
Standard
  9
$DIMAUNIT
 70
     0
  9
$DIMADEC
 70
     2
  9
$DIMALTRND
 40
0.0
  9
$DIMAZIN
 70
     3
  9
$DIMDSEP
 70
    46
  9
$DIMATFIT
 70
     3
  9
$DIMFRAC
 70
     0
  9
$DIMLDRBLK
  1

  9
$DIMLUNIT
 70
     2
  9
$DIMLWD
 70
    -2
  9
$DIMLWE
 70
    -2
  9
$DIMTMOVE
 70
     0
  9
$DIMFXL
 40
1.0
  9
$DIMFXLON
 70
     0
  9
$DIMJOGANG
 40
0.785398
  9
$DIMTFILL
 70
     0
  9
$DIMTFILLCLR
 70
     0
  9
$DIMARCSYM
 70
     0
  9
$DIMLTYPE
  6

  9
$DIMLTEX1
  6

  9
$DIMLTEX2
  6

  9
$DIMTXTDIRECTION
 70
     0
  9
$LUNITS
 70
     2
  9
$LUPREC
 70
     4
  9
$SKETCHINC
 40
1.0
  9
$FILLETRAD
 40
0.0
  9
$AUNITS
 70
     0
  9
$AUPREC
 70
     0
  9
$MENU
  1
.
  9
$ELEVATION
 40
0.0
  9
$PELEVATION
 40
0.0
  9
$THICKNESS
 40
0.0
  9
$LIMCHECK
 70
     0
  9
$CHAMFERA
 40
0.0
  9
$CHAMFERB
 40
0.0
  9
$CHAMFERC
 40
0.0
  9
$CHAMFERD
 40
0.0
  9
$SKPOLY
 70
     0
  9
$TDCREATE
 40
2461145.650937500
  9
$TDUCREATE
 40
2461145.609270833
  9
$TDUPDATE
 40
2461145.650937500
  9
$TDUUPDATE
 40
2461145.609270833
  9
$TDINDWG
 40
0.0000000000
  9
$TDUSRTIMER
 40
0.0000000000
  9
$USRTIMER
 70
     1
  9
$ANGBASE
 50
0.0
  9
$ANGDIR
 70
     0
  9
$PDMODE
 70
     0
  9
$PDSIZE
 40
0.0
  9
$PLINEWID
 40
0.0
  9
$SPLFRAME
 70
     0
  9
$SPLINETYPE
 70
     6
  9
$SPLINESEGS
 70
     8
  9
$HANDSEED
  5
B67
  9
$SURFTAB1
 70
     6
  9
$SURFTAB2
 70
     6
  9
$SURFTYPE
 70
     6
  9
$SURFU
 70
     6
  9
$SURFV
 70
     6
  9
$UCSBASE
  2

  9
$UCSNAME
  2

  9
$UCSORG
 10
0.0
 20
0.0
 30
0.0
  9
$UCSXDIR
 10
1.0
 20
0.0
 30
0.0
  9
$UCSYDIR
 10
0.0
 20
1.0
 30
0.0
  9
$UCSORTHOREF
  2

  9
$UCSORTHOVIEW
 70
     0
  9
$UCSORGTOP
 10
0.0
 20
0.0
 30
0.0
  9
$UCSORGBOTTOM
 10
0.0
 20
0.0
 30
0.0
  9
$UCSORGLEFT
 10
0.0
 20
0.0
 30
0.0
  9
$UCSORGRIGHT
 10
0.0
 20
0.0
 30
0.0
  9
$UCSORGFRONT
 10
0.0
 20
0.0
 30
0.0
  9
$UCSORGBACK
 10
0.0
 20
0.0
 30
0.0
  9
$PUCSBASE
  2

  9
$PUCSNAME
  2

  9
$PUCSORG
 10
0.0
 20
0.0
 30
0.0
  9
$PUCSXDIR
 10
1.0
 20
0.0
 30
0.0
  9
$PUCSYDIR
 10
0.0
 20
1.0
 30
0.0
  9
$PUCSORTHOREF
  2

  9
$PUCSORTHOVIEW
 70
     0
  9
$PUCSORGTOP
 10
0.0
 20
0.0
 30
0.0
  9
$PUCSORGBOTTOM
 10
0.0
 20
0.0
 30
0.0
  9
$PUCSORGLEFT
 10
0.0
 20
0.0
 30
0.0
  9
$PUCSORGRIGHT
 10
0.0
 20
0.0
 30
0.0
  9
$PUCSORGFRONT
 10
0.0
 20
0.0
 30
0.0
  9
$PUCSORGBACK
 10
0.0
 20
0.0
 30
0.0
  9
$USERI1
 70
     0
  9
$USERI2
 70
     0
  9
$USERI3
 70
     0
  9
$USERI4
 70
     0
  9
$USERI5
 70
     0
  9
$USERR1
 40
0.0
  9
$USERR2
 40
0.0
  9
$USERR3
 40
0.0
  9
$USERR4
 40
0.0
  9
$USERR5
 40
0.0
  9
$WORLDVIEW
 70
     1
  9
$SHADEDGE
 70
     3
  9
$SHADEDIF
 70
    70
  9
$TILEMODE
 70
     1
  9
$MAXACTVP
 70
    64
  9
$PINSBASE
 10
0.0
 20
0.0
 30
0.0
  9
$PLIMCHECK
 70
     0
  9
$PEXTMIN
 10
1.000000E+20
 20
1.000000E+20
 30
1.000000E+20
  9
$PEXTMAX
 10
-1.000000E+20
 20
-1.000000E+20
 30
-1.000000E+20
  9
$PLIMMIN
 10
0.0
 20
0.0
  9
$PLIMMAX
 10
12.0
 20
9.0
  9
$UNITMODE
 70
     0
  9
$VISRETAIN
 70
     1
  9
$PLINEGEN
 70
     0
  9
$PSLTSCALE
 70
     1
  9
$TREEDEPTH
 70
  3020
  9
$CMLSTYLE
  2
Standard
  9
$CMLJUST
 70
     0
  9
$CMLSCALE
 40
20.0
  9
$PROXYGRAPHICS
 70
     1
  9
$MEASUREMENT
 70
     1
  9
$CELWEIGHT
370
    -1
  9
$ENDCAPS
280
     0
  9
$JOINSTYLE
280
     0
  9
$LWDISPLAY
290
     0
  9
$INSUNITS
 70
     4
  9
$HYPERLINKBASE
  1

  9
$STYLESHEET
  1

  9
$XEDIT
290
     1
  9
$CEPSNTYPE
380
     0
  9
$PSTYLEMODE
290
     1
  9
$FINGERPRINTGUID
  2
{F28D97A6-7569-1B41-B5F7-3EA186F46638}
  9
$VERSIONGUID
  2
{EA535F9C-B511-794B-B7B8-552E90C763FD}
  9
$EXTNAMES
290
     1
  9
$PSVPSCALE
 40
0.0
  9
$OLESTARTUP
290
     0
  9
$SORTENTS
280
   127
  9
$INDEXCTL
280
     0
  9
$HIDETEXT
280
     1
  9
$XCLIPFRAME
280
     0
  9
$HALOGAP
280
     0
  9
$OBSCOLOR
 70
   257
  9
$OBSLTYPE
280
     0
  9
$INTERSECTIONDISPLAY
280
     0
  9
$INTERSECTIONCOLOR
 70
   257
  9
$DIMASSOC
280
     2
  9
$PROJECTNAME
  1

  9
$CAMERADISPLAY
290
     0
  9
$LENSLENGTH
 40
50.0
  9
$CAMERAHEIGHT
 40
0.0
  9
$STEPSPERSEC
 40
2.0
  9
$STEPSIZE
 40
6.0
  9
$3DDWFPREC
 40
2.0
  9
$PSOLWIDTH
 40
5.0
  9
$PSOLHEIGHT
 40
80.0
  9
$LOFTANG1
 40
1.570796
  9
$LOFTANG2
 40
1.570796
  9
$LOFTMAG1
 40
0.0
  9
$LOFTMAG2
 40
0.0
  9
$LOFTPARAM
 70
     7
  9
$LOFTNORMALS
280
     1
  9
$LATITUDE
 40
37.795
  9
$LONGITUDE
 40
-122.394
  9
$NORTHDIRECTION
 40
0.0
  9
$TIMEZONE
 70
 -8000
  9
$LIGHTGLYPHDISPLAY
280
     1
  9
$TILEMODELIGHTSYNCH
280
     1
  9
$CMATERIAL
347
11
  9
$SOLIDHIST
280
     0
  9
$SHOWHIST
280
     1
  9
$DWFFRAME
280
     2
  9
$DGNFRAME
280
     0
  9
$REALWORLDSCALE
290
     1
  9
$INTERFERECOLOR
 62
     1
  9
$INTERFEREOBJVS
345
33
  9
$INTERFEREVPVS
346
30
  9
$CSHADOW
280
     0
  9
$SHADOWPLANELOCATION
 40
0.0
  0
ENDSEC
  0
SECTION
  2
CLASSES
  0
CLASS
  1
ACDBDICTIONARYWDFLT
  2
AcDbDictionaryWithDefault
  3
ObjectDBX Classes
 90
        0
 91
        1
280
     0
281
     0
  0
CLASS
  1
MATERIAL
  2
AcDbMaterial
  3
ObjectDBX Classes
 90
     1153
 91
        3
280
     0
281
     0
  0
CLASS
  1
VISUALSTYLE
  2
AcDbVisualStyle
  3
ObjectDBX Classes
 90
     4095
 91
       24
280
     0
281
     0
  0
CLASS
  1
SCALE
  2
AcDbScale
  3
ObjectDBX Classes
 90
     1153
 91
       17
280
     0
281
     0
  0
CLASS
  1
TABLESTYLE
  2
AcDbTableStyle
  3
ObjectDBX Classes
 90
     4095
 91
        1
280
     0
281
     0
  0
CLASS
  1
MLEADERSTYLE
  2
AcDbMLeaderStyle
  3
ACDB_MLEADERSTYLE_CLASS
 90
     4095
 91
        1
280
     0
281
     0
  0
CLASS
  1
ACDBSECTIONVIEWSTYLE
  2
AcDbSectionViewStyle
  3
ObjectDBX Classes
 90
     1025
 91
        1
280
     0
281
     0
  0
CLASS
  1
ACDBDETAILVIEWSTYLE
  2
AcDbDetailViewStyle
  3
ObjectDBX Classes
 90
     1025
 91
        1
280
     0
281
     0
  0
CLASS
  1
ACMESCOPE
  2
AcMeScope
  3
AcMeServices
 90
     1024
 91
        1
280
     0
281
     0
  0
CLASS
  1
ACMECOMMANDHISTORY
  2
AcMeCommandHistory
  3
AcMeServices
 90
     1024
 91
        1
280
     0
281
     0
  0
CLASS
  1
ACIMSYSVARMAN
  2
AcImSysVarManager
  3
AcMeServices
 90
     1024
 91
        1
280
     0
281
     0
  0
CLASS
  1
ACIMINTSYSVAR
  2
AcImIntSysVar
  3
AcMeServices
 90
     1024
 91
        1
280
     0
281
     0
  0
CLASS
  1
ACMESTATEMGR
  2
AcMeStateMgr
  3
AcMeServices
 90
     1024
 91
        1
280
     0
281
     0
  0
CLASS
  1
ACGREFMASTER
  2
AcGrefMaster
  3
AcAttribServices
 90
     1024
 91
        1
280
     0
281
     0
  0
CLASS
  1
SORTENTSTABLE
  2
AcDbSortentsTable
  3
ObjectDBX Classes
 90
        0
 91
        3
280
     0
281
     0
  0
CLASS
  1
DICTIONARYVAR
  2
AcDbDictionaryVar
  3
ObjectDBX Classes
 90
        0
 91
        6
280
     0
281
     0
  0
CLASS
  1
CELLSTYLEMAP
  2
AcDbCellStyleMap
  3
ObjectDBX Classes
 90
     1152
 91
        1
280
     0
281
     0
  0
ENDSEC
  0
SECTION
  2
TABLES
  0
TABLE
  2
VPORT
  5
8
330
0
100
AcDbSymbolTable
 70
     1
1001
ACAD
1000
DbSaveVer
1071
      428
  0
VPORT
  5
57
330
8
100
AcDbSymbolTableRecord
100
AcDbViewportTableRecord
  2
*Active
 70
     0
 10
0.0
 20
0.0
 11
1.0
 21
1.0
 12
210.0
 22
148.5
 13
0.0
 23
0.0
 14
0.5
 24
0.5
 15
0.0
 25
0.0
 16
0.0
 26
0.0
 36
1.0
 17
0.0
 27
0.0
 37
0.0
 40
297.0
 41
2.455243
 42
50.0
 43
0.0
 44
0.0
 50
0.0
 51
0.0
 71
     0
 72
 20000
 73
     1
 74
     0
 75
     0
 76
     0
 77
     0
 78
     0
281
     0
 65
     1
110
0.0
120
0.0
130
0.0
111
1.0
121
0.0
131
0.0
112
0.0
122
1.0
132
0.0
 79
     0
146
0.0
348
2F
 60
     3
 61
     5
292
     1
282
     1
141
0.0
142
0.0
 63
   250
421
  3355443
  0
ENDTAB
  0
TABLE
  2
LTYPE
  5
5
330
0
100
AcDbSymbolTable
 70
    16
  0
LTYPE
  5
5B
330
5
100
AcDbSymbolTableRecord
100
AcDbLinetypeTableRecord
  2
ByBlock
 70
     0
  3

 72
    65
 73
     0
 40
0.0
  0
LTYPE
  5
5C
330
5
100
AcDbSymbolTableRecord
100
AcDbLinetypeTableRecord
  2
ByLayer
 70
     0
  3

 72
    65
 73
     0
 40
0.0
  0
LTYPE
  5
5D
330
5
100
AcDbSymbolTableRecord
100
AcDbLinetypeTableRecord
  2
Continuous
 70
     0
  3
Solid line
 72
    65
 73
     0
 40
0.0
  0
LTYPE
  5
81
330
5
100
AcDbSymbolTableRecord
100
AcDbLinetypeTableRecord
  2
HIDDEN
 70
     0
  3
Hidden __ __ __ __ __ __ __ __ __ __ __ __ __ _
 72
    65
 73
     2
 40
9.525
 49
6.35
 74
     0
 49
-3.175
 74
     0
  0
LTYPE
  5
82
330
5
100
AcDbSymbolTableRecord
100
AcDbLinetypeTableRecord
  2
PHANTOM2
 70
     0
  3
Phantom (.5x) ___ _ _ ___ _ _ ___ _ _ ___ _ _
 72
    65
 73
     6
 40
31.75
 49
15.875
 74
     0
 49
-3.175
 74
     0
 49
3.175
 74
     0
 49
-3.175
 74
     0
 49
3.175
 74
     0
 49
-3.175
 74
     0
  0
LTYPE
  5
83
330
5
100
AcDbSymbolTableRecord
100
AcDbLinetypeTableRecord
  2
CENTER
 70
     0
  3
Center ____ _ ____ _ ____ _ ____ _ ____ _ ____
 72
    65
 73
     4
 40
50.8
 49
31.75
 74
     0
 49
-6.35
 74
     0
 49
6.35
 74
     0
 49
-6.35
 74
     0
  0
LTYPE
  5
9C
330
5
100
AcDbSymbolTableRecord
100
AcDbLinetypeTableRecord
  2
CENTER2
 70
     0
  3
Center (.5x) ___ _ ___ _ ___ _ ___ _ ___ _ ___
 72
    65
 73
     4
 40
28.575
 49
19.05
 74
     0
 49
-3.175
 74
     0
 49
3.175
 74
     0
 49
-3.175
 74
     0
  0
LTYPE
  5
9D
330
5
100
AcDbSymbolTableRecord
100
AcDbLinetypeTableRecord
  2
HIDDEN2
 70
     0
  3
Hidden (.5x) _ _ _ _ _ _ _ _ _ _ _ _ _ _ _ _ _
 72
    65
 73
     2
 40
4.7625
 49
3.175
 74
     0
 49
-1.5875
 74
     0
  0
LTYPE
  5
9E
330
5
100
AcDbSymbolTableRecord
100
AcDbLinetypeTableRecord
  2
AM_ISO02W050
 70
     0
  3
__ __ __ __ __ __ __ __ __ __ __ __ __ __ __
 72
    65
 73
     2
 40
7.5
 49
6.0
 74
     0
 49
-1.5
 74
     0
  0
LTYPE
  5
9F
330
5
100
AcDbSymbolTableRecord
100
AcDbLinetypeTableRecord
  2
AM_ISO08W050
 70
     0
  3
____ . ____ . ____ . ____ . ____ . ____ . ____
 72
    65
 73
     4
 40
18.0
 49
12.0
 74
     0
 49
-1.5
 74
     0
 49
3.0
 74
     0
 49
-1.5
 74
     0
  0
LTYPE
  5
A0
330
5
100
AcDbSymbolTableRecord
100
AcDbLinetypeTableRecord
  2
AM_ISO09W050
 70
     0
  3
_____ . . _____ . . _____ . . ____ .. ____
 72
    65
 73
     6
 40
22.5
 49
12.0
 74
     0
 49
-1.5
 74
     0
 49
3.0
 74
     0
 49
-1.5
 74
     0
 49
3.0
 74
     0
 49
-1.5
 74
     0
  0
LTYPE
  5
A1
330
5
100
AcDbSymbolTableRecord
100
AcDbLinetypeTableRecord
  2
Amconstr
 70
     0
  3
_______________________
 72
    65
 73
     2
 40
9999.0
 49
9999.0
 74
     0
 49
0.0
 74
     0
  0
LTYPE
  5
A2
330
5
100
AcDbSymbolTableRecord
100
AcDbLinetypeTableRecord
  2
AM_ISO08W050x2
 70
     0
  3
__ . __ . __ . __ . __ . __
 72
    65
 73
     4
 40
9.0
 49
6.0
 74
     0
 49
-0.75
 74
     0
 49
1.5
 74
     0
 49
-0.75
 74
     0
  0
LTYPE
  5
A3
330
5
100
AcDbSymbolTableRecord
100
AcDbLinetypeTableRecord
  2
AM_ISO02W050x2
 70
     0
  3
 _ _ _ _ _ _ _ _ _ _ _ _
 72
    65
 73
     2
 40
3.75
 49
3.0
 74
     0
 49
-0.75
 74
     0
  0
LTYPE
  5
A4
330
5
100
AcDbSymbolTableRecord
100
AcDbLinetypeTableRecord
  2
Amzigzag
 70
     0
  3
/\/-/\/-/\/-/\/-/\/-/\/
 72
    65
 73
     2
 40
11.0001
 49
0.0001
 74
     4
 75
   136
340
99
 46
0.04
 50
0.0
 44
0.0
 45
0.0
 49
-11.0
 74
     0
  0
LTYPE
  5
A5
330
5
100
AcDbSymbolTableRecord
100
AcDbLinetypeTableRecord
  2
ACISOWELD
 70
     0
  3
_ _ _ _ _
 72
    65
 73
     2
 40
2.0
 49
2.0
 74
     0
 49
-1.0
 74
     0
  0
LTYPE
  5
A6
330
5
100
AcDbSymbolTableRecord
100
AcDbLinetypeTableRecord
  2
ACISOTGL
 70
     0
  3
_ _ _ _ _
 72
    65
 73
     2
 40
3.0
 49
2.0
 74
     0
 49
-1.0
 74
     0
  0
LTYPE
  5
A7
330
5
100
AcDbSymbolTableRecord
100
AcDbLinetypeTableRecord
  2
ACISOTGB
 70
     0
  3
__ . . __ . .
 72
    65
 73
     6
 40
9.0
 49
4.0
 74
     0
 49
-1.0
 74
     0
 49
1.0
 74
     0
 49
-1.0
 74
     0
 49
1.0
 74
     0
 49
-1.0
 74
     0
  0
ENDTAB
  0
TABLE
  2
LAYER
  5
2
330
0
100
AcDbSymbolTable
 70
    14
  0
LAYER
  5
54
330
2
100
AcDbSymbolTableRecord
100
AcDbLayerTableRecord
  2
0
 70
     0
 62
     7
  6
Continuous
370
    -3
390
F
347
21
348
0
1001
AcAecLayerStandard
1000

1000

  0
LAYER
  5
79
330
2
100
AcDbSymbolTableRecord
100
AcDbLayerTableRecord
  2
Defpoints
 70
     0
 62
     7
  6
Continuous
290
     0
370
    -3
390
F
347
21
348
0
1001
AcAecLayerStandard
1000

1000

  0
LAYER
  5
B3
330
2
100
AcDbSymbolTableRecord
100
AcDbLayerTableRecord
  2
Visible
 70
     0
 62
     7
  6
Continuous
370
    50
390
F
347
21
348
0
  0
LAYER
  5
BC
330
2
100
AcDbSymbolTableRecord
100
AcDbLayerTableRecord
  2
Hidden
 70
     0
 62
     7
  6
HIDDEN2
370
    25
390
F
347
21
348
0
  0
LAYER
  5
455
330
2
100
AcDbSymbolTableRecord
100
AcDbLayerTableRecord
  2
BORDER
 70
     0
 62
     7
  6
Continuous
370
    25
390
F
347
21
348
0
1001
AcAecLayerStandard
1000

1000

1001
AcCmTransparency
1071
        0
  0
LAYER
  5
49B
330
2
100
AcDbSymbolTableRecord
100
AcDbLayerTableRecord
  2
TITLEBLOCK
 70
     0
 62
     7
  6
Continuous
370
    35
390
F
347
21
348
0
1001
AcAecLayerStandard
1000

1000

1001
AcCmTransparency
1071
        0
  0
LAYER
  5
4E7
330
2
100
AcDbSymbolTableRecord
100
AcDbLayerTableRecord
  2
Smart Centers
 70
     0
 62
     7
  6
CENTER2
370
    25
390
F
347
21
348
0
  0
LAYER
  5
54C
330
2
100
AcDbSymbolTableRecord
100
AcDbLayerTableRecord
  2
FD_Dimensions
 70
     0
 62
     7
  6
Continuous
370
    25
390
F
347
21
348
0
  0
ENDTAB
  0
TABLE
  2
STYLE
  5
3
330
0
100
AcDbSymbolTable
 70
     5
  0
STYLE
  5
55
330
3
100
AcDbSymbolTableRecord
100
AcDbTextStyleTableRecord
  2
Standard
 70
     0
 40
0.0
 41
1.0
 50
0.0
 71
     0
 42
3.5
  3
arial.ttf
  4

1001
ACAD
1000
Arial
1071
       34
  0
STYLE
  5
5A
330
3
100
AcDbSymbolTableRecord
100
AcDbTextStyleTableRecord
  2
Annotative
 70
     0
 40
0.0
 41
1.0
 50
0.0
 71
     0
 42
0.2
  3
txt
  4

1001
AcadAnnotative
1000
AnnotativeData
1002
{
1070
     1
1070
     1
1002
}
  0
STYLE
  5
98
330
3
100
AcDbSymbolTableRecord
100
AcDbTextStyleTableRecord
  2
FusionTitle
 70
     0
 40
0.0
 41
1.0
 50
0.0
 71
     0
 42
2.5
  3
arial.ttf
  4

1001
ACAD
1000
Arial
1071
       34
  0
STYLE
  5
99
330
3
100
AcDbSymbolTableRecord
100
AcDbTextStyleTableRecord
  2

 70
     1
 40
0.0
 41
1.0
 50
0.0
 71
     0
 42
10.0
  3
genltshp.shx
  4

  0
STYLE
  5
9A
330
3
100
AcDbSymbolTableRecord
100
AcDbTextStyleTableRecord
  2
ACISOGDT
 70
     0
 40
0.0
 41
1.0
 50
0.0
 71
     0
 42
10.0
  3
amgdt.shx
  4

  0
ENDTAB
  0
TABLE
  2
VIEW
  5
6
330
0
100
AcDbSymbolTable
 70
     0
  0
ENDTAB
  0
TABLE
  2
UCS
  5
7
330
0
100
AcDbSymbolTable
 70
     0
  0
ENDTAB
  0
TABLE
  2
APPID
  5
9
330
0
100
AcDbSymbolTable
 70
    25
  0
APPID
  5
56
330
9
100
AcDbSymbolTableRecord
100
AcDbRegAppTableRecord
  2
ACAD
 70
     0
  0
APPID
  5
5E
330
9
100
AcDbSymbolTableRecord
100
AcDbRegAppTableRecord
  2
AcadAnnotative
 70
     0
  0
APPID
  5
78
330
9
100
AcDbSymbolTableRecord
100
AcDbRegAppTableRecord
  2
ACAD_PSEXT
 70
     0
  0
APPID
  5
7A
330
9
100
AcDbSymbolTableRecord
100
AcDbRegAppTableRecord
  2
MCAD_NO_VIS
 70
     0
  0
APPID
  5
7B
330
9
100
AcDbSymbolTableRecord
100
AcDbRegAppTableRecord
  2
ACAD_TEMP_GRAPHIC
 70
     0
  0
APPID
  5
84
330
9
100
AcDbSymbolTableRecord
100
AcDbRegAppTableRecord
  2
ACAD_DSTYLE_DIMJAG
 70
     0
  0
APPID
  5
85
330
9
100
AcDbSymbolTableRecord
100
AcDbRegAppTableRecord
  2
ACAD_DSTYLE_DIMTALN
 70
     0
  0
APPID
  5
86
330
9
100
AcDbSymbolTableRecord
100
AcDbRegAppTableRecord
  2
ACAD_NAV_VCDISPLAY
 70
     0
  0
APPID
  5
87
330
9
100
AcDbSymbolTableRecord
100
AcDbRegAppTableRecord
  2
AcAecLayerStandard
 70
     0
  0
APPID
  5
88
330
9
100
AcDbSymbolTableRecord
100
AcDbRegAppTableRecord
  2
AcCmTransparency
 70
     0
  0
APPID
  5
89
330
9
100
AcDbSymbolTableRecord
100
AcDbRegAppTableRecord
  2
AcDbDynamicBlockGUID
 70
     0
  0
APPID
  5
8A
330
9
100
AcDbSymbolTableRecord
100
AcDbRegAppTableRecord
  2
ACAD_DSTYLE_DIMBREAK
 70
     0
  0
APPID
  5
8B
330
9
100
AcDbSymbolTableRecord
100
AcDbRegAppTableRecord
  2
ACAD_DSTYLE_DIMRADIAL_EXTENSION
 70
     0
  0
APPID
  5
8C
330
9
100
AcDbSymbolTableRecord
100
AcDbRegAppTableRecord
  2
ACAD_TC
 70
     0
  0
APPID
  5
8D
330
9
100
AcDbSymbolTableRecord
100
AcDbRegAppTableRecord
  2
FUSIONTITLEBLOCK
 70
     0
  0
APPID
  5
8E
330
9
100
AcDbSymbolTableRecord
100
AcDbRegAppTableRecord
  2
FUSIONCURRENTTITLEBLOCK
 70
     0
  0
APPID
  5
8F
330
9
100
AcDbSymbolTableRecord
100
AcDbRegAppTableRecord
  2
AcSynergy
 70
     0
  0
APPID
  5
90
330
9
100
AcDbSymbolTableRecord
100
AcDbRegAppTableRecord
  2
GENIUS_GENSCREG_15
 70
     0
  0
APPID
  5
91
330
9
100
AcDbSymbolTableRecord
100
AcDbRegAppTableRecord
  2
GENIUS_GENOBJ-N-SDF_13
 70
     0
  0
APPID
  5
92
330
9
100
AcDbSymbolTableRecord
100
AcDbRegAppTableRecord
  2
GENIUS_GENODEF_13
 70
     0
  0
APPID
  5
93
330
9
100
AcDbSymbolTableRecord
100
AcDbRegAppTableRecord
  2
ACAD_DIMASSOC_CALC_DIMLFAC
 70
     0
  0
APPID
  5
94
330
9
100
AcDbSymbolTableRecord
100
AcDbRegAppTableRecord
  2
ACAD_DIMASSOC_DIMLFAC
 70
     0
  0
APPID
  5
95
330
9
100
AcDbSymbolTableRecord
100
AcDbRegAppTableRecord
  2
ACAD_DIMASSOC_OVERRIDDEN_DIMLFAC
 70
     0
  0
APPID
  5
96
330
9
100
AcDbSymbolTableRecord
100
AcDbRegAppTableRecord
  2
ACAD_DSTYLE_DIMJAG_POSITION
 70
     0
  0
APPID
  5
97
330
9
100
AcDbSymbolTableRecord
100
AcDbRegAppTableRecord
  2
ACATTRIBSERVICES
 70
     0
  0
ENDTAB
  0
TABLE
  2
DIMSTYLE
  5
A
330
0
100
AcDbSymbolTable
 70
     4
100
AcDbDimStyleTable
 71
     1
340
AB
  0
DIMSTYLE
105
58
330
A
100
AcDbSymbolTableRecord
100
AcDbDimStyleTableRecord
  2
Standard
 70
     0
 41
3.5
 42
2.1
 43
10.5
 44
2.1
 78
    12
 79
     3
140
3.5
143
0.03937
146
0.714286
147
1.4
179
     2
271
     2
272
     2
284
    12
340
55
  0
DIMSTYLE
105
59
330
A
100
AcDbSymbolTableRecord
100
AcDbDimStyleTableRecord
  2
Annotative
 70
     0
 40
0.0
 41
3.5
 42
2.1
 43
10.5
 44
2.1
 73
     0
 74
     0
 77
     1
 78
    12
 79
     3
140
3.5
141
2.5
143
0.03937
146
0.714286
147
1.4
171
     3
172
     1
179
     2
271
     2
272
     2
274
     3
278
    44
283
     0
284
    12
340
55
1001
AcadAnnotative
1000
AnnotativeData
1002
{
1070
     1
1070
     1
1002
}
  0
DIMSTYLE
105
AA
330
A
100
AcDbSymbolTableRecord
100
AcDbDimStyleTableRecord
  2
ISO-25
 70
     0
  4
in
 41
3.5
 42
2.1
 43
10.5
 44
2.1
 47
0.1
 48
0.1
 73
     0
 74
     0
 77
     1
 78
    12
 79
     3
140
3.5
141
0.0
143
0.03937
146
0.714286
147
1.4
171
     4
172
     1
176
   256
177
   256
178
   256
179
     2
271
     2
272
     2
274
     4
283
     0
284
    12
285
     8
340
55
1001
ACAD_DSTYLE_DIMJAG
1070
   388
1040
1.5
1001
ACAD_DSTYLE_DIMTALN
1070
   392
1070
     1
1001
ACAD_DSTYLE_DIMBREAK
1070
   391
1040
3.5
  0
DIMSTYLE
105
AB
102
{ACAD_REACTORS
330
54B
330
558
330
564
330
570
330
57C
330
588
330
594
330
5A0
330
5AC
330
5B8
330
5CE
102
}
330
A
100
AcDbSymbolTableRecord
100
AcDbDimStyleTableRecord
  2
Dim-ISO-25
 70
     0
 41
3.5
 42
2.1
 43
10.5
 44
2.1
 47
0.1
 48
0.1
 73
     0
 74
     0
 77
     1
 78
    12
 79
     3
140
3.5
141
0.0
143
0.03937
146
0.714286
147
1.4
172
     1
179
     2
271
     2
272
     2
283
     0
284
    12
285
    12
286
    12
340
55
1001
ACAD_DSTYLE_DIMJAG
1070
   388
1040
1.5
1001
ACAD_DSTYLE_DIMTALN
1070
   392
1070
     1
1001
ACAD_DSTYLE_DIMBREAK
1070
   391
1040
3.5
  0
ENDTAB
  0
TABLE
  2
BLOCK_RECORD
  5
1
330
0
100
AcDbSymbolTable
 70
    42
  0
BLOCK_RECORD
  5
70
102
{ACAD_XDICTIONARY
360
AC
102
}
330
1
100
AcDbSymbolTableRecord
100
AcDbBlockTableRecord
  2
*Model_Space
340
73
 70
     0
280
     1
281
     0
  0
BLOCK_RECORD
  5
6C
330
1
100
AcDbSymbolTableRecord
100
AcDbBlockTableRecord
  2
*Paper_Space
340
6F
 70
     0
280
     1
281
     0
  0
BLOCK_RECORD
  5
74
330
1
100
AcDbSymbolTableRecord
100
AcDbBlockTableRecord
  2
*Paper_Space0
340
77
 70
     0
280
     1
281
     0
  0
BLOCK_RECORD
  5
456
102
{ACAD_XDICTIONARY
360
457
102
}
330
1
100
AcDbSymbolTableRecord
100
AcDbBlockTableRecord
  2
ISO_A3_SHEET
340
0
310
2800000020000000200000000100080000000000000400000000000000000000000000000000000000000000000080000080000000808000800000008000800080800000C0C0C000C0DCC000F0CAA6000020400000206000002080000020A0000020C0000020E00000400000004020000040400000406000004080000040A0
310
000040C0000040E00000600000006020000060400000606000006080000060A0000060C0000060E00000800000008020000080400000806000008080000080A0000080C0000080E00000A0000000A0200000A0400000A0600000A0800000A0A00000A0C00000A0E00000C0000000C0200000C0400000C0600000C0800000C0
310
A00000C0C00000C0E00000E0000000E0200000E0400000E0600000E0800000E0A00000E0C00000E0E00040000000400020004000400040006000400080004000A0004000C0004000E00040200000402020004020400040206000402080004020A0004020C0004020E000404000004040200040404000404060004040800040
310
40A0004040C0004040E00040600000406020004060400040606000406080004060A0004060C0004060E00040800000408020004080400040806000408080004080A0004080C0004080E00040A0000040A0200040A0400040A0600040A0800040A0A00040A0C00040A0E00040C0000040C0200040C0400040C0600040C08000
310
40C0A00040C0C00040C0E00040E0000040E0200040E0400040E0600040E0800040E0A00040E0C00040E0E00080000000800020008000400080006000800080008000A0008000C0008000E00080200000802020008020400080206000802080008020A0008020C0008020E00080400000804020008040400080406000804080
310
008040A0008040C0008040E00080600000806020008060400080606000806080008060A0008060C0008060E00080800000808020008080400080806000808080008080A0008080C0008080E00080A0000080A0200080A0400080A0600080A0800080A0A00080A0C00080A0E00080C0000080C0200080C0400080C0600080C0
310
800080C0A00080C0C00080C0E00080E0000080E0200080E0400080E0600080E0800080E0A00080E0C00080E0E000C0000000C0002000C0004000C0006000C0008000C000A000C000C000C000E000C0200000C0202000C0204000C0206000C0208000C020A000C020C000C020E000C0400000C0402000C0404000C0406000C0
310
408000C040A000C040C000C040E000C0600000C0602000C0604000C0606000C0608000C060A000C060C000C060E000C0800000C0802000C0804000C0806000C0808000C080A000C080C000C080E000C0A00000C0A02000C0A04000C0A06000C0A08000C0A0A000C0A0C000C0A0E000C0C00000C0C02000C0C04000C0C06000
310
C0C08000C0C0A000F0FBFF00A4A0A000808080000000FF0000FF000000FFFF00FF000000FF00FF00FFFF0000FFFFFF0049494949494949494949494949494949494949494949494949494949494949494949494949494949494949494949494949494949494949494949494949494949494949494949494949494949494949
310
494949494949494949494949494949494949494949494949494949494949494949494949494949494949494949494949494949494949494949494949494949494949494949494949494949494949494949494949494949494949494949494949494949494949494949494949494949494949FFFFFFFFFFFFFFFFFFFFFFFFFF
310
FFFFFFFFFFFFFFFFFFFFFFFFFFFFFFFFFF4949FF49FF494949494949494949494949FF494949494949494949494949FFFF49494949FF49494949494949494949494949494949494949494949494949FF49494949FFFF49494949494949494949494949494949494949494949494949FF4949494949FF494949494949494949
310
49494949494949494949494949494949FF4949494949FF49494949494949494949494949494949494949494949494949FF49494949FFFF49494949494949494949494949494949494949494949494949FF4949494949FF49494949494949494949494949494949494949494949494949FF4949494949FF4949494949494949
310
4949494949494949494949494949494949FF4949494949FF49494949494949494949494949494949494949494949494949FF49494949FFFF49494949494949494949494949494949494949494949494949FF4949494949FF49494949494949494949494949494949494949494949494949FF4949494949FF49494949494949
310
494949494949494949494949494949494949FF49494949FFFF49494949494949494949494949494949494949494949494949FF4949494949FF49494949494949494949494949494949494949494949494949FF4949494949FF49494949494949494949494949494949494949494949494949FF49494949FFFF494949494949
310
49494949494949494949494949494949494949FF4949494949FF49494949494949494949494949494949494949494949494949FF494949FF49FF494949494949494949494949FF494949494949494949494949FFFF4949FFFFFFFFFFFFFFFFFFFFFFFFFFFFFFFFFFFFFFFFFFFFFFFFFFFFFFFFFFFF49494949494949494949
310
49494949494949494949494949494949494949494949494949494949494949494949494949494949494949494949494949494949494949494949494949494949494949494949494949494949494949494949494949494949494949494949494949494949494949494949494949494949494949494949494949494949494949
310
4949494949494949494949494949494949494949494949494949494949494949494949494949494949494949494949494949494949494949
102
{BLKREFS
331
454
102
}
 70
     4
280
     1
281
     0
1001
AcDbDynamicBlockGUID
1000
{B4874B5E-8040-BF49-A9B6-B81412F7B0AC}
  0
BLOCK_RECORD
  5
49C
102
{ACAD_XDICTIONARY
360
49D
102
}
330
1
100
AcDbSymbolTableRecord
100
AcDbBlockTableRecord
  2
ISO_TITLEBLOCK
340
0
310
2800000020000000200000000100080000000000000400000000000000000000000000000000000000000000000080000080000000808000800000008000800080800000C0C0C000C0DCC000F0CAA6000020400000206000002080000020A0000020C0000020E00000400000004020000040400000406000004080000040A0
310
000040C0000040E00000600000006020000060400000606000006080000060A0000060C0000060E00000800000008020000080400000806000008080000080A0000080C0000080E00000A0000000A0200000A0400000A0600000A0800000A0A00000A0C00000A0E00000C0000000C0200000C0400000C0600000C0800000C0
310
A00000C0C00000C0E00000E0000000E0200000E0400000E0600000E0800000E0A00000E0C00000E0E00040000000400020004000400040006000400080004000A0004000C0004000E00040200000402020004020400040206000402080004020A0004020C0004020E000404000004040200040404000404060004040800040
310
40A0004040C0004040E00040600000406020004060400040606000406080004060A0004060C0004060E00040800000408020004080400040806000408080004080A0004080C0004080E00040A0000040A0200040A0400040A0600040A0800040A0A00040A0C00040A0E00040C0000040C0200040C0400040C0600040C08000
310
40C0A00040C0C00040C0E00040E0000040E0200040E0400040E0600040E0800040E0A00040E0C00040E0E00080000000800020008000400080006000800080008000A0008000C0008000E00080200000802020008020400080206000802080008020A0008020C0008020E00080400000804020008040400080406000804080
310
008040A0008040C0008040E00080600000806020008060400080606000806080008060A0008060C0008060E00080800000808020008080400080806000808080008080A0008080C0008080E00080A0000080A0200080A0400080A0600080A0800080A0A00080A0C00080A0E00080C0000080C0200080C0400080C0600080C0
310
800080C0A00080C0C00080C0E00080E0000080E0200080E0400080E0600080E0800080E0A00080E0C00080E0E000C0000000C0002000C0004000C0006000C0008000C000A000C000C000C000E000C0200000C0202000C0204000C0206000C0208000C020A000C020C000C020E000C0400000C0402000C0404000C0406000C0
310
408000C040A000C040C000C040E000C0600000C0602000C0604000C0606000C0608000C060A000C060C000C060E000C0800000C0802000C0804000C0806000C0808000C080A000C080C000C080E000C0A00000C0A02000C0A04000C0A06000C0A08000C0A0A000C0A0C000C0A0E000C0C00000C0C02000C0C04000C0C06000
310
C0C08000C0C0A000F0FBFF00A4A0A000808080000000FF0000FF000000FFFF00FF000000FF00FF00FFFF0000FFFFFF0049494949494949494949494949494949494949494949494949494949494949494949494949494949494949494949494949494949494949494949494949494949494949494949494949494949494949
310
49494949494949494949494949494949494949494949494949494949494949494949494949494949494949494949494949494949494949494949494949494949494949494949494949494949494949494949494949494949494949494949494949494949494949494949494949494949494949494949494949494949494949
310
49494949494949494949494949494949494949494949494949494949494949494949494949494949494949494949494949494949494949494949494949494949494949494949494949494949494949494949494949494949494949494949494949494949494949494949494949494949494949494949494949494949494949
310
49494949494949494949494949494949494949494949494949494949494949494949494949494949494949494949494949494949FFFFFFFFFFFFFFFFFFFFFFFFFFFFFFFFFFFFFFFFFFFFFFFFFFFFFF4949494949FF4949494949494949FFFFFFFFFF49494949FFFFFFFFFFFFFFFFFFFF49494949FF4949494949494949FFFF
310
FFFFFF494949FFFFFFFFFFFFFFFFFFFF4949494949FF4949494949494949FFFFFFFFFF494949FFFFFFFFFFFFFFFFFFFF4949494949FF4949494949494949FFFFFFFFFFFFFFFFFFFFFFFFFFFFFFFFFFFF4949494949FFFFFFFFFFFFFFFFFFFFFFFFFFFFFFFFFFFFFFFFFFFFFFFFFFFFFF4949494949FFFFFF49FFFFFFFFFFFF
310
FFFFFFFFFFFFFFFFFFFFFFFFFFFFFFFFFFFFFFFF4949FFFFFFFFFFFFFFFFFFFFFFFFFFFFFFFFFFFFFFFFFFFFFFFFFFFFFF494949494949494949494949494949494949494949494949494949494949494949494949494949494949494949494949494949494949494949494949494949494949494949494949494949494949
310
49494949494949494949494949494949494949494949494949494949494949494949494949494949494949494949494949494949494949494949494949494949494949494949494949494949494949494949494949494949494949494949494949494949494949494949494949494949494949494949494949494949494949
310
49494949494949494949494949494949494949494949494949494949494949494949494949494949494949494949494949494949494949494949494949494949494949494949494949494949494949494949494949494949494949494949494949494949494949494949494949494949494949494949494949494949494949
310
4949494949494949494949494949494949494949494949494949494949494949494949494949494949494949494949494949494949494949
102
{BLKREFS
331
49A
102
}
 70
     4
280
     1
281
     0
1001
AcDbDynamicBlockGUID
1000
{BCD52D05-323A-B54A-8A21-1B84008CF9CB}
1001
FUSIONTITLEBLOCK
1000
TitleBlock
  0
BLOCK_RECORD
  5
4E8
330
1
100
AcDbSymbolTableRecord
100
AcDbBlockTableRecord
  2
*U9
340
0
102
{BLKREFS
331
4E6
102
}
 70
     0
280
     1
281
     0
  0
BLOCK_RECORD
  5
4F2
330
1
100
AcDbSymbolTableRecord
100
AcDbBlockTableRecord
  2
*U10
340
0
102
{BLKREFS
331
4F1
102
}
 70
     0
280
     1
281
     0
  0
BLOCK_RECORD
  5
4FC
330
1
100
AcDbSymbolTableRecord
100
AcDbBlockTableRecord
  2
*U11
340
0
102
{BLKREFS
331
4FB
102
}
 70
     0
280
     1
281
     0
  0
BLOCK_RECORD
  5
506
330
1
100
AcDbSymbolTableRecord
100
AcDbBlockTableRecord
  2
*U12
340
0
102
{BLKREFS
331
505
102
}
 70
     0
280
     1
281
     0
  0
BLOCK_RECORD
  5
510
330
1
100
AcDbSymbolTableRecord
100
AcDbBlockTableRecord
  2
*U13
340
0
102
{BLKREFS
331
50F
102
}
 70
     0
280
     1
281
     0
  0
BLOCK_RECORD
  5
51A
330
1
100
AcDbSymbolTableRecord
100
AcDbBlockTableRecord
  2
*U14
340
0
102
{BLKREFS
331
519
102
}
 70
     0
280
     1
281
     0
  0
BLOCK_RECORD
  5
524
330
1
100
AcDbSymbolTableRecord
100
AcDbBlockTableRecord
  2
*U15
340
0
102
{BLKREFS
331
523
102
}
 70
     0
280
     1
281
     0
  0
BLOCK_RECORD
  5
52E
330
1
100
AcDbSymbolTableRecord
100
AcDbBlockTableRecord
  2
*U16
340
0
102
{BLKREFS
331
52D
102
}
 70
     0
280
     1
281
     0
  0
BLOCK_RECORD
  5
538
330
1
100
AcDbSymbolTableRecord
100
AcDbBlockTableRecord
  2
*U17
340
0
102
{BLKREFS
331
537
102
}
 70
     0
280
     1
281
     0
  0
BLOCK_RECORD
  5
542
330
1
100
AcDbSymbolTableRecord
100
AcDbBlockTableRecord
  2
*U18
340
0
102
{BLKREFS
331
541
102
}
 70
     0
280
     1
281
     0
  0
BLOCK_RECORD
  5
54D
330
1
100
AcDbSymbolTableRecord
100
AcDbBlockTableRecord
  2
*D19
340
0
 70
     0
280
     1
281
     0
  0
BLOCK_RECORD
  5
559
330
1
100
AcDbSymbolTableRecord
100
AcDbBlockTableRecord
  2
*D20
340
0
 70
     0
280
     1
281
     0
  0
BLOCK_RECORD
  5
565
330
1
100
AcDbSymbolTableRecord
100
AcDbBlockTableRecord
  2
*D21
340
0
 70
     0
280
     1
281
     0
  0
BLOCK_RECORD
  5
571
330
1
100
AcDbSymbolTableRecord
100
AcDbBlockTableRecord
  2
*D22
340
0
 70
     0
280
     1
281
     0
  0
BLOCK_RECORD
  5
57D
330
1
100
AcDbSymbolTableRecord
100
AcDbBlockTableRecord
  2
*D23
340
0
 70
     0
280
     1
281
     0
  0
BLOCK_RECORD
  5
589
330
1
100
AcDbSymbolTableRecord
100
AcDbBlockTableRecord
  2
*D24
340
0
 70
     0
280
     1
281
     0
  0
BLOCK_RECORD
  5
595
330
1
100
AcDbSymbolTableRecord
100
AcDbBlockTableRecord
  2
*D25
340
0
 70
     0
280
     1
281
     0
  0
BLOCK_RECORD
  5
5A1
330
1
100
AcDbSymbolTableRecord
100
AcDbBlockTableRecord
  2
*D26
340
0
 70
     0
280
     1
281
     0
  0
BLOCK_RECORD
  5
5AD
330
1
100
AcDbSymbolTableRecord
100
AcDbBlockTableRecord
  2
*D27
340
0
 70
     0
280
     1
281
     0
  0
BLOCK_RECORD
  5
5B9
330
1
100
AcDbSymbolTableRecord
100
AcDbBlockTableRecord
  2
*D28
340
0
 70
     0
280
     1
281
     0
  0
BLOCK_RECORD
  5
5C5
330
1
100
AcDbSymbolTableRecord
100
AcDbBlockTableRecord
  2
*U29
340
0
102
{BLKREFS
331
5C4
102
}
 70
     0
280
     1
281
     0
  0
BLOCK_RECORD
  5
5CF
330
1
100
AcDbSymbolTableRecord
100
AcDbBlockTableRecord
  2
*D30
340
0
 70
     0
280
     1
281
     0
  0
BLOCK_RECORD
  5
5DB
330
1
100
AcDbSymbolTableRecord
100
AcDbBlockTableRecord
  2
*D31
340
0
 70
     0
280
     1
281
     0
  0
BLOCK_RECORD
  5
5E6
330
1
100
AcDbSymbolTableRecord
100
AcDbBlockTableRecord
  2
*D32
340
0
 70
     0
280
     1
281
     0
  0
BLOCK_RECORD
  5
5F1
330
1
100
AcDbSymbolTableRecord
100
AcDbBlockTableRecord
  2
*D33
340
0
 70
     0
280
     1
281
     0
  0
BLOCK_RECORD
  5
5FC
330
1
100
AcDbSymbolTableRecord
100
AcDbBlockTableRecord
  2
*D34
340
0
 70
     0
280
     1
281
     0
  0
BLOCK_RECORD
  5
607
330
1
100
AcDbSymbolTableRecord
100
AcDbBlockTableRecord
  2
*D35
340
0
 70
     0
280
     1
281
     0
  0
BLOCK_RECORD
  5
612
330
1
100
AcDbSymbolTableRecord
100
AcDbBlockTableRecord
  2
*D36
340
0
 70
     0
280
     1
281
     0
  0
BLOCK_RECORD
  5
61D
330
1
100
AcDbSymbolTableRecord
100
AcDbBlockTableRecord
  2
*D37
340
0
 70
     0
280
     1
281
     0
  0
BLOCK_RECORD
  5
628
330
1
100
AcDbSymbolTableRecord
100
AcDbBlockTableRecord
  2
*D38
340
0
 70
     0
280
     1
281
     0
  0
BLOCK_RECORD
  5
633
330
1
100
AcDbSymbolTableRecord
100
AcDbBlockTableRecord
  2
*D39
340
0
 70
     0
280
     1
281
     0
  0
BLOCK_RECORD
  5
63E
330
1
100
AcDbSymbolTableRecord
100
AcDbBlockTableRecord
  2
*D40
340
0
 70
     0
280
     1
281
     0
  0
BLOCK_RECORD
  5
649
330
1
100
AcDbSymbolTableRecord
100
AcDbBlockTableRecord
  2
*D41
340
0
 70
     0
280
     1
281
     0
  0
ENDTAB
  0
ENDSEC
  0
SECTION
  2
BLOCKS
  0
BLOCK
  5
71
330
70
100
AcDbEntity
  8
0
100
AcDbBlockBegin
  2
*Model_Space
 70
     0
 10
0.0
 20
0.0
 30
0.0
  3
*Model_Space
  1

  0
ENDBLK
  5
72
330
70
100
AcDbEntity
  8
0
100
AcDbBlockEnd
  0
BLOCK
  5
6D
330
6C
100
AcDbEntity
 67
     1
  8
0
100
AcDbBlockBegin
  2
*Paper_Space
 70
     0
 10
0.0
 20
0.0
 30
0.0
  3
*Paper_Space
  1

  0
ENDBLK
  5
6E
330
6C
100
AcDbEntity
 67
     1
  8
0
100
AcDbBlockEnd
  0
BLOCK
  5
75
330
74
100
AcDbEntity
 67
     1
  8
0
100
AcDbBlockBegin
  2
*Paper_Space0
 70
     0
 10
0.0
 20
0.0
 30
0.0
  3
*Paper_Space0
  1

  0
ENDBLK
  5
76
330
74
100
AcDbEntity
 67
     1
  8
0
100
AcDbBlockEnd
  0
BLOCK
  5
458
330
456
100
AcDbEntity
  8
0
100
AcDbBlockBegin
  2
ISO_A3_SHEET
 70
     0
 10
0.0
 20
0.0
 30
0.0
  3
ISO_A3_SHEET
  1

  0
LINE
  5
459
330
456
100
AcDbEntity
  8
Defpoints
100
AcDbLine
 10
0.0
 20
0.0
 30
0.0
 11
15.0
 21
0.0
 31
0.0
  0
LINE
  5
45A
330
456
100
AcDbEntity
  8
Defpoints
100
AcDbLine
 10
405.0
 20
0.0
 30
0.0
 11
420.0
 21
0.0
 31
0.0
  0
LINE
  5
45B
330
456
100
AcDbEntity
  8
BORDER
100
AcDbLine
 10
20.0
 20
10.0
 30
0.0
 11
410.0
 21
10.0
 31
0.0
  0
LINE
  5
45C
330
456
100
AcDbEntity
  8
Defpoints
100
AcDbLine
 10
420.0
 20
0.0
 30
0.0
 11
420.0
 21
15.0
 31
0.0
  0
LINE
  5
45D
330
456
100
AcDbEntity
  8
Defpoints
100
AcDbLine
 10
420.0
 20
282.0
 30
0.0
 11
420.0
 21
297.0
 31
0.0
  0
LINE
  5
45E
330
456
100
AcDbEntity
  8
Defpoints
100
AcDbLine
 10
420.0
 20
297.0
 30
0.0
 11
405.0
 21
297.0
 31
0.0
  0
LINE
  5
45F
330
456
100
AcDbEntity
  8
Defpoints
100
AcDbLine
 10
15.0
 20
297.0
 30
0.0
 11
0.0
 21
297.0
 31
0.0
  0
LINE
  5
460
330
456
100
AcDbEntity
  8
BORDER
100
AcDbLine
 10
410.0
 20
287.0
 30
0.0
 11
20.0
 21
287.0
 31
0.0
  0
LINE
  5
461
330
456
100
AcDbEntity
  8
Defpoints
100
AcDbLine
 10
0.0
 20
297.0
 30
0.0
 11
0.0
 21
282.0
 31
0.0
  0
LINE
  5
462
330
456
100
AcDbEntity
  8
Defpoints
100
AcDbLine
 10
0.0
 20
15.0
 30
0.0
 11
0.0
 21
0.0
 31
0.0
  0
LINE
  5
463
330
456
100
AcDbEntity
  8
BORDER
100
AcDbLine
 10
20.0
 20
287.0
 30
0.0
 11
20.0
 21
10.0
 31
0.0
  0
LINE
  5
464
330
456
100
AcDbEntity
  8
BORDER
100
AcDbLine
 10
410.0
 20
287.0
 30
0.0
 11
410.0
 21
10.0
 31
0.0
  0
LINE
  5
465
330
456
100
AcDbEntity
  8
BORDER
100
AcDbLine
 10
215.0
 20
5.0
 30
0.0
 11
215.0
 21
15.0
 31
0.0
  0
LINE
  5
466
330
456
100
AcDbEntity
  8
BORDER
100
AcDbLine
 10
215.0
 20
292.0
 30
0.0
 11
215.0
 21
282.0
 31
0.0
  0
LINE
  5
467
330
456
100
AcDbEntity
  8
BORDER
100
AcDbLine
 10
265.0
 20
292.0
 30
0.0
 11
265.0
 21
287.0
 31
0.0
  0
LINE
  5
468
330
456
100
AcDbEntity
  8
BORDER
100
AcDbLine
 10
315.0
 20
292.0
 30
0.0
 11
315.0
 21
287.0
 31
0.0
  0
LINE
  5
469
330
456
100
AcDbEntity
  8
BORDER
100
AcDbLine
 10
365.0
 20
292.0
 30
0.0
 11
365.0
 21
287.0
 31
0.0
  0
LINE
  5
46A
330
456
100
AcDbEntity
  8
BORDER
100
AcDbLine
 10
165.0
 20
292.0
 30
0.0
 11
165.0
 21
287.0
 31
0.0
  0
LINE
  5
46B
330
456
100
AcDbEntity
  8
BORDER
100
AcDbLine
 10
115.0
 20
292.0
 30
0.0
 11
115.0
 21
287.0
 31
0.0
  0
LINE
  5
46C
330
456
100
AcDbEntity
  8
BORDER
100
AcDbLine
 10
65.0
 20
292.0
 30
0.0
 11
65.0
 21
287.0
 31
0.0
  0
LINE
  5
46D
330
456
100
AcDbEntity
  8
BORDER
100
AcDbLine
 10
15.0
 20
148.5
 30
0.0
 11
25.0
 21
148.5
 31
0.0
  0
LINE
  5
46E
330
456
100
AcDbEntity
  8
BORDER
100
AcDbLine
 10
15.0
 20
100.66667
 30
0.0
 11
20.0
 21
100.66667
 31
0.0
  0
LINE
  5
46F
330
456
100
AcDbEntity
  8
BORDER
100
AcDbLine
 10
15.0
 20
52.83334
 30
0.0
 11
20.0
 21
52.83334
 31
0.0
  0
LINE
  5
470
330
456
100
AcDbEntity
  8
BORDER
100
AcDbLine
 10
15.0
 20
196.33333
 30
0.0
 11
20.0
 21
196.33333
 31
0.0
  0
LINE
  5
471
330
456
100
AcDbEntity
  8
BORDER
100
AcDbLine
 10
15.0
 20
244.16666
 30
0.0
 11
20.0
 21
244.16666
 31
0.0
  0
LINE
  5
472
330
456
100
AcDbEntity
  8
BORDER
100
AcDbLine
 10
415.0
 20
148.5
 30
0.0
 11
405.0
 21
148.5
 31
0.0
  0
LINE
  5
473
330
456
100
AcDbEntity
  8
BORDER
100
AcDbLine
 10
265.0
 20
5.0
 30
0.0
 11
265.0
 21
10.0
 31
0.0
  0
LINE
  5
474
330
456
100
AcDbEntity
  8
BORDER
100
AcDbLine
 10
315.0
 20
5.0
 30
0.0
 11
315.0
 21
10.0
 31
0.0
  0
LINE
  5
475
330
456
100
AcDbEntity
  8
BORDER
100
AcDbLine
 10
365.0
 20
5.0
 30
0.0
 11
365.0
 21
10.0
 31
0.0
  0
LINE
  5
476
330
456
100
AcDbEntity
  8
BORDER
100
AcDbLine
 10
165.0
 20
5.0
 30
0.0
 11
165.0
 21
10.0
 31
0.0
  0
LINE
  5
477
330
456
100
AcDbEntity
  8
BORDER
100
AcDbLine
 10
115.0
 20
5.0
 30
0.0
 11
115.0
 21
10.0
 31
0.0
  0
LINE
  5
478
330
456
100
AcDbEntity
  8
BORDER
100
AcDbLine
 10
65.0
 20
5.0
 30
0.0
 11
65.0
 21
10.0
 31
0.0
  0
LINE
  5
479
330
456
100
AcDbEntity
  8
BORDER
100
AcDbLine
 10
415.0
 20
100.66667
 30
0.0
 11
410.0
 21
100.66667
 31
0.0
  0
LINE
  5
47A
330
456
100
AcDbEntity
  8
BORDER
100
AcDbLine
 10
415.0
 20
52.83334
 30
0.0
 11
410.0
 21
52.83334
 31
0.0
  0
LINE
  5
47B
330
456
100
AcDbEntity
  8
BORDER
100
AcDbLine
 10
415.0
 20
196.33333
 30
0.0
 11
410.0
 21
196.33333
 31
0.0
  0
LINE
  5
47C
330
456
100
AcDbEntity
  8
BORDER
100
AcDbLine
 10
415.0
 20
244.16666
 30
0.0
 11
410.0
 21
244.16666
 31
0.0
  0
TEXT
  5
47D
330
456
100
AcDbEntity
  8
BORDER
100
AcDbText
 10
39.02882
 20
288.244884
 30
0.0
 40
2.5
  1
1
  7
FusionTitle
 72
     4
 11
40.0
 21
289.5
 31
0.0
100
AcDbText
  0
TEXT
  5
47E
330
456
100
AcDbEntity
  8
BORDER
100
AcDbText
 10
16.335266
 20
266.83333
 30
0.0
 40
2.5
  1
A
  7
FusionTitle
 72
     4
 11
17.5
 21
268.08333
 31
0.0
100
AcDbText
  0
TEXT
  5
47F
330
456
100
AcDbEntity
  8
BORDER
100
AcDbText
 10
89.02882
 20
288.244884
 30
0.0
 40
2.5
  1
2
  7
FusionTitle
 72
     4
 11
90.0
 21
289.5
 31
0.0
100
AcDbText
  0
TEXT
  5
480
330
456
100
AcDbEntity
  8
BORDER
100
AcDbText
 10
139.02882
 20
288.267053
 30
0.0
 40
2.5
  1
3
  7
FusionTitle
 72
     4
 11
140.0
 21
289.5
 31
0.0
100
AcDbText
  0
TEXT
  5
481
330
456
100
AcDbEntity
  8
BORDER
100
AcDbText
 10
189.02882
 20
288.25
 30
0.0
 40
2.5
  1
4
  7
FusionTitle
 72
     4
 11
190.0
 21
289.5
 31
0.0
100
AcDbText
  0
TEXT
  5
482
330
456
100
AcDbEntity
  8
BORDER
100
AcDbText
 10
239.02882
 20
288.28837
 30
0.0
 40
2.5
  1
5
  7
FusionTitle
 72
     4
 11
240.0
 21
289.5
 31
0.0
100
AcDbText
  0
TEXT
  5
483
330
456
100
AcDbEntity
  8
BORDER
100
AcDbText
 10
289.02882
 20
288.266201
 30
0.0
 40
2.5
  1
6
  7
FusionTitle
 72
     4
 11
290.0
 21
289.5
 31
0.0
100
AcDbText
  0
TEXT
  5
484
330
456
100
AcDbEntity
  8
BORDER
100
AcDbText
 10
339.02882
 20
288.266201
 30
0.0
 40
2.5
  1
7
  7
FusionTitle
 72
     4
 11
340.0
 21
289.5
 31
0.0
100
AcDbText
  0
TEXT
  5
485
330
456
100
AcDbEntity
  8
BORDER
100
AcDbText
 10
389.02882
 20
288.266201
 30
0.0
 40
2.5
  1
8
  7
FusionTitle
 72
     4
 11
390.0
 21
289.5
 31
0.0
100
AcDbText
  0
TEXT
  5
486
330
456
100
AcDbEntity
  8
BORDER
100
AcDbText
 10
39.02882
 20
6.244884
 30
0.0
 40
2.5
  1
1
  7
FusionTitle
 72
     4
 11
40.0
 21
7.5
 31
0.0
100
AcDbText
  0
TEXT
  5
487
330
456
100
AcDbEntity
  8
BORDER
100
AcDbText
 10
89.02882
 20
6.244884
 30
0.0
 40
2.5
  1
2
  7
FusionTitle
 72
     4
 11
90.0
 21
7.5
 31
0.0
100
AcDbText
  0
TEXT
  5
488
330
456
100
AcDbEntity
  8
BORDER
100
AcDbText
 10
139.02882
 20
6.267053
 30
0.0
 40
2.5
  1
3
  7
FusionTitle
 72
     4
 11
140.0
 21
7.5
 31
0.0
100
AcDbText
  0
TEXT
  5
489
330
456
100
AcDbEntity
  8
BORDER
100
AcDbText
 10
189.02882
 20
6.25
 30
0.0
 40
2.5
  1
4
  7
FusionTitle
 72
     4
 11
190.0
 21
7.5
 31
0.0
100
AcDbText
  0
TEXT
  5
48A
330
456
100
AcDbEntity
  8
BORDER
100
AcDbText
 10
239.02882
 20
6.28837
 30
0.0
 40
2.5
  1
5
  7
FusionTitle
 72
     4
 11
240.0
 21
7.5
 31
0.0
100
AcDbText
  0
TEXT
  5
48B
330
456
100
AcDbEntity
  8
BORDER
100
AcDbText
 10
289.02882
 20
6.266201
 30
0.0
 40
2.5
  1
6
  7
FusionTitle
 72
     4
 11
290.0
 21
7.5
 31
0.0
100
AcDbText
  0
TEXT
  5
48C
330
456
100
AcDbEntity
  8
BORDER
100
AcDbText
 10
339.02882
 20
6.266201
 30
0.0
 40
2.5
  1
7
  7
FusionTitle
 72
     4
 11
340.0
 21
7.5
 31
0.0
100
AcDbText
  0
TEXT
  5
48D
330
456
100
AcDbEntity
  8
BORDER
100
AcDbText
 10
389.02882
 20
6.266201
 30
0.0
 40
2.5
  1
8
  7
FusionTitle
 72
     4
 11
390.0
 21
7.5
 31
0.0
100
AcDbText
  0
TEXT
  5
48E
330
456
100
AcDbEntity
  8
BORDER
100
AcDbText
 10
16.335266
 20
219.0
 30
0.0
 40
2.5
  1
B
  7
FusionTitle
 72
     4
 11
17.5
 21
220.25
 31
0.0
100
AcDbText
  0
TEXT
  5
48F
330
456
100
AcDbEntity
  8
BORDER
100
AcDbText
 10
16.238915
 20
171.16667
 30
0.0
 40
2.5
  1
C
  7
FusionTitle
 72
     4
 11
17.5
 21
172.41667
 31
0.0
100
AcDbText
  0
TEXT
  5
490
330
456
100
AcDbEntity
  8
BORDER
100
AcDbText
 10
16.238915
 20
123.33334
 30
0.0
 40
2.5
  1
D
  7
FusionTitle
 72
     4
 11
17.5
 21
124.58334
 31
0.0
100
AcDbText
  0
TEXT
  5
491
330
456
100
AcDbEntity
  8
BORDER
100
AcDbText
 10
16.335266
 20
75.50001
 30
0.0
 40
2.5
  1
E
  7
FusionTitle
 72
     4
 11
17.5
 21
76.75001
 31
0.0
100
AcDbText
  0
TEXT
  5
492
330
456
100
AcDbEntity
  8
BORDER
100
AcDbText
 10
16.433322
 20
27.66668
 30
0.0
 40
2.5
  1
F
  7
FusionTitle
 72
     4
 11
17.5
 21
28.91668
 31
0.0
100
AcDbText
  0
TEXT
  5
493
330
456
100
AcDbEntity
  8
BORDER
100
AcDbText
 10
411.335266
 20
266.83333
 30
0.0
 40
2.5
  1
A
  7
FusionTitle
 72
     4
 11
412.5
 21
268.08333
 31
0.0
100
AcDbText
  0
TEXT
  5
494
330
456
100
AcDbEntity
  8
BORDER
100
AcDbText
 10
411.335266
 20
219.0
 30
0.0
 40
2.5
  1
B
  7
FusionTitle
 72
     4
 11
412.5
 21
220.25
 31
0.0
100
AcDbText
  0
TEXT
  5
495
330
456
100
AcDbEntity
  8
BORDER
100
AcDbText
 10
411.238915
 20
171.16667
 30
0.0
 40
2.5
  1
C
  7
FusionTitle
 72
     4
 11
412.5
 21
172.41667
 31
0.0
100
AcDbText
  0
TEXT
  5
496
330
456
100
AcDbEntity
  8
BORDER
100
AcDbText
 10
411.238915
 20
123.33334
 30
0.0
 40
2.5
  1
D
  7
FusionTitle
 72
     4
 11
412.5
 21
124.58334
 31
0.0
100
AcDbText
  0
TEXT
  5
497
330
456
100
AcDbEntity
  8
BORDER
100
AcDbText
 10
411.335266
 20
75.50001
 30
0.0
 40
2.5
  1
E
  7
FusionTitle
 72
     4
 11
412.5
 21
76.75001
 31
0.0
100
AcDbText
  0
TEXT
  5
498
330
456
100
AcDbEntity
  8
BORDER
100
AcDbText
 10
411.433322
 20
27.66668
 30
0.0
 40
2.5
  1
F
  7
FusionTitle
 72
     4
 11
412.5
 21
28.91668
 31
0.0
100
AcDbText
  0
ENDBLK
  5
499
330
456
100
AcDbEntity
  8
0
100
AcDbBlockEnd
  0
BLOCK
  5
49F
330
49C
100
AcDbEntity
  8
0
100
AcDbBlockBegin
  2
ISO_TITLEBLOCK
 70
     2
 10
0.0
 20
0.0
 30
0.0
  3
ISO_TITLEBLOCK
  1

  0
LINE
  5
4A0
330
49C
100
AcDbEntity
  8
TITLEBLOCK
100
AcDbLine
 10
-180.0
 20
0.0
 30
0.0
 11
0.0
 21
0.0
 31
0.0
  0
LINE
  5
4A1
330
49C
100
AcDbEntity
  8
TITLEBLOCK
100
AcDbLine
 10
-61.0
 20
10.0
 30
0.0
 11
0.0
 21
10.0
 31
0.0
  0
LINE
  5
4A2
330
49C
100
AcDbEntity
  8
TITLEBLOCK
100
AcDbLine
 10
-122.0
 20
27.0
 30
0.0
 11
0.0
 21
27.0
 31
0.0
  0
LINE
  5
4A3
330
49C
100
AcDbEntity
  8
TITLEBLOCK
100
AcDbLine
 10
-180.0
 20
37.0
 30
0.0
 11
0.0
 21
37.0
 31
0.0
  0
LINE
  5
4A4
330
49C
100
AcDbEntity
  8
TITLEBLOCK
100
AcDbLine
 10
0.0
 20
0.0
 30
0.0
 11
0.0
 21
47.0
 31
0.0
  0
LINE
  5
4A5
330
49C
100
AcDbEntity
  8
TITLEBLOCK
100
AcDbLine
 10
-15.0
 20
0.0
 30
0.0
 11
-15.0
 21
10.0
 31
0.0
  0
LINE
  5
4A6
330
49C
100
AcDbEntity
  8
TITLEBLOCK
100
AcDbLine
 10
-51.0
 20
0.0
 30
0.0
 11
-51.0
 21
10.0
 31
0.0
  0
LINE
  5
4A7
330
49C
100
AcDbEntity
  8
TITLEBLOCK
100
AcDbLine
 10
-61.0
 20
0.0
 30
0.0
 11
-61.0
 21
47.0
 31
0.0
  0
LINE
  5
4A8
330
49C
100
AcDbEntity
  8
TITLEBLOCK
100
AcDbLine
 10
-122.0
 20
0.0
 30
0.0
 11
-122.0
 21
47.0
 31
0.0
  0
LINE
  5
4A9
330
49C
100
AcDbEntity
  8
TITLEBLOCK
100
AcDbLine
 10
-156.0
 20
37.0
 30
0.0
 11
-156.0
 21
47.0
 31
0.0
  0
LINE
  5
4AA
330
49C
100
AcDbEntity
  8
TITLEBLOCK
100
AcDbLine
 10
0.0
 20
47.0
 30
0.0
 11
-180.0
 21
47.0
 31
0.0
  0
LINE
  5
4AB
330
49C
100
AcDbEntity
  8
TITLEBLOCK
100
AcDbLine
 10
-180.0
 20
47.0
 30
0.0
 11
-180.0
 21
0.0
 31
0.0
  0
TEXT
  5
4AC
330
49C
100
AcDbEntity
  8
TITLEBLOCK
100
AcDbText
 10
-179.0
 20
44.2
 30
0.0
 40
1.8
  1
Dept.
  7
FusionTitle
 11
-179.0
 21
46.0
 31
0.0
100
AcDbText
 73
     3
  0
TEXT
  5
4AD
330
49C
100
AcDbEntity
  8
TITLEBLOCK
100
AcDbText
 10
-155.0
 20
44.2
 30
0.0
 40
1.8
  1
Technical reference
  7
FusionTitle
 11
-155.0
 21
46.0
 31
0.0
100
AcDbText
 73
     3
  0
TEXT
  5
4AE
330
49C
100
AcDbEntity
  8
TITLEBLOCK
100
AcDbText
 10
-121.0
 20
44.2
 30
0.0
 40
1.8
  1
Created by
  7
FusionTitle
 11
-121.0
 21
46.0
 31
0.0
100
AcDbText
 73
     3
  0
TEXT
  5
4AF
330
49C
100
AcDbEntity
  8
TITLEBLOCK
100
AcDbText
 10
-60.0
 20
44.2
 30
0.0
 40
1.8
  1
Approved by
  7
FusionTitle
 11
-60.0
 21
46.0
 31
0.0
100
AcDbText
 73
     3
  0
TEXT
  5
4B0
330
49C
100
AcDbEntity
  8
TITLEBLOCK
100
AcDbText
 10
-121.0
 20
34.2
 30
0.0
 40
1.8
  1
Document type
  7
FusionTitle
 11
-121.0
 21
36.0
 31
0.0
100
AcDbText
 73
     3
  0
TEXT
  5
4B1
330
49C
100
AcDbEntity
  8
TITLEBLOCK
100
AcDbText
 10
-60.0
 20
34.2
 30
0.0
 40
1.8
  1
Document status
  7
FusionTitle
 11
-60.0
 21
36.0
 31
0.0
100
AcDbText
 73
     3
  0
TEXT
  5
4B2
330
49C
100
AcDbEntity
  8
TITLEBLOCK
100
AcDbText
 10
-121.0
 20
24.2
 30
0.0
 40
1.8
  1
Title
  7
FusionTitle
 11
-121.0
 21
26.0
 31
0.0
100
AcDbText
 73
     3
  0
TEXT
  5
4B3
330
49C
100
AcDbEntity
  8
TITLEBLOCK
100
AcDbText
 10
-60.0
 20
24.2
 30
0.0
 40
1.8
  1
DWG No.
  7
FusionTitle
 11
-60.0
 21
26.0
 31
0.0
100
AcDbText
 73
     3
  0
TEXT
  5
4B4
330
49C
100
AcDbEntity
  8
TITLEBLOCK
100
AcDbText
 10
-60.0
 20
7.2
 30
0.0
 40
1.8
  1
Rev.
  7
FusionTitle
 11
-60.0
 21
9.0
 31
0.0
100
AcDbText
 73
     3
  0
TEXT
  5
4B5
330
49C
100
AcDbEntity
  8
TITLEBLOCK
100
AcDbText
 10
-50.0
 20
7.2
 30
0.0
 40
1.8
  1
Date of issue
  7
FusionTitle
 11
-50.0
 21
9.0
 31
0.0
100
AcDbText
 73
     3
  0
TEXT
  5
4B6
330
49C
100
AcDbEntity
  8
TITLEBLOCK
100
AcDbText
 10
-14.0
 20
7.2
 30
0.0
 40
1.8
  1
Sheet
  7
FusionTitle
 11
-14.0
 21
9.0
 31
0.0
100
AcDbText
 73
     3
  0
ATTDEF
  5
4B7
102
{ACAD_XDICTIONARY
360
4B8
102
}
330
49C
100
AcDbEntity
  8
TITLEBLOCK
100
AcDbText
 10
-50.0
 20
1.5
 30
0.0
 40
3.5
  1

  7
FusionTitle
 11
-50.0
 21
5.0
 31
0.0
100
AcDbAttributeDefinition
280
     0
  3
Date of issue
  2
DATE_OF_ISSUE
 70
     0
 74
     3
280
     1
  0
ATTDEF
  5
4B9
102
{ACAD_XDICTIONARY
360
4BA
102
}
330
49C
100
AcDbEntity
  8
TITLEBLOCK
100
AcDbText
 10
-61.026774
 20
1.35
 30
0.0
 40
3.5
  1

  7
FusionTitle
 72
     1
 11
-56.0
 21
4.85
 31
0.0
100
AcDbAttributeDefinition
280
     0
  3
Revision
  2
REV
 70
     0
 74
     3
280
     1
  0
ATTDEF
  5
4BB
102
{ACAD_XDICTIONARY
360
4BC
102
}
330
49C
100
AcDbEntity
  8
TITLEBLOCK
100
AcDbText
 10
-121.0
 20
1.5
 30
0.0
 40
5.0
  1

  7
FusionTitle
 11
-121.0
 21
6.5
 31
0.0
100
AcDbAttributeDefinition
280
     0
  3
3rd Title
  2
TITLE_3
 70
     0
 74
     3
280
     1
  0
ATTDEF
  5
4BD
102
{ACAD_XDICTIONARY
360
4BE
102
}
330
49C
100
AcDbEntity
  8
TITLEBLOCK
100
AcDbText
 10
-60.0
 20
28.5
 30
0.0
 40
3.5
  1

  7
FusionTitle
 11
-60.0
 21
32.0
 31
0.0
100
AcDbAttributeDefinition
280
     0
  3
Document status
  2
DOCUMENT_STATUS
 70
     0
 74
     3
280
     1
  0
ATTDEF
  5
4BF
102
{ACAD_XDICTIONARY
360
4C0
102
}
330
49C
100
AcDbEntity
  8
TITLEBLOCK
100
AcDbText
 10
-121.0
 20
28.5
 30
0.0
 40
3.5
  1

  7
FusionTitle
 11
-121.0
 21
32.0
 31
0.0
100
AcDbAttributeDefinition
280
     0
  3
Document type
  2
DOCUMENT_TYPE
 70
     0
 74
     3
280
     1
  0
ATTDEF
  5
4C1
102
{ACAD_XDICTIONARY
360
4C2
102
}
330
49C
100
AcDbEntity
  8
TITLEBLOCK
100
AcDbText
 10
-43.923943
 20
38.5
 30
0.0
 40
3.5
  1

  7
FusionTitle
 72
     2
 11
-0.992838
 21
42.0
 31
0.0
100
AcDbAttributeDefinition
280
     0
  3
Approved date
  2
APPROVED_DATE
 70
     0
 74
     3
280
     1
  0
ATTDEF
  5
4C3
102
{ACAD_XDICTIONARY
360
4C4
102
}
330
49C
100
AcDbEntity
  8
TITLEBLOCK
100
AcDbText
 10
-101.123124
 20
38.5
 30
0.0
 40
3.5
  1

  7
FusionTitle
 72
     2
 11
-62.0
 21
42.0
 31
0.0
100
AcDbAttributeDefinition
280
     0
  3
Created date
  2
CREATED_DATE
 70
     0
 74
     3
280
     1
  0
ATTDEF
  5
4C5
102
{ACAD_XDICTIONARY
360
4C6
102
}
330
49C
100
AcDbEntity
  8
TITLEBLOCK
100
AcDbText
 10
-15.65075
 20
1.35
 30
0.0
 40
3.5
  1

  7
FusionTitle
 72
     1
 11
-7.5
 21
4.85
 31
0.0
100
AcDbAttributeDefinition
280
     0
  3
Sheet
  2
SHEET
 70
     0
 74
     3
280
     1
  0
ATTDEF
  5
4C7
102
{ACAD_XDICTIONARY
360
4C8
102
}
330
49C
100
AcDbEntity
  8
TITLEBLOCK
100
AcDbText
 10
-121.0
 20
9.0
 30
0.0
 40
5.0
  1

  7
FusionTitle
 11
-121.0
 21
14.0
 31
0.0
100
AcDbAttributeDefinition
280
     0
  3
2nd Title
  2
TITLE_2
 70
     0
 74
     3
280
     1
  0
ATTDEF
  5
4C9
102
{ACAD_XDICTIONARY
360
4CA
102
}
330
49C
100
AcDbEntity
  8
TITLEBLOCK
100
AcDbText
 10
-64.456344
 20
14.751432
 30
0.0
 40
5.0
  1

  7
FusionTitle
 72
     1
 11
-30.5
 21
19.751432
 31
0.0
100
AcDbAttributeDefinition
280
     0
  3
Drawing number
  2
DRAWING_NUMBER
 70
     0
 74
     3
280
     1
  0
ATTDEF
  5
4CB
102
{ACAD_XDICTIONARY
360
4CC
102
}
330
49C
100
AcDbEntity
  8
TITLEBLOCK
100
AcDbText
 10
-121.0
 20
16.5
 30
0.0
 40
5.0
  1

  7
FusionTitle
 11
-121.0
 21
21.5
 31
0.0
100
AcDbAttributeDefinition
280
     0
  3
1st Title
  2
TITLE_1
 70
     0
 74
     3
280
     1
  0
ATTDEF
  5
4CD
102
{ACAD_XDICTIONARY
360
4CE
102
}
330
49C
100
AcDbEntity
  8
TITLEBLOCK
100
AcDbText
 10
-60.0
 20
38.5
 30
0.0
 40
3.5
  1

  7
FusionTitle
 11
-60.0
 21
42.0
 31
0.0
100
AcDbAttributeDefinition
280
     0
  3
Approved by
  2
APPROVED_BY
 70
     0
 74
     3
280
     1
  0
ATTDEF
  5
4CF
102
{ACAD_XDICTIONARY
360
4D0
102
}
330
49C
100
AcDbEntity
  8
TITLEBLOCK
100
AcDbText
 10
-121.0
 20
38.5
 30
0.0
 40
3.5
  1

  7
FusionTitle
 11
-121.0
 21
42.0
 31
0.0
100
AcDbAttributeDefinition
280
     0
  3
Created by
  2
CREATED_BY
 70
     0
 74
     3
280
     1
  0
ATTDEF
  5
4D1
102
{ACAD_XDICTIONARY
360
4D2
102
}
330
49C
100
AcDbEntity
  8
TITLEBLOCK
100
AcDbText
 10
-155.0
 20
38.5
 30
0.0
 40
3.5
  1

  7
FusionTitle
 11
-155.0
 21
42.0
 31
0.0
100
AcDbAttributeDefinition
280
     0
  3
Technical reference
  2
TECHNICAL_REFERENCE
 70
     0
 74
     3
280
     1
  0
ATTDEF
  5
4D3
102
{ACAD_XDICTIONARY
360
4D4
102
}
330
49C
100
AcDbEntity
  8
TITLEBLOCK
100
AcDbText
 10
-179.0
 20
38.5
 30
0.0
 40
3.5
  1

  7
FusionTitle
 11
-179.0
 21
42.0
 31
0.0
100
AcDbAttributeDefinition
280
     0
  3
Department
  2
DEPT
 70
     0
 74
     3
280
     1
  0
ENDBLK
  5
4D5
330
49C
100
AcDbEntity
  8
0
100
AcDbBlockEnd
  0
BLOCK
  5
4E9
330
4E8
100
AcDbEntity
  8
0
100
AcDbBlockBegin
  2
*U9
 70
     1
 10
0.0
 20
0.0
 30
0.0
  3
*U9
  1

  0
LINE
  5
4EA
330
4E8
100
AcDbEntity
  8
Smart Centers
  6
Continuous
 62
     0
440
 16777216
 48
0.75
100
AcDbLine
 10
-0.892969
 20
0.0
 30
0.0
 11
0.892969
 21
0.0
 31
0.0
  0
LINE
  5
4EB
330
4E8
100
AcDbEntity
  8
Smart Centers
  6
Continuous
 62
     0
440
 16777216
 48
0.75
100
AcDbLine
 10
0.0
 20
-0.892969
 30
0.0
 11
0.0
 21
0.892969
 31
0.0
  0
LINE
  5
4EC
330
4E8
100
AcDbEntity
  8
Smart Centers
 62
     0
440
 16777216
 48
0.75
100
AcDbLine
 10
-7.0
 20
0.0
 30
0.0
 11
-2.678906
 21
0.0
 31
0.0
  0
LINE
  5
4ED
330
4E8
100
AcDbEntity
  8
Smart Centers
 62
     0
440
 16777216
 48
0.75
100
AcDbLine
 10
2.678906
 20
0.0
 30
0.0
 11
7.0
 21
0.0
 31
0.0
  0
LINE
  5
4EE
330
4E8
100
AcDbEntity
  8
Smart Centers
 62
     0
440
 16777216
 48
0.75
100
AcDbLine
 10
0.0
 20
-7.0
 30
0.0
 11
0.0
 21
-2.678906
 31
0.0
  0
LINE
  5
4EF
330
4E8
100
AcDbEntity
  8
Smart Centers
 62
     0
440
 16777216
 48
0.75
100
AcDbLine
 10
0.0
 20
2.678906
 30
0.0
 11
0.0
 21
7.0
 31
0.0
  0
ENDBLK
  5
4F0
330
4E8
100
AcDbEntity
  8
0
100
AcDbBlockEnd
  0
BLOCK
  5
4F3
330
4F2
100
AcDbEntity
  8
0
100
AcDbBlockBegin
  2
*U10
 70
     1
 10
0.0
 20
0.0
 30
0.0
  3
*U10
  1

  0
LINE
  5
4F4
330
4F2
100
AcDbEntity
  8
Smart Centers
  6
Continuous
 62
     0
440
 16777216
 48
0.75
100
AcDbLine
 10
-0.892969
 20
0.0
 30
0.0
 11
0.892969
 21
0.0
 31
0.0
  0
LINE
  5
4F5
330
4F2
100
AcDbEntity
  8
Smart Centers
  6
Continuous
 62
     0
440
 16777216
 48
0.75
100
AcDbLine
 10
0.0
 20
-0.892969
 30
0.0
 11
0.0
 21
0.892969
 31
0.0
  0
LINE
  5
4F6
330
4F2
100
AcDbEntity
  8
Smart Centers
 62
     0
440
 16777216
 48
0.75
100
AcDbLine
 10
-7.0
 20
0.0
 30
0.0
 11
-2.678906
 21
0.0
 31
0.0
  0
LINE
  5
4F7
330
4F2
100
AcDbEntity
  8
Smart Centers
 62
     0
440
 16777216
 48
0.75
100
AcDbLine
 10
2.678906
 20
0.0
 30
0.0
 11
7.0
 21
0.0
 31
0.0
  0
LINE
  5
4F8
330
4F2
100
AcDbEntity
  8
Smart Centers
 62
     0
440
 16777216
 48
0.75
100
AcDbLine
 10
0.0
 20
-7.0
 30
0.0
 11
0.0
 21
-2.678906
 31
0.0
  0
LINE
  5
4F9
330
4F2
100
AcDbEntity
  8
Smart Centers
 62
     0
440
 16777216
 48
0.75
100
AcDbLine
 10
0.0
 20
2.678906
 30
0.0
 11
0.0
 21
7.0
 31
0.0
  0
ENDBLK
  5
4FA
330
4F2
100
AcDbEntity
  8
0
100
AcDbBlockEnd
  0
BLOCK
  5
4FD
330
4FC
100
AcDbEntity
  8
0
100
AcDbBlockBegin
  2
*U11
 70
     1
 10
0.0
 20
0.0
 30
0.0
  3
*U11
  1

  0
LINE
  5
4FE
330
4FC
100
AcDbEntity
  8
Smart Centers
  6
Continuous
 62
     0
440
 16777216
 48
0.75
100
AcDbLine
 10
-0.892969
 20
0.0
 30
0.0
 11
0.892969
 21
0.0
 31
0.0
  0
LINE
  5
4FF
330
4FC
100
AcDbEntity
  8
Smart Centers
  6
Continuous
 62
     0
440
 16777216
 48
0.75
100
AcDbLine
 10
0.0
 20
-0.892969
 30
0.0
 11
0.0
 21
0.892969
 31
0.0
  0
LINE
  5
500
330
4FC
100
AcDbEntity
  8
Smart Centers
 62
     0
440
 16777216
 48
0.75
100
AcDbLine
 10
-7.0
 20
0.0
 30
0.0
 11
-2.678906
 21
0.0
 31
0.0
  0
LINE
  5
501
330
4FC
100
AcDbEntity
  8
Smart Centers
 62
     0
440
 16777216
 48
0.75
100
AcDbLine
 10
2.678906
 20
0.0
 30
0.0
 11
7.0
 21
0.0
 31
0.0
  0
LINE
  5
502
330
4FC
100
AcDbEntity
  8
Smart Centers
 62
     0
440
 16777216
 48
0.75
100
AcDbLine
 10
0.0
 20
-7.0
 30
0.0
 11
0.0
 21
-2.678906
 31
0.0
  0
LINE
  5
503
330
4FC
100
AcDbEntity
  8
Smart Centers
 62
     0
440
 16777216
 48
0.75
100
AcDbLine
 10
0.0
 20
2.678906
 30
0.0
 11
0.0
 21
7.0
 31
0.0
  0
ENDBLK
  5
504
330
4FC
100
AcDbEntity
  8
0
100
AcDbBlockEnd
  0
BLOCK
  5
507
330
506
100
AcDbEntity
  8
0
100
AcDbBlockBegin
  2
*U12
 70
     1
 10
0.0
 20
0.0
 30
0.0
  3
*U12
  1

  0
LINE
  5
508
330
506
100
AcDbEntity
  8
Smart Centers
  6
Continuous
 62
     0
440
 16777216
 48
0.75
100
AcDbLine
 10
-0.892969
 20
0.0
 30
0.0
 11
0.892969
 21
0.0
 31
0.0
  0
LINE
  5
509
330
506
100
AcDbEntity
  8
Smart Centers
  6
Continuous
 62
     0
440
 16777216
 48
0.75
100
AcDbLine
 10
0.0
 20
-0.892969
 30
0.0
 11
0.0
 21
0.892969
 31
0.0
  0
LINE
  5
50A
330
506
100
AcDbEntity
  8
Smart Centers
 62
     0
440
 16777216
 48
0.75
100
AcDbLine
 10
-7.0
 20
0.0
 30
0.0
 11
-2.678906
 21
0.0
 31
0.0
  0
LINE
  5
50B
330
506
100
AcDbEntity
  8
Smart Centers
 62
     0
440
 16777216
 48
0.75
100
AcDbLine
 10
2.678906
 20
0.0
 30
0.0
 11
7.0
 21
0.0
 31
0.0
  0
LINE
  5
50C
330
506
100
AcDbEntity
  8
Smart Centers
 62
     0
440
 16777216
 48
0.75
100
AcDbLine
 10
0.0
 20
-7.0
 30
0.0
 11
0.0
 21
-2.678906
 31
0.0
  0
LINE
  5
50D
330
506
100
AcDbEntity
  8
Smart Centers
 62
     0
440
 16777216
 48
0.75
100
AcDbLine
 10
0.0
 20
2.678906
 30
0.0
 11
0.0
 21
7.0
 31
0.0
  0
ENDBLK
  5
50E
330
506
100
AcDbEntity
  8
0
100
AcDbBlockEnd
  0
BLOCK
  5
511
330
510
100
AcDbEntity
  8
0
100
AcDbBlockBegin
  2
*U13
 70
     1
 10
0.0
 20
0.0
 30
0.0
  3
*U13
  1

  0
LINE
  5
512
330
510
100
AcDbEntity
  8
Smart Centers
  6
Continuous
 62
     0
440
 16777216
 48
0.75
100
AcDbLine
 10
-0.892969
 20
0.0
 30
0.0
 11
0.892969
 21
0.0
 31
0.0
  0
LINE
  5
513
330
510
100
AcDbEntity
  8
Smart Centers
  6
Continuous
 62
     0
440
 16777216
 48
0.75
100
AcDbLine
 10
0.0
 20
-0.892969
 30
0.0
 11
0.0
 21
0.892969
 31
0.0
  0
LINE
  5
514
330
510
100
AcDbEntity
  8
Smart Centers
 62
     0
440
 16777216
 48
0.75
100
AcDbLine
 10
-8.0
 20
0.0
 30
0.0
 11
-2.678906
 21
0.0
 31
0.0
  0
LINE
  5
515
330
510
100
AcDbEntity
  8
Smart Centers
 62
     0
440
 16777216
 48
0.75
100
AcDbLine
 10
2.678906
 20
0.0
 30
0.0
 11
8.0
 21
0.0
 31
0.0
  0
LINE
  5
516
330
510
100
AcDbEntity
  8
Smart Centers
 62
     0
440
 16777216
 48
0.75
100
AcDbLine
 10
0.0
 20
-8.0
 30
0.0
 11
0.0
 21
-2.678906
 31
0.0
  0
LINE
  5
517
330
510
100
AcDbEntity
  8
Smart Centers
 62
     0
440
 16777216
 48
0.75
100
AcDbLine
 10
0.0
 20
2.678906
 30
0.0
 11
0.0
 21
8.0
 31
0.0
  0
ENDBLK
  5
518
330
510
100
AcDbEntity
  8
0
100
AcDbBlockEnd
  0
BLOCK
  5
51B
330
51A
100
AcDbEntity
  8
0
100
AcDbBlockBegin
  2
*U14
 70
     1
 10
0.0
 20
0.0
 30
0.0
  3
*U14
  1

  0
LINE
  5
51C
330
51A
100
AcDbEntity
  8
Smart Centers
  6
Continuous
 62
     0
440
 16777216
 48
0.75
100
AcDbLine
 10
-0.892969
 20
0.0
 30
0.0
 11
0.892969
 21
0.0
 31
0.0
  0
LINE
  5
51D
330
51A
100
AcDbEntity
  8
Smart Centers
  6
Continuous
 62
     0
440
 16777216
 48
0.75
100
AcDbLine
 10
0.0
 20
-0.892969
 30
0.0
 11
0.0
 21
0.892969
 31
0.0
  0
LINE
  5
51E
330
51A
100
AcDbEntity
  8
Smart Centers
 62
     0
440
 16777216
 48
0.75
100
AcDbLine
 10
-9.5
 20
0.0
 30
0.0
 11
-2.678906
 21
0.0
 31
0.0
  0
LINE
  5
51F
330
51A
100
AcDbEntity
  8
Smart Centers
 62
     0
440
 16777216
 48
0.75
100
AcDbLine
 10
2.678906
 20
0.0
 30
0.0
 11
9.5
 21
0.0
 31
0.0
  0
LINE
  5
520
330
51A
100
AcDbEntity
  8
Smart Centers
 62
     0
440
 16777216
 48
0.75
100
AcDbLine
 10
0.0
 20
-9.5
 30
0.0
 11
0.0
 21
-2.678906
 31
0.0
  0
LINE
  5
521
330
51A
100
AcDbEntity
  8
Smart Centers
 62
     0
440
 16777216
 48
0.75
100
AcDbLine
 10
0.0
 20
2.678906
 30
0.0
 11
0.0
 21
9.5
 31
0.0
  0
ENDBLK
  5
522
330
51A
100
AcDbEntity
  8
0
100
AcDbBlockEnd
  0
BLOCK
  5
525
330
524
100
AcDbEntity
  8
0
100
AcDbBlockBegin
  2
*U15
 70
     1
 10
0.0
 20
0.0
 30
0.0
  3
*U15
  1

  0
LINE
  5
526
330
524
100
AcDbEntity
  8
Smart Centers
  6
Continuous
 62
     0
440
 16777216
 48
0.75
100
AcDbLine
 10
-0.892969
 20
0.0
 30
0.0
 11
0.892969
 21
0.0
 31
0.0
  0
LINE
  5
527
330
524
100
AcDbEntity
  8
Smart Centers
  6
Continuous
 62
     0
440
 16777216
 48
0.75
100
AcDbLine
 10
0.0
 20
-0.892969
 30
0.0
 11
0.0
 21
0.892969
 31
0.0
  0
LINE
  5
528
330
524
100
AcDbEntity
  8
Smart Centers
 62
     0
440
 16777216
 48
0.75
100
AcDbLine
 10
-6.0
 20
0.0
 30
0.0
 11
-2.678906
 21
0.0
 31
0.0
  0
LINE
  5
529
330
524
100
AcDbEntity
  8
Smart Centers
 62
     0
440
 16777216
 48
0.75
100
AcDbLine
 10
2.678906
 20
0.0
 30
0.0
 11
6.0
 21
0.0
 31
0.0
  0
LINE
  5
52A
330
524
100
AcDbEntity
  8
Smart Centers
 62
     0
440
 16777216
 48
0.75
100
AcDbLine
 10
0.0
 20
-6.0
 30
0.0
 11
0.0
 21
-2.678906
 31
0.0
  0
LINE
  5
52B
330
524
100
AcDbEntity
  8
Smart Centers
 62
     0
440
 16777216
 48
0.75
100
AcDbLine
 10
0.0
 20
2.678906
 30
0.0
 11
0.0
 21
6.0
 31
0.0
  0
ENDBLK
  5
52C
330
524
100
AcDbEntity
  8
0
100
AcDbBlockEnd
  0
BLOCK
  5
52F
330
52E
100
AcDbEntity
  8
0
100
AcDbBlockBegin
  2
*U16
 70
     1
 10
0.0
 20
0.0
 30
0.0
  3
*U16
  1

  0
LINE
  5
530
330
52E
100
AcDbEntity
  8
Smart Centers
  6
Continuous
 62
     0
440
 16777216
 48
0.75
100
AcDbLine
 10
-0.892969
 20
0.0
 30
0.0
 11
0.892969
 21
0.0
 31
0.0
  0
LINE
  5
531
330
52E
100
AcDbEntity
  8
Smart Centers
  6
Continuous
 62
     0
440
 16777216
 48
0.75
100
AcDbLine
 10
0.0
 20
-0.892969
 30
0.0
 11
0.0
 21
0.892969
 31
0.0
  0
LINE
  5
532
330
52E
100
AcDbEntity
  8
Smart Centers
 62
     0
440
 16777216
 48
0.75
100
AcDbLine
 10
-8.0
 20
0.0
 30
0.0
 11
-2.678906
 21
0.0
 31
0.0
  0
LINE
  5
533
330
52E
100
AcDbEntity
  8
Smart Centers
 62
     0
440
 16777216
 48
0.75
100
AcDbLine
 10
2.678906
 20
0.0
 30
0.0
 11
8.0
 21
0.0
 31
0.0
  0
LINE
  5
534
330
52E
100
AcDbEntity
  8
Smart Centers
 62
     0
440
 16777216
 48
0.75
100
AcDbLine
 10
0.0
 20
-8.0
 30
0.0
 11
0.0
 21
-2.678906
 31
0.0
  0
LINE
  5
535
330
52E
100
AcDbEntity
  8
Smart Centers
 62
     0
440
 16777216
 48
0.75
100
AcDbLine
 10
0.0
 20
2.678906
 30
0.0
 11
0.0
 21
8.0
 31
0.0
  0
ENDBLK
  5
536
330
52E
100
AcDbEntity
  8
0
100
AcDbBlockEnd
  0
BLOCK
  5
539
330
538
100
AcDbEntity
  8
0
100
AcDbBlockBegin
  2
*U17
 70
     1
 10
0.0
 20
0.0
 30
0.0
  3
*U17
  1

  0
LINE
  5
53A
330
538
100
AcDbEntity
  8
Smart Centers
  6
Continuous
 62
     0
440
 16777216
 48
0.75
100
AcDbLine
 10
-0.892969
 20
0.0
 30
0.0
 11
0.892969
 21
0.0
 31
0.0
  0
LINE
  5
53B
330
538
100
AcDbEntity
  8
Smart Centers
  6
Continuous
 62
     0
440
 16777216
 48
0.75
100
AcDbLine
 10
0.0
 20
-0.892969
 30
0.0
 11
0.0
 21
0.892969
 31
0.0
  0
LINE
  5
53C
330
538
100
AcDbEntity
  8
Smart Centers
 62
     0
440
 16777216
 48
0.75
100
AcDbLine
 10
-8.0
 20
0.0
 30
0.0
 11
-2.678906
 21
0.0
 31
0.0
  0
LINE
  5
53D
330
538
100
AcDbEntity
  8
Smart Centers
 62
     0
440
 16777216
 48
0.75
100
AcDbLine
 10
2.678906
 20
0.0
 30
0.0
 11
8.0
 21
0.0
 31
0.0
  0
LINE
  5
53E
330
538
100
AcDbEntity
  8
Smart Centers
 62
     0
440
 16777216
 48
0.75
100
AcDbLine
 10
0.0
 20
-8.0
 30
0.0
 11
0.0
 21
-2.678906
 31
0.0
  0
LINE
  5
53F
330
538
100
AcDbEntity
  8
Smart Centers
 62
     0
440
 16777216
 48
0.75
100
AcDbLine
 10
0.0
 20
2.678906
 30
0.0
 11
0.0
 21
8.0
 31
0.0
  0
ENDBLK
  5
540
330
538
100
AcDbEntity
  8
0
100
AcDbBlockEnd
  0
BLOCK
  5
543
330
542
100
AcDbEntity
  8
0
100
AcDbBlockBegin
  2
*U18
 70
     1
 10
0.0
 20
0.0
 30
0.0
  3
*U18
  1

  0
LINE
  5
544
330
542
100
AcDbEntity
  8
Smart Centers
  6
Continuous
 62
     0
440
 16777216
 48
0.75
100
AcDbLine
 10
-0.892969
 20
0.0
 30
0.0
 11
0.892969
 21
0.0
 31
0.0
  0
LINE
  5
545
330
542
100
AcDbEntity
  8
Smart Centers
  6
Continuous
 62
     0
440
 16777216
 48
0.75
100
AcDbLine
 10
0.0
 20
-0.892969
 30
0.0
 11
0.0
 21
0.892969
 31
0.0
  0
LINE
  5
546
330
542
100
AcDbEntity
  8
Smart Centers
 62
     0
440
 16777216
 48
0.75
100
AcDbLine
 10
-9.5
 20
0.0
 30
0.0
 11
-2.678906
 21
0.0
 31
0.0
  0
LINE
  5
547
330
542
100
AcDbEntity
  8
Smart Centers
 62
     0
440
 16777216
 48
0.75
100
AcDbLine
 10
2.678906
 20
0.0
 30
0.0
 11
9.5
 21
0.0
 31
0.0
  0
LINE
  5
548
330
542
100
AcDbEntity
  8
Smart Centers
 62
     0
440
 16777216
 48
0.75
100
AcDbLine
 10
0.0
 20
-9.5
 30
0.0
 11
0.0
 21
-2.678906
 31
0.0
  0
LINE
  5
549
330
542
100
AcDbEntity
  8
Smart Centers
 62
     0
440
 16777216
 48
0.75
100
AcDbLine
 10
0.0
 20
2.678906
 30
0.0
 11
0.0
 21
9.5
 31
0.0
  0
ENDBLK
  5
54A
330
542
100
AcDbEntity
  8
0
100
AcDbBlockEnd
  0
BLOCK
  5
54E
330
54D
100
AcDbEntity
  8
0
100
AcDbBlockBegin
  2
*D19
 70
     1
 10
0.0
 20
0.0
 30
0.0
  3
*D19
  1

  0
LINE
  5
54F
330
54D
100
AcDbEntity
  8
FD_Dimensions
 62
     0
440
 16777216
370
    -2
100
AcDbLine
 10
111.211962
 20
182.857764
 30
0.0
 11
99.102245
 21
195.637504
 31
0.0
  0
LINE
  5
550
330
54D
100
AcDbEntity
  8
FD_Dimensions
 62
     0
440
 16777216
370
    -2
100
AcDbLine
 10
86.033621
 20
209.429207
 30
0.0
 11
83.626243
 21
211.969784
 31
0.0
  0
MTEXT
  5
551
330
54D
100
AcDbEntity
  8
FD_Dimensions
 62
     0
440
 16777216
100
AcDbMText
 10
109.611905
 20
189.322135
 30
0.0
 40
3.5
 41
0.0
 46
0.0
 71
     5
 72
     1
  1
∅12
 11
0.687822
 21
-0.725879
 31
0.0
 73
     1
 44
1.0
  0
LINE
  5
552
330
54D
100
AcDbEntity
  8
FD_Dimensions
 62
     0
440
 16777216
370
    -2
100
AcDbLine
 10
88.441
 20
206.88863
 30
0.0
 11
96.694867
 21
198.178081
 31
0.0
  0
SOLID
  5
553
330
54D
100
AcDbEntity
  8
FD_Dimensions
 62
     0
440
 16777216
100
AcDbTrace
 10
86.457051
 20
209.830437
 30
0.0
 11
85.610192
 21
209.027977
 31
0.0
 12
88.441
 22
206.88863
 32
0.0
 13
88.441
 23
206.88863
 33
0.0
  0
SOLID
  5
554
330
54D
100
AcDbEntity
  8
FD_Dimensions
 62
     0
440
 16777216
100
AcDbTrace
 10
99.525675
 20
196.038734
 30
0.0
 11
98.678816
 21
195.236274
 31
0.0
 12
96.694867
 22
198.178081
 32
0.0
 13
96.694867
 23
198.178081
 33
0.0
  0
POINT
  5
555
330
54D
100
AcDbEntity
  8
Defpoints
 62
     0
440
 16777216
100
AcDbPoint
 10
96.694867
 20
198.178081
 30
0.0
  0
POINT
  5
556
330
54D
100
AcDbEntity
  8
Defpoints
 62
     0
440
 16777216
100
AcDbPoint
 10
88.441
 20
206.88863
 30
0.0
  0
ENDBLK
  5
557
330
54D
100
AcDbEntity
  8
0
100
AcDbBlockEnd
  0
BLOCK
  5
55A
330
559
100
AcDbEntity
  8
0
100
AcDbBlockBegin
  2
*D20
 70
     1
 10
0.0
 20
0.0
 30
0.0
  3
*D20
  1

  0
LINE
  5
55B
330
559
100
AcDbEntity
  8
FD_Dimensions
 62
     0
440
 16777216
370
    -2
100
AcDbLine
 10
130.580142
 20
185.369417
 30
0.0
 11
122.310893
 21
198.640976
 31
0.0
  0
LINE
  5
55C
330
559
100
AcDbEntity
  8
FD_Dimensions
 62
     0
440
 16777216
370
    -2
100
AcDbLine
 10
115.964971
 20
208.825733
 30
0.0
 11
114.114077
 21
211.796287
 31
0.0
  0
MTEXT
  5
55D
330
559
100
AcDbEntity
  8
FD_Dimensions
 62
     0
440
 16777216
100
AcDbMText
 10
131.00729
 20
190.895532
 30
0.0
 40
3.5
 41
0.0
 46
0.0
 71
     5
 72
     1
  1
∅5
 11
0.528827
 21
-0.84873
 31
0.0
 73
     1
 44
1.0
  0
LINE
  5
55E
330
559
100
AcDbEntity
  8
FD_Dimensions
 62
     0
440
 16777216
370
    -2
100
AcDbLine
 10
117.815865
 20
205.855179
 30
0.0
 11
120.459999
 21
201.61153
 31
0.0
  0
SOLID
  5
55F
330
559
100
AcDbEntity
  8
FD_Dimensions
 62
     0
440
 16777216
100
AcDbTrace
 10
116.460063
 20
209.134215
 30
0.0
 11
115.469879
 21
208.51725
 31
0.0
 12
117.815865
 22
205.855179
 32
0.0
 13
117.815865
 23
205.855179
 33
0.0
  0
SOLID
  5
560
330
559
100
AcDbEntity
  8
FD_Dimensions
 62
     0
440
 16777216
100
AcDbTrace
 10
122.805986
 20
198.949458
 30
0.0
 11
121.815801
 21
198.332494
 31
0.0
 12
120.459999
 22
201.61153
 32
0.0
 13
120.459999
 23
201.61153
 33
0.0
  0
POINT
  5
561
330
559
100
AcDbEntity
  8
Defpoints
 62
     0
440
 16777216
100
AcDbPoint
 10
120.459999
 20
201.61153
 30
0.0
  0
POINT
  5
562
330
559
100
AcDbEntity
  8
Defpoints
 62
     0
440
 16777216
100
AcDbPoint
 10
117.815865
 20
205.855179
 30
0.0
  0
ENDBLK
  5
563
330
559
100
AcDbEntity
  8
0
100
AcDbBlockEnd
  0
BLOCK
  5
566
330
565
100
AcDbEntity
  8
0
100
AcDbBlockBegin
  2
*D21
 70
     1
 10
0.0
 20
0.0
 30
0.0
  3
*D21
  1

  0
LINE
  5
567
330
565
100
AcDbEntity
  8
FD_Dimensions
 62
     0
440
 16777216
370
    -2
100
AcDbLine
 10
152.81833
 20
205.646477
 30
0.0
 11
164.309767
 21
200.962236
 31
0.0
  0
LINE
  5
568
330
565
100
AcDbEntity
  8
FD_Dimensions
 62
     0
440
 16777216
370
    -2
100
AcDbLine
 10
179.126098
 20
194.922673
 30
0.0
 11
182.36717
 21
193.601518
 31
0.0
  0
MTEXT
  5
569
330
565
100
AcDbEntity
  8
FD_Dimensions
 62
     0
440
 16777216
100
AcDbMText
 10
158.183468
 20
207.006811
 30
0.0
 40
3.5
 41
0.0
 46
0.0
 71
     5
 72
     1
  1
∅9
 11
0.926021
 21
-0.377473
 31
0.0
 73
     1
 44
1.0
  0
LINE
  5
56A
330
565
100
AcDbEntity
  8
FD_Dimensions
 62
     0
440
 16777216
370
    -2
100
AcDbLine
 10
175.885025
 20
196.243827
 30
0.0
 11
167.550839
 21
199.641082
 31
0.0
  0
SOLID
  5
56B
330
565
100
AcDbEntity
  8
FD_Dimensions
 62
     0
440
 16777216
100
AcDbTrace
 10
179.34629
 20
195.462851
 30
0.0
 11
178.905905
 21
194.382494
 31
0.0
 12
175.885025
 22
196.243827
 32
0.0
 13
175.885025
 23
196.243827
 33
0.0
  0
SOLID
  5
56C
330
565
100
AcDbEntity
  8
FD_Dimensions
 62
     0
440
 16777216
100
AcDbTrace
 10
164.529959
 20
201.502415
 30
0.0
 11
164.089574
 21
200.422057
 31
0.0
 12
167.550839
 22
199.641082
 32
0.0
 13
167.550839
 23
199.641082
 33
0.0
  0
POINT
  5
56D
330
565
100
AcDbEntity
  8
Defpoints
 62
     0
440
 16777216
100
AcDbPoint
 10
167.550839
 20
199.641082
 30
0.0
  0
POINT
  5
56E
330
565
100
AcDbEntity
  8
Defpoints
 62
     0
440
 16777216
100
AcDbPoint
 10
175.885025
 20
196.243827
 30
0.0
  0
ENDBLK
  5
56F
330
565
100
AcDbEntity
  8
0
100
AcDbBlockEnd
  0
BLOCK
  5
572
330
571
100
AcDbEntity
  8
0
100
AcDbBlockBegin
  2
*D22
 70
     1
 10
0.0
 20
0.0
 30
0.0
  3
*D22
  1

  0
LINE
  5
573
330
571
100
AcDbEntity
  8
FD_Dimensions
 62
     0
440
 16777216
370
    -2
100
AcDbLine
 10
103.944599
 20
158.143234
 30
0.0
 11
93.188684
 21
151.968461
 31
0.0
  0
LINE
  5
574
330
571
100
AcDbEntity
  8
FD_Dimensions
 62
     0
440
 16777216
370
    -2
100
AcDbLine
 10
81.04718
 20
144.998248
 30
0.0
 11
78.011804
 21
143.255694
 31
0.0
  0
MTEXT
  5
575
330
571
100
AcDbEntity
  8
FD_Dimensions
 62
     0
440
 16777216
100
AcDbMText
 10
98.448873
 20
158.775947
 30
0.0
 40
3.5
 41
0.0
 46
0.0
 71
     5
 72
     1
  1
∅7
 11
0.86725
 21
0.497872
 31
0.0
 73
     1
 44
1.0
  0
LINE
  5
576
330
571
100
AcDbEntity
  8
FD_Dimensions
 62
     0
440
 16777216
370
    -2
100
AcDbLine
 10
84.082556
 20
146.740801
 30
0.0
 11
90.153308
 21
150.225908
 31
0.0
  0
SOLID
  5
577
330
571
100
AcDbEntity
  8
FD_Dimensions
 62
     0
440
 16777216
100
AcDbTrace
 10
80.756755
 20
145.504144
 30
0.0
 11
81.337606
 21
144.492352
 31
0.0
 12
84.082556
 22
146.740801
 32
0.0
 13
84.082556
 23
146.740801
 33
0.0
  0
SOLID
  5
578
330
571
100
AcDbEntity
  8
FD_Dimensions
 62
     0
440
 16777216
100
AcDbTrace
 10
92.898259
 20
152.474357
 30
0.0
 11
93.47911
 21
151.462565
 31
0.0
 12
90.153308
 22
150.225908
 32
0.0
 13
90.153308
 23
150.225908
 33
0.0
  0
POINT
  5
579
330
571
100
AcDbEntity
  8
Defpoints
 62
     0
440
 16777216
100
AcDbPoint
 10
90.153308
 20
150.225908
 30
0.0
  0
POINT
  5
57A
330
571
100
AcDbEntity
  8
Defpoints
 62
     0
440
 16777216
100
AcDbPoint
 10
84.082556
 20
146.740801
 30
0.0
  0
ENDBLK
  5
57B
330
571
100
AcDbEntity
  8
0
100
AcDbBlockEnd
  0
BLOCK
  5
57E
330
57D
100
AcDbEntity
  8
0
100
AcDbBlockBegin
  2
*D23
 70
     1
 10
0.0
 20
0.0
 30
0.0
  3
*D23
  1

  0
LINE
  5
57F
330
57D
100
AcDbEntity
  8
FD_Dimensions
 62
     0
440
 16777216
370
    -2
100
AcDbLine
 10
132.261636
 20
160.206234
 30
0.0
 11
122.379062
 21
152.712754
 31
0.0
  0
LINE
  5
580
330
57D
100
AcDbEntity
  8
FD_Dimensions
 62
     0
440
 16777216
370
    -2
100
AcDbLine
 10
111.223403
 20
144.253955
 30
0.0
 11
108.434488
 21
142.139255
 31
0.0
  0
MTEXT
  5
581
330
57D
100
AcDbEntity
  8
FD_Dimensions
 62
     0
440
 16777216
100
AcDbMText
 10
126.730075
 20
160.134353
 30
0.0
 40
3.5
 41
0.0
 46
0.0
 71
     5
 72
     1
  1
∅7
 11
0.796833
 21
0.6042
 31
0.0
 73
     1
 44
1.0
  0
LINE
  5
582
330
57D
100
AcDbEntity
  8
FD_Dimensions
 62
     0
440
 16777216
370
    -2
100
AcDbLine
 10
114.012318
 20
146.368655
 30
0.0
 11
119.590147
 21
150.598054
 31
0.0
  0
SOLID
  5
583
330
57D
100
AcDbEntity
  8
FD_Dimensions
 62
     0
440
 16777216
100
AcDbTrace
 10
110.870953
 20
144.718774
 30
0.0
 11
111.575853
 21
143.789136
 31
0.0
 12
114.012318
 22
146.368655
 32
0.0
 13
114.012318
 23
146.368655
 33
0.0
  0
SOLID
  5
584
330
57D
100
AcDbEntity
  8
FD_Dimensions
 62
     0
440
 16777216
100
AcDbTrace
 10
122.026612
 20
153.177573
 30
0.0
 11
122.731511
 21
152.247935
 31
0.0
 12
119.590147
 22
150.598054
 32
0.0
 13
119.590147
 23
150.598054
 33
0.0
  0
POINT
  5
585
330
57D
100
AcDbEntity
  8
Defpoints
 62
     0
440
 16777216
100
AcDbPoint
 10
119.590147
 20
150.598054
 30
0.0
  0
POINT
  5
586
330
57D
100
AcDbEntity
  8
Defpoints
 62
     0
440
 16777216
100
AcDbPoint
 10
114.012318
 20
146.368655
 30
0.0
  0
ENDBLK
  5
587
330
57D
100
AcDbEntity
  8
0
100
AcDbBlockEnd
  0
BLOCK
  5
58A
330
589
100
AcDbEntity
  8
0
100
AcDbBlockBegin
  2
*D24
 70
     1
 10
0.0
 20
0.0
 30
0.0
  3
*D24
  1

  0
LINE
  5
58B
330
589
100
AcDbEntity
  8
FD_Dimensions
 62
     0
440
 16777216
370
    -2
100
AcDbLine
 10
161.351017
 20
160.641072
 30
0.0
 11
151.81619
 21
152.709831
 31
0.0
  0
LINE
  5
58C
330
589
100
AcDbEntity
  8
FD_Dimensions
 62
     0
440
 16777216
370
    -2
100
AcDbLine
 10
141.053075
 20
143.756878
 30
0.0
 11
138.362296
 21
141.51864
 31
0.0
  0
MTEXT
  5
58D
330
589
100
AcDbEntity
  8
FD_Dimensions
 62
     0
440
 16777216
100
AcDbMText
 10
155.828316
 20
160.319975
 30
0.0
 40
3.5
 41
0.0
 46
0.0
 71
     5
 72
     1
  1
∅7
 11
0.768794
 21
0.639497
 31
0.0
 73
     1
 44
1.0
  0
LINE
  5
58E
330
589
100
AcDbEntity
  8
FD_Dimensions
 62
     0
440
 16777216
370
    -2
100
AcDbLine
 10
143.743854
 20
145.995116
 30
0.0
 11
149.125411
 21
150.471593
 31
0.0
  0
SOLID
  5
58F
330
589
100
AcDbEntity
  8
FD_Dimensions
 62
     0
440
 16777216
100
AcDbTrace
 10
140.680035
 20
144.205341
 30
0.0
 11
141.426115
 21
143.308415
 31
0.0
 12
143.743854
 22
145.995116
 32
0.0
 13
143.743854
 23
145.995116
 33
0.0
  0
SOLID
  5
590
330
589
100
AcDbEntity
  8
FD_Dimensions
 62
     0
440
 16777216
100
AcDbTrace
 10
151.44315
 20
153.158294
 30
0.0
 11
152.189229
 21
152.261368
 31
0.0
 12
149.125411
 22
150.471593
 32
0.0
 13
149.125411
 23
150.471593
 33
0.0
  0
POINT
  5
591
330
589
100
AcDbEntity
  8
Defpoints
 62
     0
440
 16777216
100
AcDbPoint
 10
149.125411
 20
150.471593
 30
0.0
  0
POINT
  5
592
330
589
100
AcDbEntity
  8
Defpoints
 62
     0
440
 16777216
100
AcDbPoint
 10
143.743854
 20
145.995116
 30
0.0
  0
ENDBLK
  5
593
330
589
100
AcDbEntity
  8
0
100
AcDbBlockEnd
  0
BLOCK
  5
596
330
595
100
AcDbEntity
  8
0
100
AcDbBlockBegin
  2
*D25
 70
     1
 10
0.0
 20
0.0
 30
0.0
  3
*D25
  1

  0
LINE
  5
597
330
595
100
AcDbEntity
  8
FD_Dimensions
 62
     0
440
 16777216
370
    -2
100
AcDbLine
 10
156.670942
 20
173.188047
 30
0.0
 11
169.069855
 21
172.897399
 31
0.0
  0
LINE
  5
598
330
595
100
AcDbEntity
  8
FD_Dimensions
 62
     0
440
 16777216
370
    -2
100
AcDbLine
 10
183.06601
 20
172.56931
 30
0.0
 11
186.565049
 21
172.487287
 31
0.0
  0
MTEXT
  5
599
330
595
100
AcDbEntity
  8
FD_Dimensions
 62
     0
440
 16777216
100
AcDbMText
 10
161.19786
 20
176.367723
 30
0.0
 40
3.5
 41
0.0
 46
0.0
 71
     5
 72
     1
  1
∅7
 11
0.999725
 21
-0.023435
 31
0.0
 73
     1
 44
1.0
  0
LINE
  5
59A
330
595
100
AcDbEntity
  8
FD_Dimensions
 62
     0
440
 16777216
370
    -2
100
AcDbLine
 10
179.566971
 20
172.651332
 30
0.0
 11
172.568893
 21
172.815377
 31
0.0
  0
SOLID
  5
59B
330
595
100
AcDbEntity
  8
FD_Dimensions
 62
     0
440
 16777216
100
AcDbTrace
 10
183.07968
 20
173.152483
 30
0.0
 11
183.052339
 21
171.986137
 31
0.0
 12
179.566971
 22
172.651332
 32
0.0
 13
179.566971
 23
172.651332
 33
0.0
  0
SOLID
  5
59C
330
595
100
AcDbEntity
  8
FD_Dimensions
 62
     0
440
 16777216
100
AcDbTrace
 10
169.083525
 20
173.480572
 30
0.0
 11
169.056184
 21
172.314226
 31
0.0
 12
172.568893
 22
172.815377
 32
0.0
 13
172.568893
 23
172.815377
 33
0.0
  0
POINT
  5
59D
330
595
100
AcDbEntity
  8
Defpoints
 62
     0
440
 16777216
100
AcDbPoint
 10
172.568893
 20
172.815377
 30
0.0
  0
POINT
  5
59E
330
595
100
AcDbEntity
  8
Defpoints
 62
     0
440
 16777216
100
AcDbPoint
 10
179.566971
 20
172.651332
 30
0.0
  0
ENDBLK
  5
59F
330
595
100
AcDbEntity
  8
0
100
AcDbBlockEnd
  0
BLOCK
  5
5A2
330
5A1
100
AcDbEntity
  8
0
100
AcDbBlockBegin
  2
*D26
 70
     1
 10
0.0
 20
0.0
 30
0.0
  3
*D26
  1

  0
LINE
  5
5A3
330
5A1
100
AcDbEntity
  8
FD_Dimensions
 62
     0
440
 16777216
370
    -2
100
AcDbLine
 10
83.92467
 20
231.306662
 30
0.0
 11
94.682621
 21
237.492268
 31
0.0
  0
LINE
  5
5A4
330
5A1
100
AcDbEntity
  8
FD_Dimensions
 62
     0
440
 16777216
370
    -2
100
AcDbLine
 10
108.553243
 20
245.467596
 30
0.0
 11
111.587441
 21
247.212199
 31
0.0
  0
MTEXT
  5
5A5
330
5A1
100
AcDbEntity
  8
FD_Dimensions
 62
     0
440
 16777216
100
AcDbMText
 10
86.149166
 20
236.374881
 30
0.0
 40
3.5
 41
0.0
 46
0.0
 71
     5
 72
     1
  1
∅9
 11
0.866914
 21
0.498458
 31
0.0
 73
     1
 44
1.0
  0
LINE
  5
5A6
330
5A1
100
AcDbEntity
  8
FD_Dimensions
 62
     0
440
 16777216
370
    -2
100
AcDbLine
 10
105.519045
 20
243.722993
 30
0.0
 11
97.71682
 21
239.236871
 31
0.0
  0
SOLID
  5
5A7
330
5A1
100
AcDbEntity
  8
FD_Dimensions
 62
     0
440
 16777216
100
AcDbTrace
 10
108.262476
 20
245.973296
 30
0.0
 11
108.84401
 21
244.961896
 31
0.0
 12
105.519045
 22
243.722993
 32
0.0
 13
105.519045
 23
243.722993
 33
0.0
  0
SOLID
  5
5A8
330
5A1
100
AcDbEntity
  8
FD_Dimensions
 62
     0
440
 16777216
100
AcDbTrace
 10
94.391854
 20
237.997968
 30
0.0
 11
94.973389
 21
236.986568
 31
0.0
 12
97.71682
 22
239.236871
 32
0.0
 13
97.71682
 23
239.236871
 33
0.0
  0
POINT
  5
5A9
330
5A1
100
AcDbEntity
  8
Defpoints
 62
     0
440
 16777216
100
AcDbPoint
 10
97.71682
 20
239.236871
 30
0.0
  0
POINT
  5
5AA
330
5A1
100
AcDbEntity
  8
Defpoints
 62
     0
440
 16777216
100
AcDbPoint
 10
105.519045
 20
243.722993
 30
0.0
  0
ENDBLK
  5
5AB
330
5A1
100
AcDbEntity
  8
0
100
AcDbBlockEnd
  0
BLOCK
  5
5AE
330
5AD
100
AcDbEntity
  8
0
100
AcDbBlockBegin
  2
*D27
 70
     1
 10
0.0
 20
0.0
 30
0.0
  3
*D27
  1

  0
LINE
  5
5AF
330
5AD
100
AcDbEntity
  8
FD_Dimensions
 62
     0
440
 16777216
370
    -2
100
AcDbLine
 10
109.78088
 20
231.335903
 30
0.0
 11
123.15694
 21
238.311772
 31
0.0
  0
LINE
  5
5B0
330
5AD
100
AcDbEntity
  8
FD_Dimensions
 62
     0
440
 16777216
370
    -2
100
AcDbLine
 10
140.003572
 20
247.097611
 30
0.0
 11
143.106899
 21
248.716055
 31
0.0
  0
MTEXT
  5
5B1
330
5AD
100
AcDbEntity
  8
FD_Dimensions
 62
     0
440
 16777216
100
AcDbMText
 10
113.398271
 20
236.927212
 30
0.0
 40
3.5
 41
0.0
 46
0.0
 71
     5
 72
     1
  1
∅12
 11
0.886665
 21
0.462413
 31
0.0
 73
     1
 44
1.0
  0
LINE
  5
5B2
330
5AD
100
AcDbEntity
  8
FD_Dimensions
 62
     0
440
 16777216
370
    -2
100
AcDbLine
 10
136.900245
 20
245.479167
 30
0.0
 11
126.260267
 21
239.930216
 31
0.0
  0
SOLID
  5
5B3
330
5AD
100
AcDbEntity
  8
FD_Dimensions
 62
     0
440
 16777216
100
AcDbTrace
 10
139.733832
 20
247.614832
 30
0.0
 11
140.273313
 21
246.580389
 31
0.0
 12
136.900245
 22
245.479167
 32
0.0
 13
136.900245
 23
245.479167
 33
0.0
  0
SOLID
  5
5B4
330
5AD
100
AcDbEntity
  8
FD_Dimensions
 62
     0
440
 16777216
100
AcDbTrace
 10
122.887199
 20
238.828993
 30
0.0
 11
123.42668
 21
237.79455
 31
0.0
 12
126.260267
 22
239.930216
 32
0.0
 13
126.260267
 23
239.930216
 33
0.0
  0
POINT
  5
5B5
330
5AD
100
AcDbEntity
  8
Defpoints
 62
     0
440
 16777216
100
AcDbPoint
 10
126.260267
 20
239.930216
 30
0.0
  0
POINT
  5
5B6
330
5AD
100
AcDbEntity
  8
Defpoints
 62
     0
440
 16777216
100
AcDbPoint
 10
136.900245
 20
245.479167
 30
0.0
  0
ENDBLK
  5
5B7
330
5AD
100
AcDbEntity
  8
0
100
AcDbBlockEnd
  0
BLOCK
  5
5BA
330
5B9
100
AcDbEntity
  8
0
100
AcDbBlockBegin
  2
*D28
 70
     1
 10
0.0
 20
0.0
 30
0.0
  3
*D28
  1

  0
LINE
  5
5BB
330
5B9
100
AcDbEntity
  8
FD_Dimensions
 62
     0
440
 16777216
370
    -2
100
AcDbLine
 10
143.827834
 20
231.476965
 30
0.0
 11
154.644664
 21
237.559022
 31
0.0
  0
LINE
  5
5BC
330
5B9
100
AcDbEntity
  8
FD_Dimensions
 62
     0
440
 16777216
370
    -2
100
AcDbLine
 10
168.5912
 20
245.400841
 30
0.0
 11
171.642005
 21
247.116239
 31
0.0
  0
MTEXT
  5
5BD
330
5B9
100
AcDbEntity
  8
FD_Dimensions
 62
     0
440
 16777216
100
AcDbMText
 10
146.100877
 20
236.523598
 30
0.0
 40
3.5
 41
0.0
 46
0.0
 71
     5
 72
     1
  1
∅9
 11
0.871659
 21
0.490114
 31
0.0
 73
     1
 44
1.0
  0
LINE
  5
5BE
330
5B9
100
AcDbEntity
  8
FD_Dimensions
 62
     0
440
 16777216
370
    -2
100
AcDbLine
 10
165.540396
 20
243.685444
 30
0.0
 11
157.695469
 21
239.27442
 31
0.0
  0
SOLID
  5
5BF
330
5B9
100
AcDbEntity
  8
FD_Dimensions
 62
     0
440
 16777216
100
AcDbTrace
 10
168.305301
 20
245.909309
 30
0.0
 11
168.8771
 21
244.892374
 31
0.0
 12
165.540396
 22
243.685444
 32
0.0
 13
165.540396
 23
243.685444
 33
0.0
  0
SOLID
  5
5C0
330
5B9
100
AcDbEntity
  8
FD_Dimensions
 62
     0
440
 16777216
100
AcDbTrace
 10
154.358764
 20
238.06749
 30
0.0
 11
154.930564
 21
237.050555
 31
0.0
 12
157.695469
 22
239.27442
 32
0.0
 13
157.695469
 23
239.27442
 33
0.0
  0
POINT
  5
5C1
330
5B9
100
AcDbEntity
  8
Defpoints
 62
     0
440
 16777216
100
AcDbPoint
 10
157.695469
 20
239.27442
 30
0.0
  0
POINT
  5
5C2
330
5B9
100
AcDbEntity
  8
Defpoints
 62
     0
440
 16777216
100
AcDbPoint
 10
165.540396
 20
243.685444
 30
0.0
  0
ENDBLK
  5
5C3
330
5B9
100
AcDbEntity
  8
0
100
AcDbBlockEnd
  0
BLOCK
  5
5C6
330
5C5
100
AcDbEntity
  8
0
100
AcDbBlockBegin
  2
*U29
 70
     1
 10
0.0
 20
0.0
 30
0.0
  3
*U29
  1

  0
LINE
  5
5C7
330
5C5
100
AcDbEntity
  8
Smart Centers
  6
Continuous
 62
     0
440
 16777216
 48
0.75
100
AcDbLine
 10
-0.892969
 20
0.0
 30
0.0
 11
0.892969
 21
0.0
 31
0.0
  0
LINE
  5
5C8
330
5C5
100
AcDbEntity
  8
Smart Centers
  6
Continuous
 62
     0
440
 16777216
 48
0.75
100
AcDbLine
 10
0.0
 20
-0.892969
 30
0.0
 11
0.0
 21
0.892969
 31
0.0
  0
LINE
  5
5C9
330
5C5
100
AcDbEntity
  8
Smart Centers
 62
     0
440
 16777216
 48
0.75
100
AcDbLine
 10
-7.0
 20
0.0
 30
0.0
 11
-2.678906
 21
0.0
 31
0.0
  0
LINE
  5
5CA
330
5C5
100
AcDbEntity
  8
Smart Centers
 62
     0
440
 16777216
 48
0.75
100
AcDbLine
 10
2.678906
 20
0.0
 30
0.0
 11
7.0
 21
0.0
 31
0.0
  0
LINE
  5
5CB
330
5C5
100
AcDbEntity
  8
Smart Centers
 62
     0
440
 16777216
 48
0.75
100
AcDbLine
 10
0.0
 20
-7.0
 30
0.0
 11
0.0
 21
-2.678906
 31
0.0
  0
LINE
  5
5CC
330
5C5
100
AcDbEntity
  8
Smart Centers
 62
     0
440
 16777216
 48
0.75
100
AcDbLine
 10
0.0
 20
2.678906
 30
0.0
 11
0.0
 21
7.0
 31
0.0
  0
ENDBLK
  5
5CD
330
5C5
100
AcDbEntity
  8
0
100
AcDbBlockEnd
  0
BLOCK
  5
5D0
330
5CF
100
AcDbEntity
  8
0
100
AcDbBlockBegin
  2
*D30
 70
     1
 10
0.0
 20
0.0
 30
0.0
  3
*D30
  1

  0
LINE
  5
5D1
330
5CF
100
AcDbEntity
  8
FD_Dimensions
 62
     0
440
 16777216
370
    -2
100
AcDbLine
 10
160.988146
 20
136.274749
 30
0.0
 11
170.627423
 21
144.078714
 31
0.0
  0
LINE
  5
5D2
330
5CF
100
AcDbEntity
  8
FD_Dimensions
 62
     0
440
 16777216
370
    -2
100
AcDbLine
 10
181.508442
 20
152.887995
 30
0.0
 11
184.228697
 21
155.090315
 31
0.0
  0
MTEXT
  5
5D3
330
5CF
100
AcDbEntity
  8
FD_Dimensions
 62
     0
440
 16777216
100
AcDbMText
 10
162.380691
 20
141.62864
 30
0.0
 40
3.5
 41
0.0
 46
0.0
 71
     5
 72
     1
  1
∅7
 11
0.777216
 21
0.629234
 31
0.0
 73
     1
 44
1.0
  0
LINE
  5
5D4
330
5CF
100
AcDbEntity
  8
FD_Dimensions
 62
     0
440
 16777216
370
    -2
100
AcDbLine
 10
178.788187
 20
150.685674
 30
0.0
 11
173.347677
 21
146.281034
 31
0.0
  0
SOLID
  5
5D5
330
5CF
100
AcDbEntity
  8
FD_Dimensions
 62
     0
440
 16777216
100
AcDbTrace
 10
181.141389
 20
153.34137
 30
0.0
 11
181.875495
 21
152.434619
 31
0.0
 12
178.788187
 22
150.685674
 32
0.0
 13
178.788187
 23
150.685674
 33
0.0
  0
SOLID
  5
5D6
330
5CF
100
AcDbEntity
  8
FD_Dimensions
 62
     0
440
 16777216
100
AcDbTrace
 10
170.260369
 20
144.53209
 30
0.0
 11
170.994476
 21
143.625338
 31
0.0
 12
173.347677
 22
146.281034
 32
0.0
 13
173.347677
 23
146.281034
 33
0.0
  0
POINT
  5
5D7
330
5CF
100
AcDbEntity
  8
Defpoints
 62
     0
440
 16777216
100
AcDbPoint
 10
173.347677
 20
146.281034
 30
0.0
  0
POINT
  5
5D8
330
5CF
100
AcDbEntity
  8
Defpoints
 62
     0
440
 16777216
100
AcDbPoint
 10
178.788187
 20
150.685674
 30
0.0
  0
ENDBLK
  5
5D9
330
5CF
100
AcDbEntity
  8
0
100
AcDbBlockEnd
  0
BLOCK
  5
5DC
330
5DB
100
AcDbEntity
  8
0
100
AcDbBlockBegin
  2
*D31
 70
     1
 10
0.0
 20
0.0
 30
0.0
  3
*D31
  1

  0
LINE
  5
B01
330
5DB
100
AcDbEntity
  8
FD_Dimensions
 62
     0
440
 16777216
370
    -2
100
AcDbLine
 10
111.211962
 20
182.857764
 30
0.0
 11
99.102245
 21
195.637504
 31
0.0
  0
LINE
  5
B02
330
5DB
100
AcDbEntity
  8
FD_Dimensions
 62
     0
440
 16777216
370
    -2
100
AcDbLine
 10
86.033621
 20
209.429207
 30
0.0
 11
83.626243
 21
211.969784
 31
0.0
  0
MTEXT
  5
B03
330
5DB
100
AcDbEntity
  8
FD_Dimensions
 62
     0
440
 16777216
100
AcDbMText
 10
109.611905
 20
189.322135
 30
0.0
 40
3.5
 41
0.0
 46
0.0
 71
     5
 72
     1
  1
∅12
 11
0.687822
 21
-0.725879
 31
0.0
 73
     1
 44
1.0
  0
LINE
  5
B04
330
5DB
100
AcDbEntity
  8
FD_Dimensions
 62
     0
440
 16777216
370
    -2
100
AcDbLine
 10
88.441
 20
206.88863
 30
0.0
 11
96.694867
 21
198.178081
 31
0.0
  0
SOLID
  5
B05
330
5DB
100
AcDbEntity
  8
FD_Dimensions
 62
     0
440
 16777216
100
AcDbTrace
 10
86.457051
 20
209.830437
 30
0.0
 11
85.610192
 21
209.027977
 31
0.0
 12
88.441
 22
206.88863
 32
0.0
 13
88.441
 23
206.88863
 33
0.0
  0
SOLID
  5
B06
330
5DB
100
AcDbEntity
  8
FD_Dimensions
 62
     0
440
 16777216
100
AcDbTrace
 10
99.525675
 20
196.038734
 30
0.0
 11
98.678816
 21
195.236274
 31
0.0
 12
96.694867
 22
198.178081
 32
0.0
 13
96.694867
 23
198.178081
 33
0.0
  0
POINT
  5
B07
330
5DB
100
AcDbEntity
  8
Defpoints
 62
     0
440
 16777216
100
AcDbPoint
 10
96.694867
 20
198.178081
 30
0.0
  0
POINT
  5
B08
330
5DB
100
AcDbEntity
  8
Defpoints
 62
     0
440
 16777216
100
AcDbPoint
 10
88.441
 20
206.88863
 30
0.0
  0
ENDBLK
  5
5DD
330
5DB
100
AcDbEntity
  8
0
100
AcDbBlockEnd
  0
BLOCK
  5
5E7
330
5E6
100
AcDbEntity
  8
0
100
AcDbBlockBegin
  2
*D32
 70
     1
 10
0.0
 20
0.0
 30
0.0
  3
*D32
  1

  0
LINE
  5
B09
330
5E6
100
AcDbEntity
  8
FD_Dimensions
 62
     0
440
 16777216
370
    -2
100
AcDbLine
 10
130.580142
 20
185.369417
 30
0.0
 11
122.310893
 21
198.640976
 31
0.0
  0
LINE
  5
B0A
330
5E6
100
AcDbEntity
  8
FD_Dimensions
 62
     0
440
 16777216
370
    -2
100
AcDbLine
 10
115.964971
 20
208.825733
 30
0.0
 11
114.114077
 21
211.796287
 31
0.0
  0
MTEXT
  5
B0B
330
5E6
100
AcDbEntity
  8
FD_Dimensions
 62
     0
440
 16777216
100
AcDbMText
 10
131.00729
 20
190.895532
 30
0.0
 40
3.5
 41
0.0
 46
0.0
 71
     5
 72
     1
  1
∅5
 11
0.528827
 21
-0.84873
 31
0.0
 73
     1
 44
1.0
  0
LINE
  5
B0C
330
5E6
100
AcDbEntity
  8
FD_Dimensions
 62
     0
440
 16777216
370
    -2
100
AcDbLine
 10
117.815865
 20
205.855179
 30
0.0
 11
120.459999
 21
201.61153
 31
0.0
  0
SOLID
  5
B0D
330
5E6
100
AcDbEntity
  8
FD_Dimensions
 62
     0
440
 16777216
100
AcDbTrace
 10
116.460063
 20
209.134215
 30
0.0
 11
115.469879
 21
208.51725
 31
0.0
 12
117.815865
 22
205.855179
 32
0.0
 13
117.815865
 23
205.855179
 33
0.0
  0
SOLID
  5
B0E
330
5E6
100
AcDbEntity
  8
FD_Dimensions
 62
     0
440
 16777216
100
AcDbTrace
 10
122.805986
 20
198.949458
 30
0.0
 11
121.815801
 21
198.332494
 31
0.0
 12
120.459999
 22
201.61153
 32
0.0
 13
120.459999
 23
201.61153
 33
0.0
  0
POINT
  5
B0F
330
5E6
100
AcDbEntity
  8
Defpoints
 62
     0
440
 16777216
100
AcDbPoint
 10
120.459999
 20
201.61153
 30
0.0
  0
POINT
  5
B10
330
5E6
100
AcDbEntity
  8
Defpoints
 62
     0
440
 16777216
100
AcDbPoint
 10
117.815865
 20
205.855179
 30
0.0
  0
ENDBLK
  5
5E8
330
5E6
100
AcDbEntity
  8
0
100
AcDbBlockEnd
  0
BLOCK
  5
5F2
330
5F1
100
AcDbEntity
  8
0
100
AcDbBlockBegin
  2
*D33
 70
     1
 10
0.0
 20
0.0
 30
0.0
  3
*D33
  1

  0
LINE
  5
B11
330
5F1
100
AcDbEntity
  8
FD_Dimensions
 62
     0
440
 16777216
370
    -2
100
AcDbLine
 10
152.81833
 20
205.646477
 30
0.0
 11
164.309767
 21
200.962236
 31
0.0
  0
LINE
  5
B12
330
5F1
100
AcDbEntity
  8
FD_Dimensions
 62
     0
440
 16777216
370
    -2
100
AcDbLine
 10
179.126098
 20
194.922673
 30
0.0
 11
182.36717
 21
193.601518
 31
0.0
  0
MTEXT
  5
B13
330
5F1
100
AcDbEntity
  8
FD_Dimensions
 62
     0
440
 16777216
100
AcDbMText
 10
158.183468
 20
207.006811
 30
0.0
 40
3.5
 41
0.0
 46
0.0
 71
     5
 72
     1
  1
∅9
 11
0.926021
 21
-0.377473
 31
0.0
 73
     1
 44
1.0
  0
LINE
  5
B14
330
5F1
100
AcDbEntity
  8
FD_Dimensions
 62
     0
440
 16777216
370
    -2
100
AcDbLine
 10
175.885025
 20
196.243827
 30
0.0
 11
167.550839
 21
199.641082
 31
0.0
  0
SOLID
  5
B15
330
5F1
100
AcDbEntity
  8
FD_Dimensions
 62
     0
440
 16777216
100
AcDbTrace
 10
179.34629
 20
195.462851
 30
0.0
 11
178.905905
 21
194.382494
 31
0.0
 12
175.885025
 22
196.243827
 32
0.0
 13
175.885025
 23
196.243827
 33
0.0
  0
SOLID
  5
B16
330
5F1
100
AcDbEntity
  8
FD_Dimensions
 62
     0
440
 16777216
100
AcDbTrace
 10
164.529959
 20
201.502415
 30
0.0
 11
164.089574
 21
200.422057
 31
0.0
 12
167.550839
 22
199.641082
 32
0.0
 13
167.550839
 23
199.641082
 33
0.0
  0
POINT
  5
B17
330
5F1
100
AcDbEntity
  8
Defpoints
 62
     0
440
 16777216
100
AcDbPoint
 10
167.550839
 20
199.641082
 30
0.0
  0
POINT
  5
B18
330
5F1
100
AcDbEntity
  8
Defpoints
 62
     0
440
 16777216
100
AcDbPoint
 10
175.885025
 20
196.243827
 30
0.0
  0
ENDBLK
  5
5F3
330
5F1
100
AcDbEntity
  8
0
100
AcDbBlockEnd
  0
BLOCK
  5
5FD
330
5FC
100
AcDbEntity
  8
0
100
AcDbBlockBegin
  2
*D34
 70
     1
 10
0.0
 20
0.0
 30
0.0
  3
*D34
  1

  0
LINE
  5
B19
330
5FC
100
AcDbEntity
  8
FD_Dimensions
 62
     0
440
 16777216
370
    -2
100
AcDbLine
 10
103.944599
 20
158.143234
 30
0.0
 11
93.188684
 21
151.968461
 31
0.0
  0
LINE
  5
B1A
330
5FC
100
AcDbEntity
  8
FD_Dimensions
 62
     0
440
 16777216
370
    -2
100
AcDbLine
 10
81.04718
 20
144.998248
 30
0.0
 11
78.011804
 21
143.255694
 31
0.0
  0
MTEXT
  5
B1B
330
5FC
100
AcDbEntity
  8
FD_Dimensions
 62
     0
440
 16777216
100
AcDbMText
 10
98.448873
 20
158.775947
 30
0.0
 40
3.5
 41
0.0
 46
0.0
 71
     5
 72
     1
  1
∅7
 11
0.86725
 21
0.497872
 31
0.0
 73
     1
 44
1.0
  0
LINE
  5
B1C
330
5FC
100
AcDbEntity
  8
FD_Dimensions
 62
     0
440
 16777216
370
    -2
100
AcDbLine
 10
84.082556
 20
146.740801
 30
0.0
 11
90.153308
 21
150.225908
 31
0.0
  0
SOLID
  5
B1D
330
5FC
100
AcDbEntity
  8
FD_Dimensions
 62
     0
440
 16777216
100
AcDbTrace
 10
80.756755
 20
145.504144
 30
0.0
 11
81.337606
 21
144.492352
 31
0.0
 12
84.082556
 22
146.740801
 32
0.0
 13
84.082556
 23
146.740801
 33
0.0
  0
SOLID
  5
B1E
330
5FC
100
AcDbEntity
  8
FD_Dimensions
 62
     0
440
 16777216
100
AcDbTrace
 10
92.898259
 20
152.474357
 30
0.0
 11
93.47911
 21
151.462565
 31
0.0
 12
90.153308
 22
150.225908
 32
0.0
 13
90.153308
 23
150.225908
 33
0.0
  0
POINT
  5
B1F
330
5FC
100
AcDbEntity
  8
Defpoints
 62
     0
440
 16777216
100
AcDbPoint
 10
90.153308
 20
150.225908
 30
0.0
  0
POINT
  5
B20
330
5FC
100
AcDbEntity
  8
Defpoints
 62
     0
440
 16777216
100
AcDbPoint
 10
84.082556
 20
146.740801
 30
0.0
  0
ENDBLK
  5
5FE
330
5FC
100
AcDbEntity
  8
0
100
AcDbBlockEnd
  0
BLOCK
  5
608
330
607
100
AcDbEntity
  8
0
100
AcDbBlockBegin
  2
*D35
 70
     1
 10
0.0
 20
0.0
 30
0.0
  3
*D35
  1

  0
LINE
  5
B21
330
607
100
AcDbEntity
  8
FD_Dimensions
 62
     0
440
 16777216
370
    -2
100
AcDbLine
 10
132.261636
 20
160.206234
 30
0.0
 11
122.379062
 21
152.712754
 31
0.0
  0
LINE
  5
B22
330
607
100
AcDbEntity
  8
FD_Dimensions
 62
     0
440
 16777216
370
    -2
100
AcDbLine
 10
111.223403
 20
144.253955
 30
0.0
 11
108.434488
 21
142.139255
 31
0.0
  0
MTEXT
  5
B23
330
607
100
AcDbEntity
  8
FD_Dimensions
 62
     0
440
 16777216
100
AcDbMText
 10
126.730075
 20
160.134353
 30
0.0
 40
3.5
 41
0.0
 46
0.0
 71
     5
 72
     1
  1
∅7
 11
0.796833
 21
0.6042
 31
0.0
 73
     1
 44
1.0
  0
LINE
  5
B24
330
607
100
AcDbEntity
  8
FD_Dimensions
 62
     0
440
 16777216
370
    -2
100
AcDbLine
 10
114.012318
 20
146.368655
 30
0.0
 11
119.590147
 21
150.598054
 31
0.0
  0
SOLID
  5
B25
330
607
100
AcDbEntity
  8
FD_Dimensions
 62
     0
440
 16777216
100
AcDbTrace
 10
110.870953
 20
144.718774
 30
0.0
 11
111.575853
 21
143.789136
 31
0.0
 12
114.012318
 22
146.368655
 32
0.0
 13
114.012318
 23
146.368655
 33
0.0
  0
SOLID
  5
B26
330
607
100
AcDbEntity
  8
FD_Dimensions
 62
     0
440
 16777216
100
AcDbTrace
 10
122.026612
 20
153.177573
 30
0.0
 11
122.731511
 21
152.247935
 31
0.0
 12
119.590147
 22
150.598054
 32
0.0
 13
119.590147
 23
150.598054
 33
0.0
  0
POINT
  5
B27
330
607
100
AcDbEntity
  8
Defpoints
 62
     0
440
 16777216
100
AcDbPoint
 10
119.590147
 20
150.598054
 30
0.0
  0
POINT
  5
B28
330
607
100
AcDbEntity
  8
Defpoints
 62
     0
440
 16777216
100
AcDbPoint
 10
114.012318
 20
146.368655
 30
0.0
  0
ENDBLK
  5
609
330
607
100
AcDbEntity
  8
0
100
AcDbBlockEnd
  0
BLOCK
  5
613
330
612
100
AcDbEntity
  8
0
100
AcDbBlockBegin
  2
*D36
 70
     1
 10
0.0
 20
0.0
 30
0.0
  3
*D36
  1

  0
LINE
  5
B29
330
612
100
AcDbEntity
  8
FD_Dimensions
 62
     0
440
 16777216
370
    -2
100
AcDbLine
 10
161.351017
 20
160.641072
 30
0.0
 11
151.81619
 21
152.709831
 31
0.0
  0
LINE
  5
B2A
330
612
100
AcDbEntity
  8
FD_Dimensions
 62
     0
440
 16777216
370
    -2
100
AcDbLine
 10
141.053075
 20
143.756878
 30
0.0
 11
138.362296
 21
141.51864
 31
0.0
  0
MTEXT
  5
B2B
330
612
100
AcDbEntity
  8
FD_Dimensions
 62
     0
440
 16777216
100
AcDbMText
 10
155.828316
 20
160.319975
 30
0.0
 40
3.5
 41
0.0
 46
0.0
 71
     5
 72
     1
  1
∅7
 11
0.768794
 21
0.639497
 31
0.0
 73
     1
 44
1.0
  0
LINE
  5
B2C
330
612
100
AcDbEntity
  8
FD_Dimensions
 62
     0
440
 16777216
370
    -2
100
AcDbLine
 10
143.743854
 20
145.995116
 30
0.0
 11
149.125411
 21
150.471593
 31
0.0
  0
SOLID
  5
B2D
330
612
100
AcDbEntity
  8
FD_Dimensions
 62
     0
440
 16777216
100
AcDbTrace
 10
140.680035
 20
144.205341
 30
0.0
 11
141.426115
 21
143.308415
 31
0.0
 12
143.743854
 22
145.995116
 32
0.0
 13
143.743854
 23
145.995116
 33
0.0
  0
SOLID
  5
B2E
330
612
100
AcDbEntity
  8
FD_Dimensions
 62
     0
440
 16777216
100
AcDbTrace
 10
151.44315
 20
153.158294
 30
0.0
 11
152.189229
 21
152.261368
 31
0.0
 12
149.125411
 22
150.471593
 32
0.0
 13
149.125411
 23
150.471593
 33
0.0
  0
POINT
  5
B2F
330
612
100
AcDbEntity
  8
Defpoints
 62
     0
440
 16777216
100
AcDbPoint
 10
149.125411
 20
150.471593
 30
0.0
  0
POINT
  5
B30
330
612
100
AcDbEntity
  8
Defpoints
 62
     0
440
 16777216
100
AcDbPoint
 10
143.743854
 20
145.995116
 30
0.0
  0
ENDBLK
  5
614
330
612
100
AcDbEntity
  8
0
100
AcDbBlockEnd
  0
BLOCK
  5
61E
330
61D
100
AcDbEntity
  8
0
100
AcDbBlockBegin
  2
*D37
 70
     1
 10
0.0
 20
0.0
 30
0.0
  3
*D37
  1

  0
LINE
  5
B31
330
61D
100
AcDbEntity
  8
FD_Dimensions
 62
     0
440
 16777216
370
    -2
100
AcDbLine
 10
156.670942
 20
173.188047
 30
0.0
 11
169.069855
 21
172.897399
 31
0.0
  0
LINE
  5
B32
330
61D
100
AcDbEntity
  8
FD_Dimensions
 62
     0
440
 16777216
370
    -2
100
AcDbLine
 10
183.06601
 20
172.56931
 30
0.0
 11
186.565049
 21
172.487287
 31
0.0
  0
MTEXT
  5
B33
330
61D
100
AcDbEntity
  8
FD_Dimensions
 62
     0
440
 16777216
100
AcDbMText
 10
161.19786
 20
176.367723
 30
0.0
 40
3.5
 41
0.0
 46
0.0
 71
     5
 72
     1
  1
∅7
 11
0.999725
 21
-0.023435
 31
0.0
 73
     1
 44
1.0
  0
LINE
  5
B34
330
61D
100
AcDbEntity
  8
FD_Dimensions
 62
     0
440
 16777216
370
    -2
100
AcDbLine
 10
179.566971
 20
172.651332
 30
0.0
 11
172.568893
 21
172.815377
 31
0.0
  0
SOLID
  5
B35
330
61D
100
AcDbEntity
  8
FD_Dimensions
 62
     0
440
 16777216
100
AcDbTrace
 10
183.07968
 20
173.152483
 30
0.0
 11
183.052339
 21
171.986137
 31
0.0
 12
179.566971
 22
172.651332
 32
0.0
 13
179.566971
 23
172.651332
 33
0.0
  0
SOLID
  5
B36
330
61D
100
AcDbEntity
  8
FD_Dimensions
 62
     0
440
 16777216
100
AcDbTrace
 10
169.083525
 20
173.480572
 30
0.0
 11
169.056184
 21
172.314226
 31
0.0
 12
172.568893
 22
172.815377
 32
0.0
 13
172.568893
 23
172.815377
 33
0.0
  0
POINT
  5
B37
330
61D
100
AcDbEntity
  8
Defpoints
 62
     0
440
 16777216
100
AcDbPoint
 10
172.568893
 20
172.815377
 30
0.0
  0
POINT
  5
B38
330
61D
100
AcDbEntity
  8
Defpoints
 62
     0
440
 16777216
100
AcDbPoint
 10
179.566971
 20
172.651332
 30
0.0
  0
ENDBLK
  5
61F
330
61D
100
AcDbEntity
  8
0
100
AcDbBlockEnd
  0
BLOCK
  5
629
330
628
100
AcDbEntity
  8
0
100
AcDbBlockBegin
  2
*D38
 70
     1
 10
0.0
 20
0.0
 30
0.0
  3
*D38
  1

  0
LINE
  5
B39
330
628
100
AcDbEntity
  8
FD_Dimensions
 62
     0
440
 16777216
370
    -2
100
AcDbLine
 10
83.92467
 20
231.306662
 30
0.0
 11
94.682621
 21
237.492268
 31
0.0
  0
LINE
  5
B3A
330
628
100
AcDbEntity
  8
FD_Dimensions
 62
     0
440
 16777216
370
    -2
100
AcDbLine
 10
108.553243
 20
245.467596
 30
0.0
 11
111.587441
 21
247.212199
 31
0.0
  0
MTEXT
  5
B3B
330
628
100
AcDbEntity
  8
FD_Dimensions
 62
     0
440
 16777216
100
AcDbMText
 10
86.149166
 20
236.374881
 30
0.0
 40
3.5
 41
0.0
 46
0.0
 71
     5
 72
     1
  1
∅9
 11
0.866914
 21
0.498458
 31
0.0
 73
     1
 44
1.0
  0
LINE
  5
B3C
330
628
100
AcDbEntity
  8
FD_Dimensions
 62
     0
440
 16777216
370
    -2
100
AcDbLine
 10
105.519045
 20
243.722993
 30
0.0
 11
97.71682
 21
239.236871
 31
0.0
  0
SOLID
  5
B3D
330
628
100
AcDbEntity
  8
FD_Dimensions
 62
     0
440
 16777216
100
AcDbTrace
 10
108.262476
 20
245.973296
 30
0.0
 11
108.84401
 21
244.961896
 31
0.0
 12
105.519045
 22
243.722993
 32
0.0
 13
105.519045
 23
243.722993
 33
0.0
  0
SOLID
  5
B3E
330
628
100
AcDbEntity
  8
FD_Dimensions
 62
     0
440
 16777216
100
AcDbTrace
 10
94.391854
 20
237.997968
 30
0.0
 11
94.973389
 21
236.986568
 31
0.0
 12
97.71682
 22
239.236871
 32
0.0
 13
97.71682
 23
239.236871
 33
0.0
  0
POINT
  5
B3F
330
628
100
AcDbEntity
  8
Defpoints
 62
     0
440
 16777216
100
AcDbPoint
 10
97.71682
 20
239.236871
 30
0.0
  0
POINT
  5
B40
330
628
100
AcDbEntity
  8
Defpoints
 62
     0
440
 16777216
100
AcDbPoint
 10
105.519045
 20
243.722993
 30
0.0
  0
ENDBLK
  5
62A
330
628
100
AcDbEntity
  8
0
100
AcDbBlockEnd
  0
BLOCK
  5
634
330
633
100
AcDbEntity
  8
0
100
AcDbBlockBegin
  2
*D39
 70
     1
 10
0.0
 20
0.0
 30
0.0
  3
*D39
  1

  0
LINE
  5
B41
330
633
100
AcDbEntity
  8
FD_Dimensions
 62
     0
440
 16777216
370
    -2
100
AcDbLine
 10
109.78088
 20
231.335903
 30
0.0
 11
123.15694
 21
238.311772
 31
0.0
  0
LINE
  5
B42
330
633
100
AcDbEntity
  8
FD_Dimensions
 62
     0
440
 16777216
370
    -2
100
AcDbLine
 10
140.003572
 20
247.097611
 30
0.0
 11
143.106899
 21
248.716055
 31
0.0
  0
MTEXT
  5
B43
330
633
100
AcDbEntity
  8
FD_Dimensions
 62
     0
440
 16777216
100
AcDbMText
 10
113.398271
 20
236.927212
 30
0.0
 40
3.5
 41
0.0
 46
0.0
 71
     5
 72
     1
  1
∅12
 11
0.886665
 21
0.462413
 31
0.0
 73
     1
 44
1.0
  0
LINE
  5
B44
330
633
100
AcDbEntity
  8
FD_Dimensions
 62
     0
440
 16777216
370
    -2
100
AcDbLine
 10
136.900245
 20
245.479167
 30
0.0
 11
126.260267
 21
239.930216
 31
0.0
  0
SOLID
  5
B45
330
633
100
AcDbEntity
  8
FD_Dimensions
 62
     0
440
 16777216
100
AcDbTrace
 10
139.733832
 20
247.614832
 30
0.0
 11
140.273313
 21
246.580389
 31
0.0
 12
136.900245
 22
245.479167
 32
0.0
 13
136.900245
 23
245.479167
 33
0.0
  0
SOLID
  5
B46
330
633
100
AcDbEntity
  8
FD_Dimensions
 62
     0
440
 16777216
100
AcDbTrace
 10
122.887199
 20
238.828993
 30
0.0
 11
123.42668
 21
237.79455
 31
0.0
 12
126.260267
 22
239.930216
 32
0.0
 13
126.260267
 23
239.930216
 33
0.0
  0
POINT
  5
B47
330
633
100
AcDbEntity
  8
Defpoints
 62
     0
440
 16777216
100
AcDbPoint
 10
126.260267
 20
239.930216
 30
0.0
  0
POINT
  5
B48
330
633
100
AcDbEntity
  8
Defpoints
 62
     0
440
 16777216
100
AcDbPoint
 10
136.900245
 20
245.479167
 30
0.0
  0
ENDBLK
  5
635
330
633
100
AcDbEntity
  8
0
100
AcDbBlockEnd
  0
BLOCK
  5
63F
330
63E
100
AcDbEntity
  8
0
100
AcDbBlockBegin
  2
*D40
 70
     1
 10
0.0
 20
0.0
 30
0.0
  3
*D40
  1

  0
LINE
  5
B49
330
63E
100
AcDbEntity
  8
FD_Dimensions
 62
     0
440
 16777216
370
    -2
100
AcDbLine
 10
143.827834
 20
231.476965
 30
0.0
 11
154.644664
 21
237.559022
 31
0.0
  0
LINE
  5
B4A
330
63E
100
AcDbEntity
  8
FD_Dimensions
 62
     0
440
 16777216
370
    -2
100
AcDbLine
 10
168.5912
 20
245.400841
 30
0.0
 11
171.642005
 21
247.116239
 31
0.0
  0
MTEXT
  5
B4B
330
63E
100
AcDbEntity
  8
FD_Dimensions
 62
     0
440
 16777216
100
AcDbMText
 10
146.100877
 20
236.523598
 30
0.0
 40
3.5
 41
0.0
 46
0.0
 71
     5
 72
     1
  1
∅9
 11
0.871659
 21
0.490114
 31
0.0
 73
     1
 44
1.0
  0
LINE
  5
B4C
330
63E
100
AcDbEntity
  8
FD_Dimensions
 62
     0
440
 16777216
370
    -2
100
AcDbLine
 10
165.540396
 20
243.685444
 30
0.0
 11
157.695469
 21
239.27442
 31
0.0
  0
SOLID
  5
B4D
330
63E
100
AcDbEntity
  8
FD_Dimensions
 62
     0
440
 16777216
100
AcDbTrace
 10
168.305301
 20
245.909309
 30
0.0
 11
168.8771
 21
244.892374
 31
0.0
 12
165.540396
 22
243.685444
 32
0.0
 13
165.540396
 23
243.685444
 33
0.0
  0
SOLID
  5
B4E
330
63E
100
AcDbEntity
  8
FD_Dimensions
 62
     0
440
 16777216
100
AcDbTrace
 10
154.358764
 20
238.06749
 30
0.0
 11
154.930564
 21
237.050555
 31
0.0
 12
157.695469
 22
239.27442
 32
0.0
 13
157.695469
 23
239.27442
 33
0.0
  0
POINT
  5
B4F
330
63E
100
AcDbEntity
  8
Defpoints
 62
     0
440
 16777216
100
AcDbPoint
 10
157.695469
 20
239.27442
 30
0.0
  0
POINT
  5
B50
330
63E
100
AcDbEntity
  8
Defpoints
 62
     0
440
 16777216
100
AcDbPoint
 10
165.540396
 20
243.685444
 30
0.0
  0
ENDBLK
  5
640
330
63E
100
AcDbEntity
  8
0
100
AcDbBlockEnd
  0
BLOCK
  5
64A
330
649
100
AcDbEntity
  8
0
100
AcDbBlockBegin
  2
*D41
 70
     1
 10
0.0
 20
0.0
 30
0.0
  3
*D41
  1

  0
LINE
  5
B51
330
649
100
AcDbEntity
  8
FD_Dimensions
 62
     0
440
 16777216
370
    -2
100
AcDbLine
 10
160.988146
 20
136.274749
 30
0.0
 11
170.627423
 21
144.078714
 31
0.0
  0
LINE
  5
B52
330
649
100
AcDbEntity
  8
FD_Dimensions
 62
     0
440
 16777216
370
    -2
100
AcDbLine
 10
181.508442
 20
152.887995
 30
0.0
 11
184.228697
 21
155.090315
 31
0.0
  0
MTEXT
  5
B53
330
649
100
AcDbEntity
  8
FD_Dimensions
 62
     0
440
 16777216
100
AcDbMText
 10
162.380691
 20
141.62864
 30
0.0
 40
3.5
 41
0.0
 46
0.0
 71
     5
 72
     1
  1
∅7
 11
0.777216
 21
0.629234
 31
0.0
 73
     1
 44
1.0
  0
LINE
  5
B54
330
649
100
AcDbEntity
  8
FD_Dimensions
 62
     0
440
 16777216
370
    -2
100
AcDbLine
 10
178.788187
 20
150.685674
 30
0.0
 11
173.347677
 21
146.281034
 31
0.0
  0
SOLID
  5
B55
330
649
100
AcDbEntity
  8
FD_Dimensions
 62
     0
440
 16777216
100
AcDbTrace
 10
181.141389
 20
153.34137
 30
0.0
 11
181.875495
 21
152.434619
 31
0.0
 12
178.788187
 22
150.685674
 32
0.0
 13
178.788187
 23
150.685674
 33
0.0
  0
SOLID
  5
B56
330
649
100
AcDbEntity
  8
FD_Dimensions
 62
     0
440
 16777216
100
AcDbTrace
 10
170.260369
 20
144.53209
 30
0.0
 11
170.994476
 21
143.625338
 31
0.0
 12
173.347677
 22
146.281034
 32
0.0
 13
173.347677
 23
146.281034
 33
0.0
  0
POINT
  5
B57
330
649
100
AcDbEntity
  8
Defpoints
 62
     0
440
 16777216
100
AcDbPoint
 10
173.347677
 20
146.281034
 30
0.0
  0
POINT
  5
B58
330
649
100
AcDbEntity
  8
Defpoints
 62
     0
440
 16777216
100
AcDbPoint
 10
178.788187
 20
150.685674
 30
0.0
  0
ENDBLK
  5
64B
330
649
100
AcDbEntity
  8
0
100
AcDbBlockEnd
  0
ENDSEC
  0
SECTION
  2
ENTITIES
  0
INSERT
  5
454
330
70
100
AcDbEntity
  8
BORDER
100
AcDbBlockReference
  2
ISO_A3_SHEET
 10
0.0
 20
0.0
 30
0.0
  0
INSERT
  5
49A
330
70
100
AcDbEntity
  8
TITLEBLOCK
100
AcDbBlockReference
 66
     1
  2
ISO_TITLEBLOCK
 10
410.0
 20
10.0
 30
0.0
  0
ATTRIB
  5
4D6
330
49A
100
AcDbEntity
  8
TITLEBLOCK
100
AcDbText
 10
360.0
 20
11.5
 30
0.0
 40
3.5
  1

  7
FusionTitle
 11
360.0
 21
15.0
 31
0.0
100
AcDbAttribute
280
     0
  2
DATE_OF_ISSUE
 70
     0
 74
     3
280
     1
  0
ATTRIB
  5
4D7
330
49A
100
AcDbEntity
  8
TITLEBLOCK
100
AcDbText
 10
354.0
 20
11.35
 30
0.0
 40
3.5
  1

  7
FusionTitle
 72
     1
 11
354.0
 21
14.85
 31
0.0
100
AcDbAttribute
280
     0
  2
REV
 70
     0
 74
     3
280
     1
  0
ATTRIB
  5
4D8
330
49A
100
AcDbEntity
  8
TITLEBLOCK
100
AcDbText
 10
289.0
 20
11.5
 30
0.0
 40
5.0
  1

  7
FusionTitle
 11
289.0
 21
16.5
 31
0.0
100
AcDbAttribute
280
     0
  2
TITLE_3
 70
     0
 74
     3
280
     1
  0
ATTRIB
  5
4D9
330
49A
100
AcDbEntity
  8
TITLEBLOCK
100
AcDbText
 10
350.0
 20
38.5
 30
0.0
 40
3.5
  1

  7
FusionTitle
 11
350.0
 21
42.0
 31
0.0
100
AcDbAttribute
280
     0
  2
DOCUMENT_STATUS
 70
     0
 74
     3
280
     1
  0
ATTRIB
  5
4DA
330
49A
100
AcDbEntity
  8
TITLEBLOCK
100
AcDbText
 10
289.0
 20
38.5
 30
0.0
 40
3.5
  1

  7
FusionTitle
 11
289.0
 21
42.0
 31
0.0
100
AcDbAttribute
280
     0
  2
DOCUMENT_TYPE
 70
     0
 74
     3
280
     1
  0
ATTRIB
  5
4DB
330
49A
100
AcDbEntity
  8
TITLEBLOCK
100
AcDbText
 10
409.007162
 20
48.5
 30
0.0
 40
3.5
  1

  7
FusionTitle
 72
     2
 11
409.007162
 21
52.0
 31
0.0
100
AcDbAttribute
280
     0
  2
APPROVED_DATE
 70
     0
 74
     3
280
     1
  0
ATTRIB
  5
4DC
330
49A
100
AcDbEntity
  8
TITLEBLOCK
100
AcDbText
 10
323.528649
 20
48.5
 30
0.0
 40
3.5
  1
14/04/2026
  7
FusionTitle
 72
     2
 11
348.0
 21
52.0
 31
0.0
100
AcDbAttribute
280
     0
  2
CREATED_DATE
 70
     0
 74
     3
280
     1
  0
ATTRIB
  5
4DD
330
49A
100
AcDbEntity
  8
TITLEBLOCK
100
AcDbText
 10
399.101467
 20
11.35
 30
0.0
 40
3.5
  1
1/1
  7
FusionTitle
 72
     1
 11
402.5
 21
14.85
 31
0.0
100
AcDbAttribute
280
     0
  2
SHEET
 70
     0
 74
     3
280
     1
  0
ATTRIB
  5
4DE
330
49A
100
AcDbEntity
  8
TITLEBLOCK
100
AcDbText
 10
289.0
 20
19.0
 30
0.0
 40
5.0
  1

  7
FusionTitle
 11
289.0
 21
24.0
 31
0.0
100
AcDbAttribute
280
     0
  2
TITLE_2
 70
     0
 74
     3
280
     1
  0
ATTRIB
  5
4DF
330
49A
100
AcDbEntity
  8
TITLEBLOCK
100
AcDbText
 10
379.5
 20
24.751432
 30
0.0
 40
5.0
  1

  7
FusionTitle
 72
     1
 11
379.5
 21
29.751432
 31
0.0
100
AcDbAttribute
280
     0
  2
DRAWING_NUMBER
 70
     0
 74
     3
280
     1
  0
ATTRIB
  5
4E0
330
49A
100
AcDbEntity
  8
TITLEBLOCK
100
AcDbText
 10
289.0
 20
26.5
 30
0.0
 40
5.0
  1
GORAT_pedal_v0.2_1590BB
 41
0.640907
  7
FusionTitle
 11
289.0
 21
31.5
 31
0.0
100
AcDbAttribute
280
     0
  2
TITLE_1
 70
     0
 74
     3
280
     1
  0
ATTRIB
  5
4E1
330
49A
100
AcDbEntity
  8
TITLEBLOCK
100
AcDbText
 10
350.0
 20
48.5
 30
0.0
 40
3.5
  1

  7
FusionTitle
 11
350.0
 21
52.0
 31
0.0
100
AcDbAttribute
280
     0
  2
APPROVED_BY
 70
     0
 74
     3
280
     1
  0
ATTRIB
  5
4E2
330
49A
100
AcDbEntity
  8
TITLEBLOCK
100
AcDbText
 10
289.0
 20
48.5
 30
0.0
 40
3.5
  1
David Wilson
  7
FusionTitle
 11
289.0
 21
52.0
 31
0.0
100
AcDbAttribute
280
     0
  2
CREATED_BY
 70
     0
 74
     3
280
     1
  0
ATTRIB
  5
4E3
330
49A
100
AcDbEntity
  8
TITLEBLOCK
100
AcDbText
 10
255.0
 20
48.5
 30
0.0
 40
3.5
  1

  7
FusionTitle
 11
255.0
 21
52.0
 31
0.0
100
AcDbAttribute
280
     0
  2
TECHNICAL_REFERENCE
 70
     0
 74
     3
280
     1
  0
ATTRIB
  5
4E4
330
49A
100
AcDbEntity
  8
TITLEBLOCK
100
AcDbText
 10
231.0
 20
48.5
 30
0.0
 40
3.5
  1

  7
FusionTitle
 11
231.0
 21
52.0
 31
0.0
100
AcDbAttribute
280
     0
  2
DEPT
 70
     0
 74
     3
280
     1
  0
SEQEND
  5
4E5
330
49A
100
AcDbEntity
  8
TITLEBLOCK
  0
INSERT
  5
4E6
330
70
100
AcDbEntity
  8
Smart Centers
 48
0.75
100
AcDbBlockReference
  2
*U9
 10
146.434632
 20
148.233354
 30
0.0
  0
INSERT
  5
4F1
330
70
100
AcDbEntity
  8
Smart Centers
 48
0.75
100
AcDbBlockReference
  2
*U10
 10
116.801232
 20
148.483354
 30
0.0
  0
INSERT
  5
4FB
330
70
100
AcDbEntity
  8
Smart Centers
 48
0.75
100
AcDbBlockReference
  2
*U11
 10
87.117932
 20
148.483354
 30
0.0
  0
INSERT
  5
505
330
70
100
AcDbEntity
  8
Smart Centers
 48
0.75
100
AcDbBlockReference
  2
*U12
 10
176.067932
 20
172.733354
 30
0.0
  0
INSERT
  5
50F
330
70
100
AcDbEntity
  8
Smart Centers
 48
0.75
100
AcDbBlockReference
  2
*U13
 10
171.717932
 20
197.942454
 30
0.0
  0
INSERT
  5
519
330
70
100
AcDbEntity
  8
Smart Centers
 48
0.75
100
AcDbBlockReference
  2
*U14
 10
92.567933
 20
202.533355
 30
0.0
  0
INSERT
  5
523
330
70
100
AcDbEntity
  8
Smart Centers
 48
0.75
100
AcDbBlockReference
  2
*U15
 10
119.137932
 20
203.733354
 30
0.0
  0
INSERT
  5
52D
330
70
100
AcDbEntity
  8
Smart Centers
 48
0.75
100
AcDbBlockReference
  2
*U16
 10
101.617932
 20
241.479932
 30
0.0
  0
INSERT
  5
537
330
70
100
AcDbEntity
  8
Smart Centers
 48
0.75
100
AcDbBlockReference
  2
*U17
 10
161.617932
 20
241.479932
 30
0.0
  0
INSERT
  5
541
330
70
100
AcDbEntity
  8
Smart Centers
 48
0.75
100
AcDbBlockReference
  2
*U18
 10
131.580256
 20
242.704691
 30
0.0
  0
DIMENSION
  5
54B
330
70
100
AcDbEntity
  8
FD_Dimensions
100
AcDbDimension
280
     0
  2
*D31
 10
88.441
 20
206.88863
 30
0.0
 11
107.227472
 21
187.062714
 31
0.0
 70
   163
 71
     5
 42
12.0
 73
     0
 74
     0
 75
     0
  3
Dim-ISO-25
100
AcDbDiametricDimension
 15
96.694867
 25
198.178081
 35
0.0
 40
0.0
1001
ACAD_DIMASSOC_CALC_DIMLFAC
1040
-1.0
1001
ACAD_DIMASSOC_DIMLFAC
1040
-1.0
1001
ACAD_DIMASSOC_OVERRIDDEN_DIMLFAC
1040
0.0
1001
ACAD_TC
1000
DSTYLE_TC
1002
{
1070
   176
1004
18000000020000008C8C8CC2000000000000000000000000
1070
   177
1004
18000000020000008C8C8CC2000000000000000000000000
1002
}
1001
ACAD_DSTYLE_DIMJAG_POSITION
1070
   387
1070
     0
1070
   389
1010
0.0
1020
0.0
1030
0.0
1001
ACAD_DSTYLE_DIMRADIAL_EXTENSION
1070
   387
1070
     1
1070
   388
1040
0.0
1070
   390
1040
0.0
1001
ACAD
1000
DSTYLE
1002
{
1070
   144
1040
1.0
1070
   176
1070
     0
1070
   177
1070
     0
1002
}
  0
DIMENSION
  5
558
330
70
100
AcDbEntity
  8
FD_Dimensions
100
AcDbDimension
280
     0
  2
*D32
 10
117.815865
 20
205.855179
 30
0.0
 11
128.219305
 21
189.158393
 31
0.0
 70
   163
 71
     5
 42
5.0
 73
     0
 74
     0
 75
     0
  3
Dim-ISO-25
100
AcDbDiametricDimension
 15
120.459999
 25
201.61153
 35
0.0
 40
0.0
1001
ACAD_DIMASSOC_CALC_DIMLFAC
1040
-1.0
1001
ACAD_DIMASSOC_DIMLFAC
1040
-1.0
1001
ACAD_DIMASSOC_OVERRIDDEN_DIMLFAC
1040
0.0
1001
ACAD_TC
1000
DSTYLE_TC
1002
{
1070
   176
1004
18000000020000008C8C8CC2000000000000000000000000
1070
   177
1004
18000000020000008C8C8CC2000000000000000000000000
1002
}
1001
ACAD_DSTYLE_DIMJAG_POSITION
1070
   387
1070
     0
1070
   389
1010
0.0
1020
0.0
1030
0.0
1001
ACAD_DSTYLE_DIMRADIAL_EXTENSION
1070
   387
1070
     1
1070
   388
1040
0.0
1070
   390
1040
0.0
1001
ACAD
1000
DSTYLE
1002
{
1070
   144
1040
1.0
1070
   176
1070
     0
1070
   177
1070
     0
1002
}
  0
DIMENSION
  5
564
330
70
100
AcDbEntity
  8
FD_Dimensions
100
AcDbDimension
280
     0
  2
*D33
 10
175.885025
 20
196.243827
 30
0.0
 11
158.183468
 21
207.006811
 31
0.0
 70
    35
 71
     5
 42
9.0
 73
     0
 74
     0
 75
     0
  3
Dim-ISO-25
100
AcDbDiametricDimension
 15
167.550839
 25
199.641082
 35
0.0
 40
0.0
1001
ACAD_DIMASSOC_CALC_DIMLFAC
1040
-1.0
1001
ACAD_DIMASSOC_DIMLFAC
1040
-1.0
1001
ACAD_DIMASSOC_OVERRIDDEN_DIMLFAC
1040
0.0
1001
ACAD_TC
1000
DSTYLE_TC
1002
{
1070
   176
1004
18000000020000008C8C8CC2000000000000000000000000
1070
   177
1004
18000000020000008C8C8CC2000000000000000000000000
1002
}
1001
ACAD_DSTYLE_DIMJAG_POSITION
1070
   387
1070
     0
1070
   389
1010
0.0
1020
0.0
1030
0.0
1001
ACAD_DSTYLE_DIMRADIAL_EXTENSION
1070
   387
1070
     1
1070
   388
1040
0.0
1070
   390
1040
0.0
1001
ACAD
1000
DSTYLE
1002
{
1070
   144
1040
1.0
1070
   176
1070
     0
1070
   177
1070
     0
1002
}
  0
DIMENSION
  5
570
330
70
100
AcDbEntity
  8
FD_Dimensions
100
AcDbDimension
280
     0
  2
*D34
 10
84.082556
 20
146.740801
 30
0.0
 11
98.448873
 21
158.775947
 31
0.0
 70
    35
 71
     5
 42
7.0
 73
     0
 74
     0
 75
     0
  3
Dim-ISO-25
100
AcDbDiametricDimension
 15
90.153308
 25
150.225908
 35
0.0
 40
0.0
1001
ACAD_DIMASSOC_CALC_DIMLFAC
1040
-1.0
1001
ACAD_DIMASSOC_DIMLFAC
1040
-1.0
1001
ACAD_DIMASSOC_OVERRIDDEN_DIMLFAC
1040
0.0
1001
ACAD_TC
1000
DSTYLE_TC
1002
{
1070
   176
1004
18000000020000008C8C8CC2000000000000000000000000
1070
   177
1004
18000000020000008C8C8CC2000000000000000000000000
1002
}
1001
ACAD_DSTYLE_DIMJAG_POSITION
1070
   387
1070
     0
1070
   389
1010
0.0
1020
0.0
1030
0.0
1001
ACAD_DSTYLE_DIMRADIAL_EXTENSION
1070
   387
1070
     1
1070
   388
1040
0.0
1070
   390
1040
0.0
1001
ACAD
1000
DSTYLE
1002
{
1070
   144
1040
1.0
1070
   176
1070
     0
1070
   177
1070
     0
1002
}
  0
DIMENSION
  5
57C
330
70
100
AcDbEntity
  8
FD_Dimensions
100
AcDbDimension
280
     0
  2
*D35
 10
114.012318
 20
146.368655
 30
0.0
 11
128.714806
 21
157.516844
 31
0.0
 70
   163
 71
     5
 42
7.0
 73
     0
 74
     0
 75
     0
  3
Dim-ISO-25
100
AcDbDiametricDimension
 15
119.590147
 25
150.598054
 35
0.0
 40
0.0
1001
ACAD_DIMASSOC_CALC_DIMLFAC
1040
-1.0
1001
ACAD_DIMASSOC_DIMLFAC
1040
-1.0
1001
ACAD_DIMASSOC_OVERRIDDEN_DIMLFAC
1040
0.0
1001
ACAD_TC
1000
DSTYLE_TC
1002
{
1070
   176
1004
18000000020000008C8C8CC2000000000000000000000000
1070
   177
1004
18000000020000008C8C8CC2000000000000000000000000
1002
}
1001
ACAD_DSTYLE_DIMJAG_POSITION
1070
   387
1070
     0
1070
   389
1010
0.0
1020
0.0
1030
0.0
1001
ACAD_DSTYLE_DIMRADIAL_EXTENSION
1070
   387
1070
     1
1070
   388
1040
0.0
1070
   390
1040
0.0
1001
ACAD
1000
DSTYLE
1002
{
1070
   144
1040
1.0
1070
   176
1070
     0
1070
   177
1070
     0
1002
}
  0
DIMENSION
  5
588
330
70
100
AcDbEntity
  8
FD_Dimensions
100
AcDbDimension
280
     0
  2
*D36
 10
143.743854
 20
145.995116
 30
0.0
 11
155.828316
 21
160.319975
 31
0.0
 70
    35
 71
     5
 42
7.0
 73
     0
 74
     0
 75
     0
  3
Dim-ISO-25
100
AcDbDiametricDimension
 15
149.125411
 25
150.471593
 35
0.0
 40
0.0
1001
ACAD_DIMASSOC_CALC_DIMLFAC
1040
-1.0
1001
ACAD_DIMASSOC_DIMLFAC
1040
-1.0
1001
ACAD_DIMASSOC_OVERRIDDEN_DIMLFAC
1040
0.0
1001
ACAD_TC
1000
DSTYLE_TC
1002
{
1070
   176
1004
18000000020000008C8C8CC2000000000000000000000000
1070
   177
1004
18000000020000008C8C8CC2000000000000000000000000
1002
}
1001
ACAD_DSTYLE_DIMJAG_POSITION
1070
   387
1070
     0
1070
   389
1010
0.0
1020
0.0
1030
0.0
1001
ACAD_DSTYLE_DIMRADIAL_EXTENSION
1070
   387
1070
     1
1070
   388
1040
0.0
1070
   390
1040
0.0
1001
ACAD
1000
DSTYLE
1002
{
1070
   144
1040
1.0
1070
   176
1070
     0
1070
   177
1070
     0
1002
}
  0
DIMENSION
  5
594
330
70
100
AcDbEntity
  8
FD_Dimensions
100
AcDbDimension
280
     0
  2
*D37
 10
179.566971
 20
172.651332
 30
0.0
 11
161.19786
 21
176.367723
 31
0.0
 70
    35
 71
     5
 42
7.0
 73
     0
 74
     0
 75
     0
  3
Dim-ISO-25
100
AcDbDiametricDimension
 15
172.568893
 25
172.815377
 35
0.0
 40
0.0
1001
ACAD_DIMASSOC_CALC_DIMLFAC
1040
-1.0
1001
ACAD_DIMASSOC_DIMLFAC
1040
-1.0
1001
ACAD_DIMASSOC_OVERRIDDEN_DIMLFAC
1040
0.0
1001
ACAD_TC
1000
DSTYLE_TC
1002
{
1070
   176
1004
18000000020000008C8C8CC2000000000000000000000000
1070
   177
1004
18000000020000008C8C8CC2000000000000000000000000
1002
}
1001
ACAD_DSTYLE_DIMJAG_POSITION
1070
   387
1070
     0
1070
   389
1010
0.0
1020
0.0
1030
0.0
1001
ACAD_DSTYLE_DIMRADIAL_EXTENSION
1070
   387
1070
     1
1070
   388
1040
0.0
1070
   390
1040
0.0
1001
ACAD
1000
DSTYLE
1002
{
1070
   144
1040
1.0
1070
   176
1070
     0
1070
   177
1070
     0
1002
}
  0
DIMENSION
  5
5A0
330
70
100
AcDbEntity
  8
FD_Dimensions
100
AcDbDimension
280
     0
  2
*D38
 10
105.519045
 20
243.722993
 30
0.0
 11
86.149166
 21
236.374881
 31
0.0
 70
    35
 71
     5
 42
9.0
 73
     0
 74
     0
 75
     0
  3
Dim-ISO-25
100
AcDbDiametricDimension
 15
97.71682
 25
239.236871
 35
0.0
 40
0.0
1001
ACAD_DIMASSOC_CALC_DIMLFAC
1040
-1.0
1001
ACAD_DIMASSOC_DIMLFAC
1040
-1.0
1001
ACAD_DIMASSOC_OVERRIDDEN_DIMLFAC
1040
0.0
1001
ACAD_TC
1000
DSTYLE_TC
1002
{
1070
   176
1004
18000000020000008C8C8CC2000000000000000000000000
1070
   177
1004
18000000020000008C8C8CC2000000000000000000000000
1002
}
1001
ACAD_DSTYLE_DIMJAG_POSITION
1070
   387
1070
     0
1070
   389
1010
0.0
1020
0.0
1030
0.0
1001
ACAD_DSTYLE_DIMRADIAL_EXTENSION
1070
   387
1070
     1
1070
   388
1040
0.0
1070
   390
1040
0.0
1001
ACAD
1000
DSTYLE
1002
{
1070
   144
1040
1.0
1070
   176
1070
     0
1070
   177
1070
     0
1002
}
  0
DIMENSION
  5
5AC
330
70
100
AcDbEntity
  8
FD_Dimensions
100
AcDbDimension
280
     0
  2
*D39
 10
136.900245
 20
245.479167
 30
0.0
 11
114.917246
 21
234.014615
 31
0.0
 70
   163
 71
     5
 42
12.0
 73
     0
 74
     0
 75
     0
  3
Dim-ISO-25
100
AcDbDiametricDimension
 15
126.260267
 25
239.930216
 35
0.0
 40
0.0
1001
ACAD_DIMASSOC_CALC_DIMLFAC
1040
-1.0
1001
ACAD_DIMASSOC_DIMLFAC
1040
-1.0
1001
ACAD_DIMASSOC_OVERRIDDEN_DIMLFAC
1040
0.0
1001
ACAD_TC
1000
DSTYLE_TC
1002
{
1070
   176
1004
18000000020000008C8C8CC2000000000000000000000000
1070
   177
1004
18000000020000008C8C8CC2000000000000000000000000
1002
}
1001
ACAD_DSTYLE_DIMJAG_POSITION
1070
   387
1070
     0
1070
   389
1010
0.0
1020
0.0
1030
0.0
1001
ACAD_DSTYLE_DIMRADIAL_EXTENSION
1070
   387
1070
     1
1070
   388
1040
0.0
1070
   390
1040
0.0
1001
ACAD
1000
DSTYLE
1002
{
1070
   144
1040
1.0
1070
   176
1070
     0
1070
   177
1070
     0
1002
}
  0
DIMENSION
  5
5B8
330
70
100
AcDbEntity
  8
FD_Dimensions
100
AcDbDimension
280
     0
  2
*D40
 10
165.540396
 20
243.685444
 30
0.0
 11
146.100877
 21
236.523598
 31
0.0
 70
    35
 71
     5
 42
9.0
 73
     0
 74
     0
 75
     0
  3
Dim-ISO-25
100
AcDbDiametricDimension
 15
157.695469
 25
239.27442
 35
0.0
 40
0.0
1001
ACAD_DIMASSOC_CALC_DIMLFAC
1040
-1.0
1001
ACAD_DIMASSOC_DIMLFAC
1040
-1.0
1001
ACAD_DIMASSOC_OVERRIDDEN_DIMLFAC
1040
0.0
1001
ACAD_TC
1000
DSTYLE_TC
1002
{
1070
   176
1004
18000000020000008C8C8CC2000000000000000000000000
1070
   177
1004
18000000020000008C8C8CC2000000000000000000000000
1002
}
1001
ACAD_DSTYLE_DIMJAG_POSITION
1070
   387
1070
     0
1070
   389
1010
0.0
1020
0.0
1030
0.0
1001
ACAD_DSTYLE_DIMRADIAL_EXTENSION
1070
   387
1070
     1
1070
   388
1040
0.0
1070
   390
1040
0.0
1001
ACAD
1000
DSTYLE
1002
{
1070
   144
1040
1.0
1070
   176
1070
     0
1070
   177
1070
     0
1002
}
  0
INSERT
  5
5C4
330
70
100
AcDbEntity
  8
Smart Centers
 48
0.75
100
AcDbBlockReference
  2
*U29
 10
176.067932
 20
148.483354
 30
0.0
  0
DIMENSION
  5
5CE
330
70
100
AcDbEntity
  8
FD_Dimensions
100
AcDbDimension
280
     0
  2
*D41
 10
178.788187
 20
150.685674
 30
0.0
 11
164.447657
 21
139.075572
 31
0.0
 70
   163
 71
     5
 42
7.0
 73
     0
 74
     0
 75
     0
  3
Dim-ISO-25
100
AcDbDiametricDimension
 15
173.347677
 25
146.281034
 35
0.0
 40
0.0
1001
ACAD_DIMASSOC_CALC_DIMLFAC
1040
-1.0
1001
ACAD_DIMASSOC_DIMLFAC
1040
-1.0
1001
ACAD_DIMASSOC_OVERRIDDEN_DIMLFAC
1040
0.0
1001
ACAD_TC
1000
DSTYLE_TC
1002
{
1070
   176
1004
18000000020000008C8C8CC2000000000000000000000000
1070
   177
1004
18000000020000008C8C8CC2000000000000000000000000
1002
}
1001
ACAD_DSTYLE_DIMJAG_POSITION
1070
   387
1070
     0
1070
   389
1010
0.0
1020
0.0
1030
0.0
1001
ACAD_DSTYLE_DIMRADIAL_EXTENSION
1070
   387
1070
     1
1070
   388
1040
0.0
1070
   390
1040
0.0
1001
ACAD
1000
DSTYLE
1002
{
1070
   144
1040
1.0
1070
   176
1070
     0
1070
   177
1070
     0
1002
}
  0
CIRCLE
  5
75D
330
70
100
AcDbEntity
  8
Visible
100
AcDbCircle
 10
-119.137932
 20
203.733354
 30
0.0
 40
2.500000000000006
210
0.0
220
0.0
230
-1.0
  0
CIRCLE
  5
75E
330
70
100
AcDbEntity
  8
Visible
100
AcDbCircle
 10
-92.567933
 20
202.533355
 30
0.0
 40
6.000000000000015
210
0.0
220
0.0
230
-1.0
  0
CIRCLE
  5
75F
330
70
100
AcDbEntity
  8
Visible
100
AcDbCircle
 10
-171.717932
 20
197.942454
 30
0.0
 40
4.500000000000011
210
0.0
220
0.0
230
-1.0
  0
CIRCLE
  5
760
330
70
100
AcDbEntity
  8
Visible
100
AcDbCircle
 10
-176.067932
 20
172.733354
 30
0.0
 40
3.500000000000008
210
0.0
220
0.0
230
-1.0
  0
CIRCLE
  5
761
330
70
100
AcDbEntity
  8
Visible
100
AcDbCircle
 10
-116.801232
 20
148.483354
 30
0.0
 40
3.500000000000008
210
0.0
220
0.0
230
-1.0
  0
CIRCLE
  5
762
330
70
100
AcDbEntity
  8
Visible
100
AcDbCircle
 10
-146.434632
 20
148.233354
 30
0.0
 40
3.500000000000008
210
0.0
220
0.0
230
-1.0
  0
CIRCLE
  5
763
330
70
100
AcDbEntity
  8
Visible
100
AcDbCircle
 10
-87.117932
 20
148.483354
 30
0.0
 40
3.500000000000008
210
0.0
220
0.0
230
-1.0
  0
CIRCLE
  5
764
330
70
100
AcDbEntity
  8
Visible
100
AcDbCircle
 10
-176.067932
 20
148.483354
 30
0.0
 40
3.500000000000008
210
0.0
220
0.0
230
-1.0
  0
CIRCLE
  5
765
330
70
100
AcDbEntity
  8
Hidden
100
AcDbCircle
 10
78.117932
 20
213.963354
 30
0.0
 40
1.750000000000006
  0
CIRCLE
  5
766
330
70
100
AcDbEntity
  8
Hidden
100
AcDbCircle
 10
185.117932
 20
132.463354
 30
0.0
 40
1.750000000000019
  0
CIRCLE
  5
767
330
70
100
AcDbEntity
  8
Hidden
100
AcDbCircle
 10
185.117932
 20
213.963354
 30
0.0
 40
1.749999999999982
  0
CIRCLE
  5
768
330
70
100
AcDbEntity
  8
Hidden
100
AcDbCircle
 10
78.117932
 20
132.463354
 30
0.0
 40
1.750000000000003
  0
CIRCLE
  5
769
330
70
100
AcDbEntity
  8
Hidden
100
AcDbCircle
 10
-78.117932
 20
132.463354
 30
0.0
 40
1.250000000000004
210
0.0
220
0.0
230
-1.0
  0
CIRCLE
  5
76A
330
70
100
AcDbEntity
  8
Hidden
100
AcDbCircle
 10
-185.117932
 20
132.463354
 30
0.0
 40
1.250000000000004
210
0.0
220
0.0
230
-1.0
  0
CIRCLE
  5
76B
330
70
100
AcDbEntity
  8
Hidden
100
AcDbCircle
 10
-185.117932
 20
213.963354
 30
0.0
 40
1.250000000000004
210
0.0
220
0.0
230
-1.0
  0
CIRCLE
  5
76C
330
70
100
AcDbEntity
  8
Hidden
100
AcDbCircle
 10
-78.117932
 20
213.963354
 30
0.0
 40
1.250000000000004
210
0.0
220
0.0
230
-1.0
  0
LINE
  5
76D
330
70
100
AcDbEntity
  8
Hidden
100
AcDbLine
 10
75.867932
 20
135.713354
 30
0.0
 11
77.367932
 21
135.713354
 31
0.0
  0
LINE
  5
76E
330
70
100
AcDbEntity
  8
Hidden
100
AcDbLine
 10
77.367932
 20
135.713354
 30
0.0
 11
78.367932
 21
135.713354
 31
0.0
  0
LINE
  5
76F
330
70
100
AcDbEntity
  8
Hidden
100
AcDbLine
 10
77.367932
 20
210.713354
 30
0.0
 11
75.867932
 21
210.713354
 31
0.0
  0
LINE
  5
770
330
70
100
AcDbEntity
  8
Hidden
100
AcDbLine
 10
78.367932
 20
210.713354
 30
0.0
 11
77.367932
 21
210.713354
 31
0.0
  0
LINE
  5
771
330
70
100
AcDbEntity
  8
Hidden
100
AcDbLine
 10
181.867932
 20
130.213354
 30
0.0
 11
181.867932
 21
131.713354
 31
0.0
  0
LINE
  5
772
330
70
100
AcDbEntity
  8
Hidden
100
AcDbLine
 10
181.867932
 20
131.713354
 30
0.0
 11
181.867932
 21
132.713354
 31
0.0
  0
LINE
  5
773
330
70
100
AcDbEntity
  8
Hidden
100
AcDbLine
 10
81.367932
 20
131.713354
 30
0.0
 11
81.367932
 21
130.213354
 31
0.0
  0
LINE
  5
774
330
70
100
AcDbEntity
  8
Hidden
100
AcDbLine
 10
81.367932
 20
132.713354
 30
0.0
 11
81.367932
 21
131.713354
 31
0.0
  0
LINE
  5
775
330
70
100
AcDbEntity
  8
Hidden
100
AcDbLine
 10
187.367932
 20
210.713354
 30
0.0
 11
185.867932
 21
210.713354
 31
0.0
  0
LINE
  5
776
330
70
100
AcDbEntity
  8
Hidden
100
AcDbLine
 10
185.867932
 20
210.713354
 30
0.0
 11
184.867932
 21
210.713354
 31
0.0
  0
LINE
  5
777
330
70
100
AcDbEntity
  8
Hidden
100
AcDbLine
 10
185.867932
 20
135.713354
 30
0.0
 11
187.367932
 21
135.713354
 31
0.0
  0
LINE
  5
778
330
70
100
AcDbEntity
  8
Hidden
100
AcDbLine
 10
184.867932
 20
135.713354
 30
0.0
 11
185.867932
 21
135.713354
 31
0.0
  0
LINE
  5
779
330
70
100
AcDbEntity
  8
Hidden
100
AcDbLine
 10
81.367932
 20
216.213354
 30
0.0
 11
81.367932
 21
214.713354
 31
0.0
  0
LINE
  5
77A
330
70
100
AcDbEntity
  8
Hidden
100
AcDbLine
 10
81.367932
 20
214.713354
 30
0.0
 11
81.367932
 21
213.713354
 31
0.0
  0
LINE
  5
77B
330
70
100
AcDbEntity
  8
Hidden
100
AcDbLine
 10
181.867932
 20
214.713354
 30
0.0
 11
181.867932
 21
216.213354
 31
0.0
  0
LINE
  5
77C
330
70
100
AcDbEntity
  8
Hidden
100
AcDbLine
 10
181.867932
 20
213.713354
 30
0.0
 11
181.867932
 21
214.713354
 31
0.0
  0
LINE
  5
77D
330
70
100
AcDbEntity
  8
Hidden
100
AcDbLine
 10
180.867932
 20
217.213354
 30
0.0
 11
82.367932
 21
217.213354
 31
0.0
  0
LINE
  5
77E
330
70
100
AcDbEntity
  8
Hidden
100
AcDbLine
 10
77.867932
 20
217.213354
 30
0.0
 11
82.367932
 21
217.213354
 31
0.0
  0
LINE
  5
77F
330
70
100
AcDbEntity
  8
Hidden
100
AcDbLine
 10
180.867932
 20
217.213354
 30
0.0
 11
185.367932
 21
217.213354
 31
0.0
  0
LINE
  5
780
330
70
100
AcDbEntity
  8
Hidden
100
AcDbLine
 10
188.367932
 20
136.713354
 30
0.0
 11
188.367932
 21
209.713354
 31
0.0
  0
LINE
  5
781
330
70
100
AcDbEntity
  8
Hidden
100
AcDbLine
 10
188.367932
 20
214.213354
 30
0.0
 11
188.367932
 21
209.713354
 31
0.0
  0
LINE
  5
782
330
70
100
AcDbEntity
  8
Hidden
100
AcDbLine
 10
188.367932
 20
136.713354
 30
0.0
 11
188.367932
 21
132.213354
 31
0.0
  0
LINE
  5
783
330
70
100
AcDbEntity
  8
Hidden
100
AcDbLine
 10
74.867932
 20
209.713354
 30
0.0
 11
74.867932
 21
136.713354
 31
0.0
  0
LINE
  5
784
330
70
100
AcDbEntity
  8
Hidden
100
AcDbLine
 10
74.867932
 20
132.213354
 30
0.0
 11
74.867932
 21
136.713354
 31
0.0
  0
LINE
  5
785
330
70
100
AcDbEntity
  8
Hidden
100
AcDbLine
 10
74.867932
 20
209.713354
 30
0.0
 11
74.867932
 21
214.213354
 31
0.0
  0
LINE
  5
786
330
70
100
AcDbEntity
  8
Hidden
100
AcDbLine
 10
82.367932
 20
129.213354
 30
0.0
 11
180.867932
 21
129.213354
 31
0.0
  0
LINE
  5
787
330
70
100
AcDbEntity
  8
Hidden
100
AcDbLine
 10
185.367932
 20
129.213354
 30
0.0
 11
180.867932
 21
129.213354
 31
0.0
  0
LINE
  5
788
330
70
100
AcDbEntity
  8
Hidden
100
AcDbLine
 10
82.367932
 20
129.213354
 30
0.0
 11
77.867932
 21
129.213354
 31
0.0
  0
LINE
  5
789
330
70
100
AcDbEntity
  8
Visible
100
AcDbLine
 10
187.867932
 20
126.713354
 30
0.0
 11
75.367932
 21
126.713354
 31
0.0
  0
LINE
  5
78A
330
70
100
AcDbEntity
  8
Visible
100
AcDbLine
 10
72.367932
 20
129.713354
 30
0.0
 11
72.367932
 21
216.713354
 31
0.0
  0
LINE
  5
78B
330
70
100
AcDbEntity
  8
Visible
100
AcDbLine
 10
75.367932
 20
219.713354
 30
0.0
 11
187.867932
 21
219.713354
 31
0.0
  0
LINE
  5
78C
330
70
100
AcDbEntity
  8
Visible
100
AcDbLine
 10
190.867932
 20
216.713354
 30
0.0
 11
190.867932
 21
129.713354
 31
0.0
  0
ARC
  5
78D
330
70
100
AcDbEntity
  8
Hidden
100
AcDbCircle
 10
-185.367932
 20
132.213354
 30
0.0
 40
3.00000000000001
210
0.0
220
0.0
230
-1.0
100
AcDbArc
 50
180.0
 51
270.0
  0
ARC
  5
78E
330
70
100
AcDbEntity
  8
Hidden
100
AcDbCircle
 10
-77.867932
 20
132.213354
 30
0.0
 40
3.000000000000005
210
0.0
220
0.0
230
-1.0
100
AcDbArc
 50
270.0
 51
0.0
  0
ARC
  5
78F
330
70
100
AcDbEntity
  8
Hidden
100
AcDbCircle
 10
-77.867932
 20
214.213354
 30
0.0
 40
3.00000000000001
210
0.0
220
0.0
230
-1.0
100
AcDbArc
 50
0.0
 51
90.0
  0
ARC
  5
790
330
70
100
AcDbEntity
  8
Hidden
100
AcDbCircle
 10
-185.367932
 20
214.213354
 30
0.0
 40
3.000000000000005
210
0.0
220
0.0
230
-1.0
100
AcDbArc
 50
90.0
 51
180.0
  0
ARC
  5
791
330
70
100
AcDbEntity
  8
Visible
100
AcDbCircle
 10
75.367932
 20
129.713354
 30
0.0
 40
3.00000000000001
100
AcDbArc
 50
180.0
 51
270.0
  0
ARC
  5
792
330
70
100
AcDbEntity
  8
Visible
100
AcDbCircle
 10
187.867932
 20
129.713354
 30
0.0
 40
3.000000000000005
100
AcDbArc
 50
270.0
 51
0.0
  0
ARC
  5
793
330
70
100
AcDbEntity
  8
Visible
100
AcDbCircle
 10
75.367932
 20
216.713354
 30
0.0
 40
3.000000000000005
100
AcDbArc
 50
90.0
 51
180.0
  0
ARC
  5
794
330
70
100
AcDbEntity
  8
Visible
100
AcDbCircle
 10
-187.867932
 20
216.713354
 30
0.0
 40
3.000000000000005
210
0.0
220
0.0
230
-1.0
100
AcDbArc
 50
90.0
 51
180.0
  0
ARC
  5
795
330
70
100
AcDbEntity
  8
Hidden
100
AcDbCircle
 10
-184.867932
 20
213.713354
 30
0.0
 40
3.000000000000005
210
0.0
220
0.0
230
-1.0
100
AcDbArc
 50
270.0
 51
0.0
  0
ARC
  5
796
330
70
100
AcDbEntity
  8
Hidden
100
AcDbCircle
 10
-78.367932
 20
132.713354
 30
0.0
 40
3.000000000000005
210
0.0
220
0.0
230
-1.0
100
AcDbArc
 50
90.0
 51
180.0
  0
ARC
  5
797
330
70
100
AcDbEntity
  8
Hidden
100
AcDbCircle
 10
-184.867932
 20
132.713354
 30
0.0
 40
3.00000000000001
210
0.0
220
0.0
230
-1.0
100
AcDbArc
 50
0.0
 51
90.0
  0
ARC
  5
798
330
70
100
AcDbEntity
  8
Hidden
100
AcDbCircle
 10
-78.367932
 20
213.713354
 30
0.0
 40
3.00000000000001
210
0.0
220
0.0
230
-1.0
100
AcDbArc
 50
180.0
 51
270.0
  0
ARC
  5
799
330
70
100
AcDbEntity
  8
Hidden
100
AcDbCircle
 10
187.367932
 20
209.713354
 30
0.0
 40
1.000000000000003
100
AcDbArc
 50
0.0
 51
90.0
  0
ARC
  5
79A
330
70
100
AcDbEntity
  8
Hidden
100
AcDbCircle
 10
180.867932
 20
216.213354
 30
0.0
 40
1.000000000000003
100
AcDbArc
 50
0.0
 51
90.0
  0
ARC
  5
79B
330
70
100
AcDbEntity
  8
Hidden
100
AcDbCircle
 10
180.867932
 20
130.213354
 30
0.0
 40
1.000000000000001
100
AcDbArc
 50
270.0
 51
0.0
  0
ARC
  5
79C
330
70
100
AcDbEntity
  8
Hidden
100
AcDbCircle
 10
187.367932
 20
136.713354
 30
0.0
 40
1.000000000000001
100
AcDbArc
 50
270.0
 51
0.0
  0
ARC
  5
79D
330
70
100
AcDbEntity
  8
Hidden
100
AcDbCircle
 10
75.867932
 20
209.713354
 30
0.0
 40
1.000000000000001
100
AcDbArc
 50
90.0
 51
180.0
  0
ARC
  5
79E
330
70
100
AcDbEntity
  8
Hidden
100
AcDbCircle
 10
82.367932
 20
216.213354
 30
0.0
 40
1.000000000000001
100
AcDbArc
 50
90.0
 51
180.0
  0
ARC
  5
79F
330
70
100
AcDbEntity
  8
Hidden
100
AcDbCircle
 10
75.867932
 20
136.713354
 30
0.0
 40
1.000000000000003
100
AcDbArc
 50
180.0
 51
270.0
  0
ARC
  5
7A0
330
70
100
AcDbEntity
  8
Hidden
100
AcDbCircle
 10
82.367932
 20
130.213354
 30
0.0
 40
1.000000000000003
100
AcDbArc
 50
180.0
 51
270.0
  0
LINE
  5
7A1
330
70
100
AcDbEntity
  8
Hidden
100
AcDbLine
 10
125.580256
 20
126.713354
 30
0.0
 11
125.580256
 21
129.213354
 31
0.0
  0
LINE
  5
7A2
330
70
100
AcDbEntity
  8
Hidden
100
AcDbLine
 10
137.580256
 20
126.713354
 30
0.0
 11
137.580256
 21
129.213354
 31
0.0
  0
LINE
  5
7A3
330
70
100
AcDbEntity
  8
Hidden
100
AcDbLine
 10
97.117932
 20
126.713354
 30
0.0
 11
97.117932
 21
129.213354
 31
0.0
  0
LINE
  5
7A4
330
70
100
AcDbEntity
  8
Hidden
100
AcDbLine
 10
106.117932
 20
126.713354
 30
0.0
 11
106.117932
 21
129.213354
 31
0.0
  0
LINE
  5
7A5
330
70
100
AcDbEntity
  8
Hidden
100
AcDbLine
 10
157.117932
 20
126.713354
 30
0.0
 11
157.117932
 21
129.213354
 31
0.0
  0
LINE
  5
7A6
330
70
100
AcDbEntity
  8
Hidden
100
AcDbLine
 10
166.117932
 20
126.713354
 30
0.0
 11
166.117932
 21
129.213354
 31
0.0
  0
CIRCLE
  5
7A7
330
70
100
AcDbEntity
  8
Hidden
100
AcDbCircle
 10
-131.580256
 20
99.880026
 30
0.0
 40
6.000000000000006
210
0.0
220
0.0
230
-1.0
  0
CIRCLE
  5
7A8
330
70
100
AcDbEntity
  8
Hidden
100
AcDbCircle
 10
-101.617932
 20
101.104786
 30
0.0
 40
4.500000000000004
210
0.0
220
0.0
230
-1.0
  0
CIRCLE
  5
7A9
330
70
100
AcDbEntity
  8
Hidden
100
AcDbCircle
 10
-161.617932
 20
101.104786
 30
0.0
 40
4.500000000000004
210
0.0
220
0.0
230
-1.0
  0
LINE
  5
7AA
330
70
100
AcDbEntity
  8
Hidden
100
AcDbLine
 10
79.367932
 20
110.604786
 30
0.0
 11
76.867932
 21
110.604786
 31
0.0
210
-0.0000000000000001
220
-1.0
230
0.0000000000002967
  0
LINE
  5
7AB
330
70
100
AcDbEntity
  8
Hidden
100
AcDbLine
 10
186.367932
 20
110.604786
 30
0.0
 11
183.867932
 21
110.604786
 31
0.0
210
-0.0000000000000001
220
-1.0
230
0.0000000000002967
  0
LINE
  5
7AC
330
70
100
AcDbEntity
  8
Hidden
100
AcDbLine
 10
186.367932
 20
100.704786
 30
0.0
 11
183.867932
 21
100.704786
 31
0.0
210
-0.0000000000000001
220
-1.0
230
0.0000000000002967
  0
LINE
  5
7AD
330
70
100
AcDbEntity
  8
Hidden
100
AcDbLine
 10
79.367932
 20
100.704786
 30
0.0
 11
76.867932
 21
100.704786
 31
0.0
210
-0.0000000000000001
220
-1.0
230
0.0000000000002967
  0
LINE
  5
7AE
330
70
100
AcDbEntity
  8
Hidden
100
AcDbLine
 10
81.367932
 20
89.104786
 30
0.0
 11
81.367932
 21
87.604786
 31
0.0
210
-0.0000000000000001
220
-1.0
230
0.0000000000002967
  0
LINE
  5
7AF
330
70
100
AcDbEntity
  8
Hidden
100
AcDbLine
 10
81.367932
 20
111.104786
 30
0.0
 11
81.367932
 21
89.104786
 31
0.0
210
-0.0000000000000001
220
-1.0
230
0.0000000000002967
  0
LINE
  5
7B0
330
70
100
AcDbEntity
  8
Hidden
100
AcDbLine
 10
181.867932
 20
87.604786
 30
0.0
 11
181.867932
 21
89.104786
 31
0.0
210
-0.0000000000000001
220
-1.0
230
0.0000000000002967
  0
LINE
  5
7B1
330
70
100
AcDbEntity
  8
Hidden
100
AcDbLine
 10
181.867932
 20
89.104786
 30
0.0
 11
181.867932
 21
111.104786
 31
0.0
210
-0.0000000000000001
220
-1.0
230
0.0000000000002967
  0
LINE
  5
7B2
330
70
100
AcDbEntity
  8
Hidden
100
AcDbLine
 10
77.367932
 20
86.604786
 30
0.0
 11
78.367932
 21
86.604786
 31
0.0
210
-0.0000000000000001
220
-1.0
230
0.0000000000002967
  0
LINE
  5
7B3
330
70
100
AcDbEntity
  8
Hidden
100
AcDbLine
 10
78.367932
 20
86.604786
 30
0.0
 11
82.367932
 21
86.604786
 31
0.0
210
-0.0000000000000001
220
-1.0
230
0.0000000000002967
  0
LINE
  5
7B4
330
70
100
AcDbEntity
  8
Hidden
100
AcDbLine
 10
82.367932
 20
86.604786
 30
0.0
 11
180.867932
 21
86.604786
 31
0.0
210
-0.0000000000000001
220
-1.0
230
0.0000000000002967
  0
LINE
  5
7B5
330
70
100
AcDbEntity
  8
Hidden
100
AcDbLine
 10
180.867932
 20
86.604786
 30
0.0
 11
184.867932
 21
86.604786
 31
0.0
210
-0.0000000000000001
220
-1.0
230
0.0000000000002967
  0
LINE
  5
7B6
330
70
100
AcDbEntity
  8
Hidden
100
AcDbLine
 10
184.867932
 20
86.604786
 30
0.0
 11
185.867932
 21
86.604786
 31
0.0
210
-0.0000000000000001
220
-1.0
230
0.0000000000002967
  0
LINE
  5
7B7
330
70
100
AcDbEntity
  8
Hidden
100
AcDbLine
 10
77.867932
 20
111.104786
 30
0.0
 11
82.367932
 21
111.104786
 31
0.0
210
-0.0000000000000001
220
-1.0
230
0.0000000000002967
  0
LINE
  5
7B8
330
70
100
AcDbEntity
  8
Hidden
100
AcDbLine
 10
180.867932
 20
111.104786
 30
0.0
 11
185.367932
 21
111.104786
 31
0.0
210
-0.0000000000000001
220
-1.0
230
0.0000000000002967
  0
LINE
  5
7B9
330
70
100
AcDbEntity
  8
Hidden
100
AcDbLine
 10
188.367932
 20
89.104786
 30
0.0
 11
188.367932
 21
111.104786
 31
0.0
210
-0.0000000000000001
220
-1.0
230
0.0000000000002967
  0
LINE
  5
7BA
330
70
100
AcDbEntity
  8
Hidden
100
AcDbLine
 10
188.367932
 20
111.104786
 30
0.0
 11
188.367932
 21
113.604786
 31
0.0
210
-0.0000000000000001
220
-1.0
230
0.0000000000002967
  0
LINE
  5
7BB
330
70
100
AcDbEntity
  8
Hidden
100
AcDbLine
 10
74.867932
 20
111.104786
 30
0.0
 11
74.867932
 21
89.104786
 31
0.0
210
-0.0000000000000001
220
-1.0
230
0.0000000000002967
  0
LINE
  5
7BC
330
70
100
AcDbEntity
  8
Hidden
100
AcDbLine
 10
74.867932
 20
113.604786
 30
0.0
 11
74.867932
 21
111.104786
 31
0.0
210
-0.0000000000000001
220
-1.0
230
0.0000000000002967
  0
LINE
  5
7BD
330
70
100
AcDbEntity
  8
Visible
100
AcDbLine
 10
72.367932
 20
86.604786
 30
0.0
 11
72.367932
 21
113.604786
 31
0.0
210
-0.0000000000000001
220
-1.0
230
0.0000000000002967
  0
LINE
  5
7BE
330
70
100
AcDbEntity
  8
Visible
100
AcDbLine
 10
187.867932
 20
113.604786
 30
0.0
 11
75.367932
 21
113.604786
 31
0.0
210
-0.0000000000000001
220
-1.0
230
0.0000000000002967
  0
LINE
  5
7BF
330
70
100
AcDbEntity
  8
Visible
100
AcDbLine
 10
190.867932
 20
113.604786
 30
0.0
 11
190.867932
 21
86.604786
 31
0.0
210
-0.0000000000000001
220
-1.0
230
0.0000000000002967
  0
LINE
  5
7C0
330
70
100
AcDbEntity
  8
Visible
100
AcDbLine
 10
190.867932
 20
113.604786
 30
0.0
 11
187.867932
 21
113.604786
 31
0.0
210
-0.0000000000000001
220
-1.0
230
0.0000000000002967
  0
LINE
  5
7C1
330
70
100
AcDbEntity
  8
Visible
100
AcDbLine
 10
75.367932
 20
113.604786
 30
0.0
 11
72.367932
 21
113.604786
 31
0.0
210
-0.0000000000000001
220
-1.0
230
0.0000000000002967
  0
LINE
  5
7C2
330
70
100
AcDbEntity
  8
Visible
100
AcDbLine
 10
187.867932
 20
83.604786
 30
0.0
 11
75.367932
 21
83.604786
 31
0.0
210
-0.0000000000000001
220
-1.0
230
0.0000000000002967
  0
LINE
  5
7C3
330
70
100
AcDbEntity
  8
Hidden
100
AcDbLine
 10
77.867932
 20
111.104786
 30
0.0
 11
74.867932
 21
111.104786
 31
0.0
210
-0.0000000000000001
220
-1.0
230
0.0000000000002967
  0
LINE
  5
7C4
330
70
100
AcDbEntity
  8
Hidden
100
AcDbLine
 10
188.367932
 20
111.104786
 30
0.0
 11
185.367932
 21
111.104786
 31
0.0
210
-0.0000000000000001
220
-1.0
230
0.0000000000002967
  0
ARC
  5
7C5
330
70
100
AcDbEntity
  8
Visible
100
AcDbCircle
 10
75.367932
 20
86.604786
 30
0.0
 40
3.00000000000001
100
AcDbArc
 50
180.0
 51
270.0
  0
ARC
  5
7C6
330
70
100
AcDbEntity
  8
Visible
100
AcDbCircle
 10
187.867932
 20
86.604786
 30
0.0
 40
3.000000000000005
100
AcDbArc
 50
270.0
 51
0.0
  0
ARC
  5
7C7
330
70
100
AcDbEntity
  8
Hidden
100
AcDbCircle
 10
180.867932
 20
87.604786
 30
0.0
 40
1.000000000000001
100
AcDbArc
 50
270.0
 51
360.0
  0
ARC
  5
7C8
330
70
100
AcDbEntity
  8
Hidden
100
AcDbCircle
 10
82.367932
 20
87.604786
 30
0.0
 40
1.000000000000003
100
AcDbArc
 50
180.0
 51
270.0
  0
ARC
  5
7C9
330
70
100
AcDbEntity
  8
Hidden
100
AcDbCircle
 10
185.867932
 20
89.104786
 30
0.0
 40
2.500000000000004
100
AcDbArc
 50
270.0
 51
0.0
  0
ARC
  5
7CA
330
70
100
AcDbEntity
  8
Hidden
100
AcDbCircle
 10
-77.367932
 20
89.104786
 30
0.0
 40
2.500000000000004
210
0.0
220
0.0
230
-1.0
100
AcDbArc
 50
270.0
 51
0.0
  0
LINE
  5
7CB
330
70
100
AcDbEntity
  8
Hidden
100
AcDbLine
 10
116.637932
 20
83.604786
 30
0.0
 11
116.637932
 21
86.604786
 31
0.0
210
-0.0000000000000001
220
-1.0
230
0.0000000000002967
  0
LINE
  5
7CC
330
70
100
AcDbEntity
  8
Hidden
100
AcDbLine
 10
121.637932
 20
83.604786
 30
0.0
 11
121.637932
 21
86.604786
 31
0.0
210
-0.0000000000000001
220
-1.0
230
0.0000000000002967
  0
LINE
  5
7CD
330
70
100
AcDbEntity
  8
Hidden
100
AcDbLine
 10
86.567933
 20
83.604786
 30
0.0
 11
86.567933
 21
86.604786
 31
0.0
210
-0.0000000000000001
220
-1.0
230
0.0000000000002967
  0
LINE
  5
7CE
330
70
100
AcDbEntity
  8
Hidden
100
AcDbLine
 10
98.567933
 20
83.604786
 30
0.0
 11
98.567933
 21
86.604786
 31
0.0
210
-0.0000000000000001
220
-1.0
230
0.0000000000002967
  0
LINE
  5
7CF
330
70
100
AcDbEntity
  8
Hidden
100
AcDbLine
 10
167.217932
 20
83.604786
 30
0.0
 11
167.217932
 21
86.604786
 31
0.0
210
-0.0000000000000001
220
-1.0
230
0.0000000000002967
  0
LINE
  5
7D0
330
70
100
AcDbEntity
  8
Hidden
100
AcDbLine
 10
176.217932
 20
83.604786
 30
0.0
 11
176.217932
 21
86.604786
 31
0.0
210
-0.0000000000000001
220
-1.0
230
0.0000000000002967
  0
LINE
  5
7D1
330
70
100
AcDbEntity
  8
Hidden
100
AcDbLine
 10
172.567932
 20
83.604786
 30
0.0
 11
172.567932
 21
86.604786
 31
0.0
210
-0.0000000000000001
220
-1.0
230
0.0000000000002967
  0
LINE
  5
7D2
330
70
100
AcDbEntity
  8
Hidden
100
AcDbLine
 10
179.567932
 20
83.604786
 30
0.0
 11
179.567932
 21
86.604786
 31
0.0
210
-0.0000000000000001
220
-1.0
230
0.0000000000002967
  0
LINE
  5
7D3
330
70
100
AcDbEntity
  8
Hidden
100
AcDbLine
 10
113.301232
 20
83.604786
 30
0.0
 11
113.301232
 21
86.604786
 31
0.0
210
-0.0000000000000001
220
-1.0
230
0.0000000000002967
  0
LINE
  5
7D4
330
70
100
AcDbEntity
  8
Hidden
100
AcDbLine
 10
120.301232
 20
83.604786
 30
0.0
 11
120.301232
 21
86.604786
 31
0.0
210
-0.0000000000000001
220
-1.0
230
0.0000000000002967
  0
LINE
  5
7D5
330
70
100
AcDbEntity
  8
Hidden
100
AcDbLine
 10
142.934632
 20
83.604786
 30
0.0
 11
142.934632
 21
86.604786
 31
0.0
210
-0.0000000000000001
220
-1.0
230
0.0000000000002967
  0
LINE
  5
7D6
330
70
100
AcDbEntity
  8
Hidden
100
AcDbLine
 10
149.934632
 20
83.604786
 30
0.0
 11
149.934632
 21
86.604786
 31
0.0
210
-0.0000000000000001
220
-1.0
230
0.0000000000002967
  0
LINE
  5
7D7
330
70
100
AcDbEntity
  8
Hidden
100
AcDbLine
 10
83.617932
 20
83.604786
 30
0.0
 11
83.617932
 21
86.604786
 31
0.0
210
-0.0000000000000001
220
-1.0
230
0.0000000000002967
  0
LINE
  5
7D8
330
70
100
AcDbEntity
  8
Hidden
100
AcDbLine
 10
90.617932
 20
83.604786
 30
0.0
 11
90.617932
 21
86.604786
 31
0.0
210
-0.0000000000000001
220
-1.0
230
0.0000000000002967
  0
LINE
  5
7D9
330
70
100
AcDbEntity
  8
Hidden
100
AcDbLine
 10
76.867932
 20
110.604786
 30
0.0
 11
76.367932
 21
111.104786
 31
0.0
210
-0.0000000000000001
220
-1.0
230
0.0000000000002967
  0
LINE
  5
7DA
330
70
100
AcDbEntity
  8
Hidden
100
AcDbLine
 10
79.367932
 20
110.604786
 30
0.0
 11
79.867932
 21
111.104786
 31
0.0
210
-0.0000000000000001
220
-1.0
230
0.0000000000002967
  0
LINE
  5
7DB
330
70
100
AcDbEntity
  8
Hidden
100
AcDbLine
 10
183.867932
 20
110.604786
 30
0.0
 11
183.367932
 21
111.104786
 31
0.0
210
-0.0000000000000001
220
-1.0
230
0.0000000000002967
  0
LINE
  5
7DC
330
70
100
AcDbEntity
  8
Hidden
100
AcDbLine
 10
186.367932
 20
110.604786
 30
0.0
 11
186.867932
 21
111.104786
 31
0.0
210
-0.0000000000000001
220
-1.0
230
0.0000000000002967
  0
LINE
  5
7DD
330
70
100
AcDbEntity
  8
Hidden
100
AcDbLine
 10
183.867932
 20
100.704786
 30
0.0
 11
183.867932
 21
110.604786
 31
0.0
210
-0.0000000000000001
220
-1.0
230
0.0000000000002967
  0
LINE
  5
7DE
330
70
100
AcDbEntity
  8
Hidden
100
AcDbLine
 10
186.367932
 20
100.704786
 30
0.0
 11
186.367932
 21
110.604786
 31
0.0
210
-0.0000000000000001
220
-1.0
230
0.0000000000002967
  0
LINE
  5
7DF
330
70
100
AcDbEntity
  8
Hidden
100
AcDbLine
 10
185.117932
 20
99.95371
 30
0.0
 11
183.867932
 21
100.704786
 31
0.0
210
-0.0000000000000001
220
-1.0
230
0.0000000000002967
  0
LINE
  5
7E0
330
70
100
AcDbEntity
  8
Hidden
100
AcDbLine
 10
185.117932
 20
99.95371
 30
0.0
 11
186.367932
 21
100.704786
 31
0.0
210
-0.0000000000000001
220
-1.0
230
0.0000000000002967
  0
LINE
  5
7E1
330
70
100
AcDbEntity
  8
Hidden
100
AcDbLine
 10
76.867932
 20
100.704786
 30
0.0
 11
76.867932
 21
110.604786
 31
0.0
210
-0.0000000000000001
220
-1.0
230
0.0000000000002967
  0
LINE
  5
7E2
330
70
100
AcDbEntity
  8
Hidden
100
AcDbLine
 10
79.367932
 20
100.704786
 30
0.0
 11
79.367932
 21
110.604786
 31
0.0
210
-0.0000000000000001
220
-1.0
230
0.0000000000002967
  0
LINE
  5
7E3
330
70
100
AcDbEntity
  8
Hidden
100
AcDbLine
 10
78.117932
 20
99.95371
 30
0.0
 11
76.867932
 21
100.704786
 31
0.0
210
-0.0000000000000001
220
-1.0
230
0.0000000000002967
  0
LINE
  5
7E4
330
70
100
AcDbEntity
  8
Hidden
100
AcDbLine
 10
78.117932
 20
99.95371
 30
0.0
 11
79.367932
 21
100.704786
 31
0.0
210
-0.0000000000000001
220
-1.0
230
0.0000000000002967
  0
CIRCLE
  5
7E5
330
70
100
AcDbEntity
  8
Visible
100
AcDbCircle
 10
-131.580256
 20
242.704691
 30
0.0
 40
6.000000000000006
210
0.0000000000000001
220
0.0
230
-1.0
  0
CIRCLE
  5
7E6
330
70
100
AcDbEntity
  8
Visible
100
AcDbCircle
 10
-101.617932
 20
241.479932
 30
0.0
 40
4.500000000000004
210
0.0000000000000001
220
0.0
230
-1.0
  0
CIRCLE
  5
7E7
330
70
100
AcDbEntity
  8
Visible
100
AcDbCircle
 10
-161.617932
 20
241.479932
 30
0.0
 40
4.500000000000004
210
0.0000000000000001
220
0.0
230
-1.0
  0
LINE
  5
7E8
330
70
100
AcDbEntity
  8
Hidden
100
AcDbLine
 10
183.867932
 20
231.979932
 30
0.0
 11
186.367932
 21
231.979932
 31
0.0
210
0.0
220
1.0
230
0.0000000000002967
  0
LINE
  5
7E9
330
70
100
AcDbEntity
  8
Hidden
100
AcDbLine
 10
76.867932
 20
231.979932
 30
0.0
 11
79.367932
 21
231.979932
 31
0.0
210
0.0
220
1.0
230
0.0000000000002967
  0
LINE
  5
7EA
330
70
100
AcDbEntity
  8
Hidden
100
AcDbLine
 10
76.867932
 20
241.879932
 30
0.0
 11
79.367932
 21
241.879932
 31
0.0
210
0.0
220
1.0
230
0.0000000000002967
  0
LINE
  5
7EB
330
70
100
AcDbEntity
  8
Hidden
100
AcDbLine
 10
183.867932
 20
241.879932
 30
0.0
 11
186.367932
 21
241.879932
 31
0.0
210
0.0
220
1.0
230
0.0000000000002967
  0
LINE
  5
7EC
330
70
100
AcDbEntity
  8
Hidden
100
AcDbLine
 10
181.867932
 20
253.479932
 30
0.0
 11
181.867932
 21
254.979932
 31
0.0
210
0.0
220
1.0
230
0.0000000000002967
  0
LINE
  5
7ED
330
70
100
AcDbEntity
  8
Hidden
100
AcDbLine
 10
181.867932
 20
231.479932
 30
0.0
 11
181.867932
 21
253.479932
 31
0.0
210
0.0
220
1.0
230
0.0000000000002967
  0
LINE
  5
7EE
330
70
100
AcDbEntity
  8
Hidden
100
AcDbLine
 10
81.367932
 20
254.979932
 30
0.0
 11
81.367932
 21
253.479932
 31
0.0
210
0.0
220
1.0
230
0.0000000000002967
  0
LINE
  5
7EF
330
70
100
AcDbEntity
  8
Hidden
100
AcDbLine
 10
81.367932
 20
253.479932
 30
0.0
 11
81.367932
 21
231.479932
 31
0.0
210
0.0
220
1.0
230
0.0000000000002967
  0
LINE
  5
7F0
330
70
100
AcDbEntity
  8
Hidden
100
AcDbLine
 10
78.367932
 20
255.979932
 30
0.0
 11
77.367932
 21
255.979932
 31
0.0
210
0.0
220
1.0
230
0.0000000000002967
  0
LINE
  5
7F1
330
70
100
AcDbEntity
  8
Hidden
100
AcDbLine
 10
185.867932
 20
255.979932
 30
0.0
 11
184.867932
 21
255.979932
 31
0.0
210
0.0
220
1.0
230
0.0000000000002967
  0
LINE
  5
7F2
330
70
100
AcDbEntity
  8
Hidden
100
AcDbLine
 10
184.867932
 20
255.979932
 30
0.0
 11
180.867932
 21
255.979932
 31
0.0
210
0.0
220
1.0
230
0.0000000000002967
  0
LINE
  5
7F3
330
70
100
AcDbEntity
  8
Hidden
100
AcDbLine
 10
180.867932
 20
255.979932
 30
0.0
 11
82.367932
 21
255.979932
 31
0.0
210
0.0
220
1.0
230
0.0000000000002967
  0
LINE
  5
7F4
330
70
100
AcDbEntity
  8
Hidden
100
AcDbLine
 10
82.367932
 20
255.979932
 30
0.0
 11
78.367932
 21
255.979932
 31
0.0
210
0.0
220
1.0
230
0.0000000000002967
  0
LINE
  5
7F5
330
70
100
AcDbEntity
  8
Hidden
100
AcDbLine
 10
188.367932
 20
231.479932
 30
0.0
 11
188.367932
 21
253.479932
 31
0.0
210
0.0
220
1.0
230
0.0000000000002967
  0
LINE
  5
7F6
330
70
100
AcDbEntity
  8
Hidden
100
AcDbLine
 10
188.367932
 20
228.979932
 30
0.0
 11
188.367932
 21
231.479932
 31
0.0
210
0.0
220
1.0
230
0.0000000000002967
  0
LINE
  5
7F7
330
70
100
AcDbEntity
  8
Hidden
100
AcDbLine
 10
74.867932
 20
253.479932
 30
0.0
 11
74.867932
 21
231.479932
 31
0.0
210
0.0
220
1.0
230
0.0000000000002967
  0
LINE
  5
7F8
330
70
100
AcDbEntity
  8
Hidden
100
AcDbLine
 10
74.867932
 20
231.479932
 30
0.0
 11
74.867932
 21
228.979932
 31
0.0
210
0.0
220
1.0
230
0.0000000000002967
  0
LINE
  5
7F9
330
70
100
AcDbEntity
  8
Hidden
100
AcDbLine
 10
185.367932
 20
231.479932
 30
0.0
 11
180.867932
 21
231.479932
 31
0.0
210
0.0
220
1.0
230
0.0000000000002967
  0
LINE
  5
7FA
330
70
100
AcDbEntity
  8
Hidden
100
AcDbLine
 10
82.367932
 20
231.479932
 30
0.0
 11
77.867932
 21
231.479932
 31
0.0
210
0.0
220
1.0
230
0.0000000000002967
  0
LINE
  5
7FB
330
70
100
AcDbEntity
  8
Visible
100
AcDbLine
 10
75.367932
 20
228.979932
 30
0.0
 11
187.867932
 21
228.979932
 31
0.0
210
0.0
220
1.0
230
0.0000000000002967
  0
LINE
  5
7FC
330
70
100
AcDbEntity
  8
Visible
100
AcDbLine
 10
72.367932
 20
228.979932
 30
0.0
 11
72.367932
 21
255.979932
 31
0.0
210
0.0
220
1.0
230
0.0000000000002967
  0
LINE
  5
7FD
330
70
100
AcDbEntity
  8
Visible
100
AcDbLine
 10
190.867932
 20
255.979932
 30
0.0
 11
190.867932
 21
228.979932
 31
0.0
210
0.0
220
1.0
230
0.0000000000002967
  0
LINE
  5
7FE
330
70
100
AcDbEntity
  8
Visible
100
AcDbLine
 10
187.867932
 20
228.979932
 30
0.0
 11
190.867932
 21
228.979932
 31
0.0
210
0.0
220
1.0
230
0.0000000000002967
  0
LINE
  5
7FF
330
70
100
AcDbEntity
  8
Visible
100
AcDbLine
 10
72.367932
 20
228.979932
 30
0.0
 11
75.367932
 21
228.979932
 31
0.0
210
0.0
220
1.0
230
0.0000000000002967
  0
LINE
  5
800
330
70
100
AcDbEntity
  8
Visible
100
AcDbLine
 10
75.367932
 20
258.979932
 30
0.0
 11
187.867932
 21
258.979932
 31
0.0
210
0.0
220
1.0
230
0.0000000000002967
  0
LINE
  5
801
330
70
100
AcDbEntity
  8
Hidden
100
AcDbLine
 10
185.367932
 20
231.479932
 30
0.0
 11
188.367932
 21
231.479932
 31
0.0
210
0.0
220
1.0
230
0.0000000000002967
  0
LINE
  5
802
330
70
100
AcDbEntity
  8
Hidden
100
AcDbLine
 10
74.867932
 20
231.479932
 30
0.0
 11
77.867932
 21
231.479932
 31
0.0
210
0.0
220
1.0
230
0.0000000000002967
  0
ARC
  5
803
330
70
100
AcDbEntity
  8
Visible
100
AcDbCircle
 10
-75.367932
 20
255.979932
 30
0.0
 40
3.00000000000001
210
0.0000000000000001
220
0.0
230
-1.0
100
AcDbArc
 50
0.0
 51
90.0
  0
ARC
  5
804
330
70
100
AcDbEntity
  8
Visible
100
AcDbCircle
 10
-187.867932
 20
255.979932
 30
0.0
 40
3.000000000000005
210
0.0000000000000001
220
0.0
230
-1.0
100
AcDbArc
 50
90.0
 51
180.0
  0
ARC
  5
805
330
70
100
AcDbEntity
  8
Hidden
100
AcDbCircle
 10
180.867932
 20
254.979932
 30
0.0
 40
1.000000000000003
100
AcDbArc
 50
0.0
 51
90.0
  0
ARC
  5
806
330
70
100
AcDbEntity
  8
Hidden
100
AcDbCircle
 10
82.367932
 20
254.979932
 30
0.0
 40
1.000000000000001
100
AcDbArc
 50
90.0
 51
180.0
  0
ARC
  5
807
330
70
100
AcDbEntity
  8
Hidden
100
AcDbCircle
 10
-185.867932
 20
253.479932
 30
0.0
 40
2.500000000000004
210
0.0000000000000001
220
0.0
230
-1.0
100
AcDbArc
 50
90.0
 51
180.0
  0
ARC
  5
808
330
70
100
AcDbEntity
  8
Hidden
100
AcDbCircle
 10
77.367932
 20
253.479932
 30
0.0
 40
2.500000000000004
100
AcDbArc
 50
90.0
 51
180.0
  0
LINE
  5
809
330
70
100
AcDbEntity
  8
Hidden
100
AcDbLine
 10
121.637932
 20
258.979932
 30
0.0
 11
121.637932
 21
255.979932
 31
0.0
210
0.0
220
1.0
230
0.0000000000002967
  0
LINE
  5
80A
330
70
100
AcDbEntity
  8
Hidden
100
AcDbLine
 10
116.637932
 20
258.979932
 30
0.0
 11
116.637932
 21
255.979932
 31
0.0
210
0.0
220
1.0
230
0.0000000000002967
  0
LINE
  5
80B
330
70
100
AcDbEntity
  8
Hidden
100
AcDbLine
 10
98.567933
 20
258.979932
 30
0.0
 11
98.567933
 21
255.979932
 31
0.0
210
0.0
220
1.0
230
0.0000000000002967
  0
LINE
  5
80C
330
70
100
AcDbEntity
  8
Hidden
100
AcDbLine
 10
86.567933
 20
258.979932
 30
0.0
 11
86.567933
 21
255.979932
 31
0.0
210
0.0
220
1.0
230
0.0000000000002967
  0
LINE
  5
80D
330
70
100
AcDbEntity
  8
Hidden
100
AcDbLine
 10
176.217932
 20
258.979932
 30
0.0
 11
176.217932
 21
255.979932
 31
0.0
210
0.0
220
1.0
230
0.0000000000002967
  0
LINE
  5
80E
330
70
100
AcDbEntity
  8
Hidden
100
AcDbLine
 10
167.217932
 20
258.979932
 30
0.0
 11
167.217932
 21
255.979932
 31
0.0
210
0.0
220
1.0
230
0.0000000000002967
  0
LINE
  5
80F
330
70
100
AcDbEntity
  8
Hidden
100
AcDbLine
 10
120.301232
 20
258.979932
 30
0.0
 11
120.301232
 21
255.979932
 31
0.0
210
0.0
220
1.0
230
0.0000000000002967
  0
LINE
  5
810
330
70
100
AcDbEntity
  8
Hidden
100
AcDbLine
 10
113.301232
 20
258.979932
 30
0.0
 11
113.301232
 21
255.979932
 31
0.0
210
0.0
220
1.0
230
0.0000000000002967
  0
LINE
  5
811
330
70
100
AcDbEntity
  8
Hidden
100
AcDbLine
 10
149.934632
 20
258.979932
 30
0.0
 11
149.934632
 21
255.979932
 31
0.0
210
0.0
220
1.0
230
0.0000000000002967
  0
LINE
  5
812
330
70
100
AcDbEntity
  8
Hidden
100
AcDbLine
 10
142.934632
 20
258.979932
 30
0.0
 11
142.934632
 21
255.979932
 31
0.0
210
0.0
220
1.0
230
0.0000000000002967
  0
LINE
  5
813
330
70
100
AcDbEntity
  8
Hidden
100
AcDbLine
 10
90.617932
 20
258.979932
 30
0.0
 11
90.617932
 21
255.979932
 31
0.0
210
0.0
220
1.0
230
0.0000000000002967
  0
LINE
  5
814
330
70
100
AcDbEntity
  8
Hidden
100
AcDbLine
 10
83.617932
 20
258.979932
 30
0.0
 11
83.617932
 21
255.979932
 31
0.0
210
0.0
220
1.0
230
0.0000000000002967
  0
LINE
  5
815
330
70
100
AcDbEntity
  8
Hidden
100
AcDbLine
 10
179.567932
 20
258.979932
 30
0.0
 11
179.567932
 21
255.979932
 31
0.0
210
0.0
220
1.0
230
0.0000000000002967
  0
LINE
  5
816
330
70
100
AcDbEntity
  8
Hidden
100
AcDbLine
 10
172.567932
 20
258.979932
 30
0.0
 11
172.567932
 21
255.979932
 31
0.0
210
0.0
220
1.0
230
0.0000000000002967
  0
LINE
  5
817
330
70
100
AcDbEntity
  8
Hidden
100
AcDbLine
 10
186.367932
 20
231.979932
 30
0.0
 11
186.867932
 21
231.479932
 31
0.0
210
0.0
220
1.0
230
0.0000000000002967
  0
LINE
  5
818
330
70
100
AcDbEntity
  8
Hidden
100
AcDbLine
 10
183.867932
 20
231.979932
 30
0.0
 11
183.367932
 21
231.479932
 31
0.0
210
0.0
220
1.0
230
0.0000000000002967
  0
LINE
  5
819
330
70
100
AcDbEntity
  8
Hidden
100
AcDbLine
 10
79.367932
 20
231.979932
 30
0.0
 11
79.867932
 21
231.479932
 31
0.0
210
0.0
220
1.0
230
0.0000000000002967
  0
LINE
  5
81A
330
70
100
AcDbEntity
  8
Hidden
100
AcDbLine
 10
76.867932
 20
231.979932
 30
0.0
 11
76.367932
 21
231.479932
 31
0.0
210
0.0
220
1.0
230
0.0000000000002967
  0
LINE
  5
81B
330
70
100
AcDbEntity
  8
Hidden
100
AcDbLine
 10
79.367932
 20
241.879932
 30
0.0
 11
79.367932
 21
231.979932
 31
0.0
210
0.0
220
1.0
230
0.0000000000002967
  0
LINE
  5
81C
330
70
100
AcDbEntity
  8
Hidden
100
AcDbLine
 10
76.867932
 20
241.879932
 30
0.0
 11
76.867932
 21
231.979932
 31
0.0
210
0.0
220
1.0
230
0.0000000000002967
  0
LINE
  5
81D
330
70
100
AcDbEntity
  8
Hidden
100
AcDbLine
 10
78.117932
 20
242.631008
 30
0.0
 11
79.367932
 21
241.879932
 31
0.0
210
0.0
220
1.0
230
0.0000000000002967
  0
LINE
  5
81E
330
70
100
AcDbEntity
  8
Hidden
100
AcDbLine
 10
78.117932
 20
242.631008
 30
0.0
 11
76.867932
 21
241.879932
 31
0.0
210
0.0
220
1.0
230
0.0000000000002967
  0
LINE
  5
81F
330
70
100
AcDbEntity
  8
Hidden
100
AcDbLine
 10
186.367932
 20
241.879932
 30
0.0
 11
186.367932
 21
231.979932
 31
0.0
210
0.0
220
1.0
230
0.0000000000002967
  0
LINE
  5
820
330
70
100
AcDbEntity
  8
Hidden
100
AcDbLine
 10
183.867932
 20
241.879932
 30
0.0
 11
183.867932
 21
231.979932
 31
0.0
210
0.0
220
1.0
230
0.0000000000002967
  0
LINE
  5
821
330
70
100
AcDbEntity
  8
Hidden
100
AcDbLine
 10
185.117932
 20
242.631008
 30
0.0
 11
186.367932
 21
241.879932
 31
0.0
210
0.0
220
1.0
230
0.0000000000002967
  0
LINE
  5
822
330
70
100
AcDbEntity
  8
Hidden
100
AcDbLine
 10
185.117932
 20
242.631008
 30
0.0
 11
183.867932
 21
241.879932
 31
0.0
210
0.0
220
1.0
230
0.0000000000002967
  0
LINE
  5
823
330
70
100
AcDbEntity
  8
Hidden
100
AcDbLine
 10
56.920671
 20
131.213354
 30
0.0
 11
56.920671
 21
133.713354
 31
0.0
210
-1.0
220
-0.0000000000000002
230
0.0000000000002967
  0
LINE
  5
824
330
70
100
AcDbEntity
  8
Hidden
100
AcDbLine
 10
56.920671
 20
212.713354
 30
0.0
 11
56.920671
 21
215.213354
 31
0.0
210
-1.0
220
-0.0000000000000002
230
0.0000000000002967
  0
LINE
  5
825
330
70
100
AcDbEntity
  8
Hidden
100
AcDbLine
 10
47.020671
 20
131.213354
 30
0.0
 11
47.020671
 21
133.713354
 31
0.0
210
-1.0
220
-0.0000000000000002
230
0.0000000000002967
  0
LINE
  5
826
330
70
100
AcDbEntity
  8
Hidden
100
AcDbLine
 10
47.020671
 20
212.713354
 30
0.0
 11
47.020671
 21
215.213354
 31
0.0
210
-1.0
220
-0.0000000000000002
230
0.0000000000002967
  0
LINE
  5
827
330
70
100
AcDbEntity
  8
Hidden
100
AcDbLine
 10
35.420671
 20
210.713354
 30
0.0
 11
33.920671
 21
210.713354
 31
0.0
210
-1.0
220
-0.0000000000000002
230
0.0000000000002967
  0
LINE
  5
828
330
70
100
AcDbEntity
  8
Hidden
100
AcDbLine
 10
57.420671
 20
210.713354
 30
0.0
 11
35.420671
 21
210.713354
 31
0.0
210
-1.0
220
-0.0000000000000002
230
0.0000000000002967
  0
LINE
  5
829
330
70
100
AcDbEntity
  8
Hidden
100
AcDbLine
 10
33.920671
 20
135.713354
 30
0.0
 11
35.420671
 21
135.713354
 31
0.0
210
-1.0
220
-0.0000000000000002
230
0.0000000000002967
  0
LINE
  5
82A
330
70
100
AcDbEntity
  8
Hidden
100
AcDbLine
 10
35.420671
 20
135.713354
 30
0.0
 11
57.420671
 21
135.713354
 31
0.0
210
-1.0
220
-0.0000000000000002
230
0.0000000000002967
  0
LINE
  5
82B
330
70
100
AcDbEntity
  8
Hidden
100
AcDbLine
 10
32.920671
 20
214.713354
 30
0.0
 11
32.920671
 21
213.713354
 31
0.0
210
-1.0
220
-0.0000000000000002
230
0.0000000000002967
  0
LINE
  5
82C
330
70
100
AcDbEntity
  8
Hidden
100
AcDbLine
 10
32.920671
 20
213.713354
 30
0.0
 11
32.920671
 21
209.713354
 31
0.0
210
-1.0
220
-0.0000000000000002
230
0.0000000000002967
  0
LINE
  5
82D
330
70
100
AcDbEntity
  8
Hidden
100
AcDbLine
 10
32.920671
 20
209.713354
 30
0.0
 11
32.920671
 21
136.713354
 31
0.0
210
-1.0
220
-0.0000000000000002
230
0.0000000000002967
  0
LINE
  5
82E
330
70
100
AcDbEntity
  8
Hidden
100
AcDbLine
 10
32.920671
 20
136.713354
 30
0.0
 11
32.920671
 21
132.713354
 31
0.0
210
-1.0
220
-0.0000000000000002
230
0.0000000000002967
  0
LINE
  5
82F
330
70
100
AcDbEntity
  8
Hidden
100
AcDbLine
 10
32.920671
 20
132.713354
 30
0.0
 11
32.920671
 21
131.713354
 31
0.0
210
-1.0
220
-0.0000000000000002
230
0.0000000000002967
  0
LINE
  5
830
330
70
100
AcDbEntity
  8
Hidden
100
AcDbLine
 10
57.420671
 20
217.213354
 30
0.0
 11
35.420671
 21
217.213354
 31
0.0
210
-1.0
220
-0.0000000000000002
230
0.0000000000002967
  0
LINE
  5
831
330
70
100
AcDbEntity
  8
Hidden
100
AcDbLine
 10
59.920671
 20
217.213354
 30
0.0
 11
57.420671
 21
217.213354
 31
0.0
210
-1.0
220
-0.0000000000000002
230
0.0000000000002967
  0
LINE
  5
832
330
70
100
AcDbEntity
  8
Hidden
100
AcDbLine
 10
57.420671
 20
214.213354
 30
0.0
 11
57.420671
 21
209.713354
 31
0.0
210
-1.0
220
-0.0000000000000002
230
0.0000000000002967
  0
LINE
  5
833
330
70
100
AcDbEntity
  8
Hidden
100
AcDbLine
 10
57.420671
 20
136.713354
 30
0.0
 11
57.420671
 21
132.213354
 31
0.0
210
-1.0
220
-0.0000000000000002
230
0.0000000000002967
  0
LINE
  5
834
330
70
100
AcDbEntity
  8
Hidden
100
AcDbLine
 10
35.420671
 20
129.213354
 30
0.0
 11
57.420671
 21
129.213354
 31
0.0
210
-1.0
220
-0.0000000000000002
230
0.0000000000002967
  0
LINE
  5
835
330
70
100
AcDbEntity
  8
Hidden
100
AcDbLine
 10
57.420671
 20
129.213354
 30
0.0
 11
59.920671
 21
129.213354
 31
0.0
210
-1.0
220
-0.0000000000000002
230
0.0000000000002967
  0
LINE
  5
836
330
70
100
AcDbEntity
  8
Visible
100
AcDbLine
 10
59.920671
 20
126.713354
 30
0.0
 11
32.920671
 21
126.713354
 31
0.0
210
-1.0
220
-0.0000000000000002
230
0.0000000000002967
  0
LINE
  5
837
330
70
100
AcDbEntity
  8
Visible
100
AcDbLine
 10
32.920671
 20
219.713354
 30
0.0
 11
59.920671
 21
219.713354
 31
0.0
210
-1.0
220
-0.0000000000000002
230
0.0000000000002967
  0
LINE
  5
838
330
70
100
AcDbEntity
  8
Visible
100
AcDbLine
 10
59.920671
 20
129.713354
 30
0.0
 11
59.920671
 21
216.713354
 31
0.0
210
-1.0
220
-0.0000000000000002
230
0.0000000000002967
  0
LINE
  5
839
330
70
100
AcDbEntity
  8
Visible
100
AcDbLine
 10
59.920671
 20
216.713354
 30
0.0
 11
59.920671
 21
219.713354
 31
0.0
210
-1.0
220
-0.0000000000000002
230
0.0000000000002967
  0
LINE
  5
83A
330
70
100
AcDbEntity
  8
Visible
100
AcDbLine
 10
59.920671
 20
126.713354
 30
0.0
 11
59.920671
 21
129.713354
 31
0.0
210
-1.0
220
-0.0000000000000002
230
0.0000000000002967
  0
LINE
  5
83B
330
70
100
AcDbEntity
  8
Visible
100
AcDbLine
 10
29.920671
 20
129.713354
 30
0.0
 11
29.920671
 21
216.713354
 31
0.0
210
-1.0
220
-0.0000000000000002
230
0.0000000000002967
  0
LINE
  5
83C
330
70
100
AcDbEntity
  8
Hidden
100
AcDbLine
 10
57.420671
 20
129.213354
 30
0.0
 11
57.420671
 21
132.213354
 31
0.0
210
-1.0
220
-0.0000000000000002
230
0.0000000000002967
  0
LINE
  5
83D
330
70
100
AcDbEntity
  8
Hidden
100
AcDbLine
 10
57.420671
 20
214.213354
 30
0.0
 11
57.420671
 21
217.213354
 31
0.0
210
-1.0
220
-0.0000000000000002
230
0.0000000000002967
  0
ARC
  5
83E
330
70
100
AcDbEntity
  8
Visible
100
AcDbCircle
 10
32.920671
 20
129.713354
 30
0.0
 40
3.000000000000006
100
AcDbArc
 50
180.0
 51
270.0
  0
ARC
  5
83F
330
70
100
AcDbEntity
  8
Visible
100
AcDbCircle
 10
32.920671
 20
216.713354
 30
0.0
 40
3.000000000000006
100
AcDbArc
 50
90.0
 51
180.0
  0
ARC
  5
840
330
70
100
AcDbEntity
  8
Hidden
100
AcDbCircle
 10
33.920671
 20
209.713354
 30
0.0
 40
1.000000000000002
100
AcDbArc
 50
90.0
 51
180.0
  0
ARC
  5
841
330
70
100
AcDbEntity
  8
Hidden
100
AcDbCircle
 10
33.920671
 20
136.713354
 30
0.0
 40
1.000000000000001
100
AcDbArc
 50
180.0
 51
270.0
  0
ARC
  5
842
330
70
100
AcDbEntity
  8
Hidden
100
AcDbCircle
 10
-35.420671
 20
214.713354
 30
0.0
 40
2.500000000000004
210
0.0
220
-0.0000000000000002
230
-1.0
100
AcDbArc
 50
0.0
 51
90.0
  0
ARC
  5
843
330
70
100
AcDbEntity
  8
Hidden
100
AcDbCircle
 10
35.420671
 20
131.713354
 30
0.0
 40
2.500000000000004
100
AcDbArc
 50
180.0
 51
270.0
  0
LINE
  5
844
330
70
100
AcDbEntity
  8
Hidden
100
AcDbLine
 10
40.195912
 20
126.713354
 30
0.0
 11
40.195912
 21
129.213354
 31
0.0
210
-1.0
220
-0.0000000000000002
230
0.0000000000002967
  0
LINE
  5
845
330
70
100
AcDbEntity
  8
Hidden
100
AcDbLine
 10
52.195912
 20
126.713354
 30
0.0
 11
52.195912
 21
129.213354
 31
0.0
210
-1.0
220
-0.0000000000000002
230
0.0000000000002967
  0
LINE
  5
846
330
70
100
AcDbEntity
  8
Hidden
100
AcDbLine
 10
42.920671
 20
126.713354
 30
0.0
 11
42.920671
 21
129.213354
 31
0.0
210
-1.0
220
-0.0000000000000002
230
0.0000000000002967
  0
LINE
  5
847
330
70
100
AcDbEntity
  8
Hidden
100
AcDbLine
 10
51.920671
 20
126.713354
 30
0.0
 11
51.920671
 21
129.213354
 31
0.0
210
-1.0
220
-0.0000000000000002
230
0.0000000000002967
  0
LINE
  5
848
330
70
100
AcDbEntity
  8
Hidden
100
AcDbLine
 10
29.920671
 20
206.233354
 30
0.0
 11
32.920671
 21
206.233354
 31
0.0
210
-1.0
220
-0.0000000000000002
230
0.0000000000002967
  0
LINE
  5
849
330
70
100
AcDbEntity
  8
Hidden
100
AcDbLine
 10
29.920671
 20
201.233354
 30
0.0
 11
32.920671
 21
201.233354
 31
0.0
210
-1.0
220
-0.0000000000000002
230
0.0000000000002967
  0
LINE
  5
84A
330
70
100
AcDbEntity
  8
Hidden
100
AcDbLine
 10
29.920671
 20
208.533355
 30
0.0
 11
32.920671
 21
208.533355
 31
0.0
210
-1.0
220
-0.0000000000000002
230
0.0000000000002967
  0
LINE
  5
84B
330
70
100
AcDbEntity
  8
Hidden
100
AcDbLine
 10
29.920671
 20
196.533355
 30
0.0
 11
32.920671
 21
196.533355
 31
0.0
210
-1.0
220
-0.0000000000000002
230
0.0000000000002967
  0
LINE
  5
84C
330
70
100
AcDbEntity
  8
Hidden
100
AcDbLine
 10
29.920671
 20
202.442454
 30
0.0
 11
32.920671
 21
202.442454
 31
0.0
210
-1.0
220
-0.0000000000000002
230
0.0000000000002967
  0
LINE
  5
84D
330
70
100
AcDbEntity
  8
Hidden
100
AcDbLine
 10
29.920671
 20
193.442454
 30
0.0
 11
32.920671
 21
193.442454
 31
0.0
210
-1.0
220
-0.0000000000000002
230
0.0000000000002967
  0
LINE
  5
84E
330
70
100
AcDbEntity
  8
Hidden
100
AcDbLine
 10
29.920671
 20
176.233354
 30
0.0
 11
32.920671
 21
176.233354
 31
0.0
210
-1.0
220
-0.0000000000000002
230
0.0000000000002967
  0
LINE
  5
84F
330
70
100
AcDbEntity
  8
Hidden
100
AcDbLine
 10
29.920671
 20
169.233354
 30
0.0
 11
32.920671
 21
169.233354
 31
0.0
210
-1.0
220
-0.0000000000000002
230
0.0000000000002967
  0
LINE
  5
850
330
70
100
AcDbEntity
  8
Hidden
100
AcDbLine
 10
29.920671
 20
151.733354
 30
0.0
 11
32.920671
 21
151.733354
 31
0.0
210
-1.0
220
-0.0000000000000002
230
0.0000000000002967
  0
LINE
  5
851
330
70
100
AcDbEntity
  8
Hidden
100
AcDbLine
 10
29.920671
 20
144.733354
 30
0.0
 11
32.920671
 21
144.733354
 31
0.0
210
-1.0
220
-0.0000000000000002
230
0.0000000000002967
  0
LINE
  5
852
330
70
100
AcDbEntity
  8
Hidden
100
AcDbLine
 10
29.920671
 20
151.983354
 30
0.0
 11
32.920671
 21
151.983354
 31
0.0
210
-1.0
220
-0.0000000000000002
230
0.0000000000002967
  0
LINE
  5
853
330
70
100
AcDbEntity
  8
Hidden
100
AcDbLine
 10
29.920671
 20
144.983354
 30
0.0
 11
32.920671
 21
144.983354
 31
0.0
210
-1.0
220
-0.0000000000000002
230
0.0000000000002967
  0
LINE
  5
854
330
70
100
AcDbEntity
  8
Hidden
100
AcDbLine
 10
56.920671
 20
133.713354
 30
0.0
 11
57.420671
 21
134.213354
 31
0.0
210
-1.0
220
-0.0000000000000002
230
0.0000000000002967
  0
LINE
  5
855
330
70
100
AcDbEntity
  8
Hidden
100
AcDbLine
 10
56.920671
 20
131.213354
 30
0.0
 11
57.420671
 21
130.713354
 31
0.0
210
-1.0
220
-0.0000000000000002
230
0.0000000000002967
  0
LINE
  5
856
330
70
100
AcDbEntity
  8
Hidden
100
AcDbLine
 10
56.920671
 20
215.213354
 30
0.0
 11
57.420671
 21
215.713354
 31
0.0
210
-1.0
220
-0.0000000000000002
230
0.0000000000002967
  0
LINE
  5
857
330
70
100
AcDbEntity
  8
Hidden
100
AcDbLine
 10
56.920671
 20
212.713354
 30
0.0
 11
57.420671
 21
212.213354
 31
0.0
210
-1.0
220
-0.0000000000000002
230
0.0000000000002967
  0
LINE
  5
858
330
70
100
AcDbEntity
  8
Hidden
100
AcDbLine
 10
47.020671
 20
133.713354
 30
0.0
 11
56.920671
 21
133.713354
 31
0.0
210
-1.0
220
-0.0000000000000002
230
0.0000000000002967
  0
LINE
  5
859
330
70
100
AcDbEntity
  8
Hidden
100
AcDbLine
 10
47.020671
 20
131.213354
 30
0.0
 11
56.920671
 21
131.213354
 31
0.0
210
-1.0
220
-0.0000000000000002
230
0.0000000000002967
  0
LINE
  5
85A
330
70
100
AcDbEntity
  8
Hidden
100
AcDbLine
 10
46.269596
 20
132.463354
 30
0.0
 11
47.020671
 21
133.713354
 31
0.0
210
-1.0
220
-0.0000000000000002
230
0.0000000000002967
  0
LINE
  5
85B
330
70
100
AcDbEntity
  8
Hidden
100
AcDbLine
 10
46.269596
 20
132.463354
 30
0.0
 11
47.020671
 21
131.213354
 31
0.0
210
-1.0
220
-0.0000000000000002
230
0.0000000000002967
  0
LINE
  5
85C
330
70
100
AcDbEntity
  8
Hidden
100
AcDbLine
 10
47.020671
 20
215.213354
 30
0.0
 11
56.920671
 21
215.213354
 31
0.0
210
-1.0
220
-0.0000000000000002
230
0.0000000000002967
  0
LINE
  5
85D
330
70
100
AcDbEntity
  8
Hidden
100
AcDbLine
 10
47.020671
 20
212.713354
 30
0.0
 11
56.920671
 21
212.713354
 31
0.0
210
-1.0
220
-0.0000000000000002
230
0.0000000000002967
  0
LINE
  5
85E
330
70
100
AcDbEntity
  8
Hidden
100
AcDbLine
 10
46.269596
 20
213.963354
 30
0.0
 11
47.020671
 21
215.213354
 31
0.0
210
-1.0
220
-0.0000000000000002
230
0.0000000000002967
  0
LINE
  5
85F
330
70
100
AcDbEntity
  8
Hidden
100
AcDbLine
 10
46.269596
 20
213.963354
 30
0.0
 11
47.020671
 21
212.713354
 31
0.0
210
-1.0
220
-0.0000000000000002
230
0.0000000000002967
  0
LINE
  5
860
330
70
100
AcDbEntity
  8
Hidden
100
AcDbLine
 10
208.814508
 20
215.213354
 30
0.0
 11
208.814508
 21
212.713354
 31
0.0
210
1.0
220
-0.0000000000000002
230
0.0000000000002967
  0
LINE
  5
861
330
70
100
AcDbEntity
  8
Hidden
100
AcDbLine
 10
208.814508
 20
133.713354
 30
0.0
 11
208.814508
 21
131.213354
 31
0.0
210
1.0
220
-0.0000000000000002
230
0.0000000000002967
  0
LINE
  5
862
330
70
100
AcDbEntity
  8
Hidden
100
AcDbLine
 10
218.714508
 20
133.713354
 30
0.0
 11
218.714508
 21
131.213354
 31
0.0
210
1.0
220
-0.0000000000000002
230
0.0000000000002967
  0
LINE
  5
863
330
70
100
AcDbEntity
  8
Hidden
100
AcDbLine
 10
218.714508
 20
215.213354
 30
0.0
 11
218.714508
 21
212.713354
 31
0.0
210
1.0
220
-0.0000000000000002
230
0.0000000000002967
  0
LINE
  5
864
330
70
100
AcDbEntity
  8
Hidden
100
AcDbLine
 10
230.314508
 20
135.713354
 30
0.0
 11
231.814508
 21
135.713354
 31
0.0
210
1.0
220
-0.0000000000000002
230
0.0000000000002967
  0
LINE
  5
865
330
70
100
AcDbEntity
  8
Hidden
100
AcDbLine
 10
208.314508
 20
135.713354
 30
0.0
 11
230.314508
 21
135.713354
 31
0.0
210
1.0
220
-0.0000000000000002
230
0.0000000000002967
  0
LINE
  5
866
330
70
100
AcDbEntity
  8
Hidden
100
AcDbLine
 10
231.814508
 20
210.713354
 30
0.0
 11
230.314508
 21
210.713354
 31
0.0
210
1.0
220
-0.0000000000000002
230
0.0000000000002967
  0
LINE
  5
867
330
70
100
AcDbEntity
  8
Hidden
100
AcDbLine
 10
230.314508
 20
210.713354
 30
0.0
 11
208.314508
 21
210.713354
 31
0.0
210
1.0
220
-0.0000000000000002
230
0.0000000000002967
  0
LINE
  5
868
330
70
100
AcDbEntity
  8
Hidden
100
AcDbLine
 10
232.814508
 20
136.713354
 30
0.0
 11
232.814508
 21
209.713354
 31
0.0
210
1.0
220
-0.0000000000000002
230
0.0000000000002967
  0
LINE
  5
869
330
70
100
AcDbEntity
  8
Hidden
100
AcDbLine
 10
232.814508
 20
209.713354
 30
0.0
 11
232.814508
 21
213.713354
 31
0.0
210
1.0
220
-0.0000000000000002
230
0.0000000000002967
  0
LINE
  5
86A
330
70
100
AcDbEntity
  8
Hidden
100
AcDbLine
 10
232.814508
 20
213.713354
 30
0.0
 11
232.814508
 21
214.713354
 31
0.0
210
1.0
220
-0.0000000000000002
230
0.0000000000002967
  0
LINE
  5
86B
330
70
100
AcDbEntity
  8
Hidden
100
AcDbLine
 10
232.814508
 20
131.713354
 30
0.0
 11
232.814508
 21
132.713354
 31
0.0
210
1.0
220
-0.0000000000000002
230
0.0000000000002967
  0
LINE
  5
86C
330
70
100
AcDbEntity
  8
Hidden
100
AcDbLine
 10
232.814508
 20
132.713354
 30
0.0
 11
232.814508
 21
136.713354
 31
0.0
210
1.0
220
-0.0000000000000002
230
0.0000000000002967
  0
LINE
  5
86D
330
70
100
AcDbEntity
  8
Hidden
100
AcDbLine
 10
230.314508
 20
217.213354
 30
0.0
 11
208.314508
 21
217.213354
 31
0.0
210
1.0
220
-0.0000000000000002
230
0.0000000000002967
  0
LINE
  5
86E
330
70
100
AcDbEntity
  8
Hidden
100
AcDbLine
 10
208.314508
 20
217.213354
 30
0.0
 11
205.814508
 21
217.213354
 31
0.0
210
1.0
220
-0.0000000000000002
230
0.0000000000002967
  0
LINE
  5
86F
330
70
100
AcDbEntity
  8
Hidden
100
AcDbLine
 10
208.314508
 20
132.213354
 30
0.0
 11
208.314508
 21
136.713354
 31
0.0
210
1.0
220
-0.0000000000000002
230
0.0000000000002967
  0
LINE
  5
870
330
70
100
AcDbEntity
  8
Hidden
100
AcDbLine
 10
208.314508
 20
209.713354
 30
0.0
 11
208.314508
 21
214.213354
 31
0.0
210
1.0
220
-0.0000000000000002
230
0.0000000000002967
  0
LINE
  5
871
330
70
100
AcDbEntity
  8
Hidden
100
AcDbLine
 10
208.314508
 20
129.213354
 30
0.0
 11
230.314508
 21
129.213354
 31
0.0
210
1.0
220
-0.0000000000000002
230
0.0000000000002967
  0
LINE
  5
872
330
70
100
AcDbEntity
  8
Hidden
100
AcDbLine
 10
205.814508
 20
129.213354
 30
0.0
 11
208.314508
 21
129.213354
 31
0.0
210
1.0
220
-0.0000000000000002
230
0.0000000000002967
  0
LINE
  5
873
330
70
100
AcDbEntity
  8
Visible
100
AcDbLine
 10
232.814508
 20
126.713354
 30
0.0
 11
205.814508
 21
126.713354
 31
0.0
210
1.0
220
-0.0000000000000002
230
0.0000000000002967
  0
LINE
  5
874
330
70
100
AcDbEntity
  8
Visible
100
AcDbLine
 10
205.814508
 20
216.713354
 30
0.0
 11
205.814508
 21
129.713354
 31
0.0
210
1.0
220
-0.0000000000000002
230
0.0000000000002967
  0
LINE
  5
875
330
70
100
AcDbEntity
  8
Visible
100
AcDbLine
 10
205.814508
 20
219.713354
 30
0.0
 11
232.814508
 21
219.713354
 31
0.0
210
1.0
220
-0.0000000000000002
230
0.0000000000002967
  0
LINE
  5
876
330
70
100
AcDbEntity
  8
Visible
100
AcDbLine
 10
205.814508
 20
129.713354
 30
0.0
 11
205.814508
 21
126.713354
 31
0.0
210
1.0
220
-0.0000000000000002
230
0.0000000000002967
  0
LINE
  5
877
330
70
100
AcDbEntity
  8
Visible
100
AcDbLine
 10
205.814508
 20
219.713354
 30
0.0
 11
205.814508
 21
216.713354
 31
0.0
210
1.0
220
-0.0000000000000002
230
0.0000000000002967
  0
LINE
  5
878
330
70
100
AcDbEntity
  8
Visible
100
AcDbLine
 10
235.814508
 20
216.713354
 30
0.0
 11
235.814508
 21
129.713354
 31
0.0
210
1.0
220
-0.0000000000000002
230
0.0000000000002967
  0
LINE
  5
879
330
70
100
AcDbEntity
  8
Hidden
100
AcDbLine
 10
208.314508
 20
132.213354
 30
0.0
 11
208.314508
 21
129.213354
 31
0.0
210
1.0
220
-0.0000000000000002
230
0.0000000000002967
  0
LINE
  5
87A
330
70
100
AcDbEntity
  8
Hidden
100
AcDbLine
 10
208.314508
 20
217.213354
 30
0.0
 11
208.314508
 21
214.213354
 31
0.0
210
1.0
220
-0.0000000000000002
230
0.0000000000002967
  0
ARC
  5
87B
330
70
100
AcDbEntity
  8
Visible
100
AcDbCircle
 10
-232.814508
 20
129.713354
 30
0.0
 40
3.000000000000005
210
0.0
220
-0.0000000000000002
230
-1.0
100
AcDbArc
 50
180.0
 51
270.0
  0
ARC
  5
87C
330
70
100
AcDbEntity
  8
Visible
100
AcDbCircle
 10
-232.814508
 20
216.713354
 30
0.0
 40
3.000000000000005
210
0.0
220
-0.0000000000000002
230
-1.0
100
AcDbArc
 50
90.0
 51
180.0
  0
ARC
  5
87D
330
70
100
AcDbEntity
  8
Hidden
100
AcDbCircle
 10
231.814508
 20
209.713354
 30
0.0
 40
1.000000000000001
100
AcDbArc
 50
0.0
 51
90.0
  0
ARC
  5
87E
330
70
100
AcDbEntity
  8
Hidden
100
AcDbCircle
 10
231.814508
 20
136.713354
 30
0.0
 40
1.000000000000001
100
AcDbArc
 50
270.0
 51
0.0
  0
ARC
  5
87F
330
70
100
AcDbEntity
  8
Hidden
100
AcDbCircle
 10
230.314508
 20
214.713354
 30
0.0
 40
2.500000000000004
100
AcDbArc
 50
0.0
 51
90.0
  0
ARC
  5
880
330
70
100
AcDbEntity
  8
Hidden
100
AcDbCircle
 10
-230.314508
 20
131.713354
 30
0.0
 40
2.500000000000004
210
0.0
220
-0.0000000000000002
230
-1.0
100
AcDbArc
 50
180.0
 51
270.0
  0
LINE
  5
881
330
70
100
AcDbEntity
  8
Hidden
100
AcDbLine
 10
213.539267
 20
126.713354
 30
0.0
 11
213.539267
 21
129.213354
 31
0.0
210
1.0
220
-0.0000000000000002
230
0.0000000000002967
  0
LINE
  5
882
330
70
100
AcDbEntity
  8
Hidden
100
AcDbLine
 10
225.539267
 20
126.713354
 30
0.0
 11
225.539267
 21
129.213354
 31
0.0
210
1.0
220
-0.0000000000000002
230
0.0000000000002967
  0
LINE
  5
883
330
70
100
AcDbEntity
  8
Hidden
100
AcDbLine
 10
213.814508
 20
126.713354
 30
0.0
 11
213.814508
 21
129.213354
 31
0.0
210
1.0
220
-0.0000000000000002
230
0.0000000000002967
  0
LINE
  5
884
330
70
100
AcDbEntity
  8
Hidden
100
AcDbLine
 10
222.814508
 20
126.713354
 30
0.0
 11
222.814508
 21
129.213354
 31
0.0
210
1.0
220
-0.0000000000000002
230
0.0000000000002967
  0
LINE
  5
885
330
70
100
AcDbEntity
  8
Hidden
100
AcDbLine
 10
235.814508
 20
201.233354
 30
0.0
 11
232.814508
 21
201.233354
 31
0.0
210
1.0
220
-0.0000000000000002
230
0.0000000000002967
  0
LINE
  5
886
330
70
100
AcDbEntity
  8
Hidden
100
AcDbLine
 10
235.814508
 20
206.233354
 30
0.0
 11
232.814508
 21
206.233354
 31
0.0
210
1.0
220
-0.0000000000000002
230
0.0000000000002967
  0
LINE
  5
887
330
70
100
AcDbEntity
  8
Hidden
100
AcDbLine
 10
235.814508
 20
196.533355
 30
0.0
 11
232.814508
 21
196.533355
 31
0.0
210
1.0
220
-0.0000000000000002
230
0.0000000000002967
  0
LINE
  5
888
330
70
100
AcDbEntity
  8
Hidden
100
AcDbLine
 10
235.814508
 20
208.533355
 30
0.0
 11
232.814508
 21
208.533355
 31
0.0
210
1.0
220
-0.0000000000000002
230
0.0000000000002967
  0
LINE
  5
889
330
70
100
AcDbEntity
  8
Hidden
100
AcDbLine
 10
235.814508
 20
193.442454
 30
0.0
 11
232.814508
 21
193.442454
 31
0.0
210
1.0
220
-0.0000000000000002
230
0.0000000000002967
  0
LINE
  5
88A
330
70
100
AcDbEntity
  8
Hidden
100
AcDbLine
 10
235.814508
 20
202.442454
 30
0.0
 11
232.814508
 21
202.442454
 31
0.0
210
1.0
220
-0.0000000000000002
230
0.0000000000002967
  0
LINE
  5
88B
330
70
100
AcDbEntity
  8
Hidden
100
AcDbLine
 10
235.814508
 20
169.233354
 30
0.0
 11
232.814508
 21
169.233354
 31
0.0
210
1.0
220
-0.0000000000000002
230
0.0000000000002967
  0
LINE
  5
88C
330
70
100
AcDbEntity
  8
Hidden
100
AcDbLine
 10
235.814508
 20
176.233354
 30
0.0
 11
232.814508
 21
176.233354
 31
0.0
210
1.0
220
-0.0000000000000002
230
0.0000000000002967
  0
LINE
  5
88D
330
70
100
AcDbEntity
  8
Hidden
100
AcDbLine
 10
235.814508
 20
144.733354
 30
0.0
 11
232.814508
 21
144.733354
 31
0.0
210
1.0
220
-0.0000000000000002
230
0.0000000000002967
  0
LINE
  5
88E
330
70
100
AcDbEntity
  8
Hidden
100
AcDbLine
 10
235.814508
 20
151.733354
 30
0.0
 11
232.814508
 21
151.733354
 31
0.0
210
1.0
220
-0.0000000000000002
230
0.0000000000002967
  0
LINE
  5
88F
330
70
100
AcDbEntity
  8
Hidden
100
AcDbLine
 10
235.814508
 20
144.983354
 30
0.0
 11
232.814508
 21
144.983354
 31
0.0
210
1.0
220
-0.0000000000000002
230
0.0000000000002967
  0
LINE
  5
890
330
70
100
AcDbEntity
  8
Hidden
100
AcDbLine
 10
235.814508
 20
151.983354
 30
0.0
 11
232.814508
 21
151.983354
 31
0.0
210
1.0
220
-0.0000000000000002
230
0.0000000000002967
  0
LINE
  5
891
330
70
100
AcDbEntity
  8
Hidden
100
AcDbLine
 10
208.814508
 20
212.713354
 30
0.0
 11
208.314508
 21
212.213354
 31
0.0
210
1.0
220
-0.0000000000000002
230
0.0000000000002967
  0
LINE
  5
892
330
70
100
AcDbEntity
  8
Hidden
100
AcDbLine
 10
208.814508
 20
215.213354
 30
0.0
 11
208.314508
 21
215.713354
 31
0.0
210
1.0
220
-0.0000000000000002
230
0.0000000000002967
  0
LINE
  5
893
330
70
100
AcDbEntity
  8
Hidden
100
AcDbLine
 10
208.814508
 20
131.213354
 30
0.0
 11
208.314508
 21
130.713354
 31
0.0
210
1.0
220
-0.0000000000000002
230
0.0000000000002967
  0
LINE
  5
894
330
70
100
AcDbEntity
  8
Hidden
100
AcDbLine
 10
208.814508
 20
133.713354
 30
0.0
 11
208.314508
 21
134.213354
 31
0.0
210
1.0
220
-0.0000000000000002
230
0.0000000000002967
  0
LINE
  5
895
330
70
100
AcDbEntity
  8
Hidden
100
AcDbLine
 10
218.714508
 20
131.213354
 30
0.0
 11
208.814508
 21
131.213354
 31
0.0
210
1.0
220
-0.0000000000000002
230
0.0000000000002967
  0
LINE
  5
896
330
70
100
AcDbEntity
  8
Hidden
100
AcDbLine
 10
218.714508
 20
133.713354
 30
0.0
 11
208.814508
 21
133.713354
 31
0.0
210
1.0
220
-0.0000000000000002
230
0.0000000000002967
  0
LINE
  5
897
330
70
100
AcDbEntity
  8
Hidden
100
AcDbLine
 10
219.465584
 20
132.463354
 30
0.0
 11
218.714508
 21
131.213354
 31
0.0
210
1.0
220
-0.0000000000000002
230
0.0000000000002967
  0
LINE
  5
898
330
70
100
AcDbEntity
  8
Hidden
100
AcDbLine
 10
219.465584
 20
132.463354
 30
0.0
 11
218.714508
 21
133.713354
 31
0.0
210
1.0
220
-0.0000000000000002
230
0.0000000000002967
  0
LINE
  5
899
330
70
100
AcDbEntity
  8
Hidden
100
AcDbLine
 10
218.714508
 20
212.713354
 30
0.0
 11
208.814508
 21
212.713354
 31
0.0
210
1.0
220
-0.0000000000000002
230
0.0000000000002967
  0
LINE
  5
89A
330
70
100
AcDbEntity
  8
Hidden
100
AcDbLine
 10
218.714508
 20
215.213354
 30
0.0
 11
208.814508
 21
215.213354
 31
0.0
210
1.0
220
-0.0000000000000002
230
0.0000000000002967
  0
LINE
  5
89B
330
70
100
AcDbEntity
  8
Hidden
100
AcDbLine
 10
219.465584
 20
213.963354
 30
0.0
 11
218.714508
 21
212.713354
 31
0.0
210
1.0
220
-0.0000000000000002
230
0.0000000000002967
  0
LINE
  5
89C
330
70
100
AcDbEntity
  8
Hidden
100
AcDbLine
 10
219.465584
 20
213.963354
 30
0.0
 11
218.714508
 21
215.213354
 31
0.0
210
1.0
220
-0.0000000000000002
230
0.0000000000002967
  0
ARC
  5
89D
330
70
100
AcDbEntity
  8
Visible
100
AcDbCircle
 10
-374.423084
 20
158.498833
 30
0.0
 40
9.921874999999989
210
0.0
220
0.0
230
-1.0
100
AcDbArc
 50
271.443826
 51
268.556174
  0
ARC
  5
89E
330
70
100
AcDbEntity
  8
Visible
100
AcDbCircle
 10
-374.423084
 20
158.498833
 30
0.0
 40
6.667499999999992
210
0.0
220
0.0
230
-1.0
100
AcDbArc
 50
92.148827
 51
267.851166
  0
ARC
  5
89F
330
70
100
AcDbEntity
  8
Visible
100
AcDbCircle
 10
-374.423084
 20
158.498833
 30
0.0
 40
6.667499999999993
210
0.0
220
0.0
230
-1.0
100
AcDbArc
 50
87.851173
 51
92.148827
  0
ARC
  5
8A0
330
70
100
AcDbEntity
  8
Visible
100
AcDbCircle
 10
-374.423084
 20
158.498833
 30
0.0
 40
6.667499999999992
210
0.0
220
0.0
230
-1.0
100
AcDbArc
 50
272.148834
 51
87.851173
  0
ARC
  5
8A1
330
70
100
AcDbEntity
  8
Visible
100
AcDbCircle
 10
374.423084
 20
158.498833
 30
0.0
 40
8.33437499999999
100
AcDbArc
 50
271.718916
 51
278.799487
  0
ARC
  5
8A2
330
70
100
AcDbEntity
  8
Visible
100
AcDbCircle
 10
374.423084
 20
158.498833
 30
0.0
 40
8.33437499999999
100
AcDbArc
 50
261.200514
 51
268.281084
  0
ARC
  5
8A3
330
70
100
AcDbEntity
  8
Visible
100
AcDbCircle
 10
-374.423084
 20
158.498833
 30
0.0
 40
6.667499999999993
210
0.0
220
0.0
230
-1.0
100
AcDbArc
 50
267.851166
 51
272.148834
  0
ARC
  5
8A4
330
70
100
AcDbEntity
  8
Visible
100
AcDbCircle
 10
374.423084
 20
158.498833
 30
0.0
 40
8.33437499999999
100
AcDbArc
 50
268.281084
 51
271.718916
  0
ARC
  5
8A5
330
70
100
AcDbEntity
  8
Visible
100
AcDbCircle
 10
-374.423084
 20
158.498833
 30
0.0
 40
8.33437499999999
210
0.0
220
0.0
230
-1.0
100
AcDbArc
 50
312.629085
 51
330.228058
  0
ARC
  5
8A6
330
70
100
AcDbEntity
  8
Visible
100
AcDbCircle
 10
-374.423084
 20
158.498833
 30
0.0
 40
8.33437499999999
210
0.0
220
0.0
230
-1.0
100
AcDbArc
 50
4.057656
 51
21.656629
  0
ARC
  5
8A7
330
70
100
AcDbEntity
  8
Visible
100
AcDbCircle
 10
-374.423084
 20
158.498833
 30
0.0
 40
8.334374999999988
210
0.0
220
0.0
230
-1.0
100
AcDbArc
 50
55.486228
 51
73.085201
  0
ARC
  5
8A8
330
70
100
AcDbEntity
  8
Visible
100
AcDbCircle
 10
-374.423084
 20
158.498833
 30
0.0
 40
8.33437499999999
210
0.0
220
0.0
230
-1.0
100
AcDbArc
 50
106.914799
 51
124.513772
  0
ARC
  5
8A9
330
70
100
AcDbEntity
  8
Visible
100
AcDbCircle
 10
-374.423084
 20
158.498833
 30
0.0
 40
8.334374999999992
210
0.0
220
0.0
230
-1.0
100
AcDbArc
 50
158.343371
 51
175.942344
  0
ARC
  5
8AA
330
70
100
AcDbEntity
  8
Visible
100
AcDbCircle
 10
-374.423084
 20
158.498833
 30
0.0
 40
8.33437499999999
210
0.0
220
0.0
230
-1.0
100
AcDbArc
 50
209.771942
 51
227.370915
  0
ARC
  5
8AB
330
70
100
AcDbEntity
  8
Visible
100
AcDbCircle
 10
368.998859
 20
147.235314
 30
0.0
 40
5.000624999999994
100
AcDbArc
 50
39.804782
 51
88.766646
  0
ARC
  5
8AC
330
70
100
AcDbEntity
  8
Visible
100
AcDbCircle
 10
362.234961
 20
155.716974
 30
0.0
 40
5.000624999999994
100
AcDbArc
 50
348.376211
 51
37.338075
  0
ARC
  5
8AD
330
70
100
AcDbEntity
  8
Visible
100
AcDbCircle
 10
364.648968
 20
166.29343
 30
0.0
 40
5.000624999999994
100
AcDbArc
 50
296.94764
 51
345.909503
  0
ARC
  5
8AE
330
70
100
AcDbEntity
  8
Visible
100
AcDbCircle
 10
374.423084
 20
171.000395
 30
0.0
 40
5.000624999999994
100
AcDbArc
 50
245.519068
 51
294.480932
  0
ARC
  5
8AF
330
70
100
AcDbEntity
  8
Visible
100
AcDbCircle
 10
384.197199
 20
166.29343
 30
0.0
 40
5.000624999999994
100
AcDbArc
 50
194.090497
 51
243.05236
  0
ARC
  5
8B0
330
70
100
AcDbEntity
  8
Visible
100
AcDbCircle
 10
386.611206
 20
155.716974
 30
0.0
 40
5.000624999999994
100
AcDbArc
 50
142.661925
 51
191.623789
  0
ARC
  5
8B1
330
70
100
AcDbEntity
  8
Visible
100
AcDbCircle
 10
379.847308
 20
147.235314
 30
0.0
 40
5.000624999999994
100
AcDbArc
 50
91.233354
 51
140.195218
  0
ARC
  5
8B2
330
70
100
AcDbEntity
  8
Visible
100
AcDbCircle
 10
-374.423084
 20
158.498833
 30
0.0
 40
9.921874999999989
210
0.0
220
0.0
230
-1.0
100
AcDbArc
 50
268.556174
 51
271.443826
  0
ELLIPSE
  5
8B3
330
70
100
AcDbEntity
  8
Visible
100
AcDbEllipse
 10
372.14276
 20
165.992499
 30
0.0
 11
0.2080248199614374
 21
0.4568716589634629
 31
0.0
210
0.0
220
0.0
230
1.0
 40
0.9974299518398188
 41
-0.0001919239788626
 42
0.7209837485538478
  0
ELLIPSE
  5
8B4
330
70
100
AcDbEntity
  8
Visible
100
AcDbEllipse
 10
376.703408
 20
165.992477
 30
0.0
 11
-0.2080331028397135
 21
0.4568898439366249
 31
0.0
210
0.0
220
0.0
230
-1.0
 40
0.9974299518609081
 41
-0.0001769098078603
 42
0.7209687444789648
  0
ELLIPSE
  5
8B5
330
70
100
AcDbEntity
  8
Visible
100
AcDbEllipse
 10
379.728963
 20
152.736669
 30
0.0
 11
-0.0108052963551946
 21
0.5018857274229348
 31
0.0
210
0.0
220
0.0
230
1.0
 40
0.9974299518368571
 41
3.141400730901904
 42
3.862576444256523
  0
ELLIPSE
  5
8B6
330
70
100
AcDbEntity
  8
Visible
100
AcDbEllipse
 10
375.619963
 20
150.757878
 30
0.0
 11
-0.3856530708383708
 21
0.3213685530006555
 31
0.0
210
0.0
220
0.0
230
-1.0
 40
0.9974299518435639
 41
3.141400732841706
 42
3.862576405969019
  0
ELLIPSE
  5
8B7
330
70
100
AcDbEntity
  8
Visible
100
AcDbEllipse
 10
382.236287
 20
159.054486
 30
0.0
 11
-0.3991270548627876
 21
0.3044727109621407
 31
0.0
210
0.0
220
0.0
230
0.9999999999999998
 40
0.9974299518391875
 41
3.141400728977269
 42
3.862576442464547
  0
ELLIPSE
  5
8B8
330
70
100
AcDbEntity
  8
Visible
100
AcDbEllipse
 10
381.221448
 20
154.608185
 30
0.0
 11
0.4917068093561033
 21
0.1011456954553852
 31
0.0
210
0.0
220
0.0
230
-1.0
 40
0.9974299518550056
 41
-0.0001919232360632
 42
0.7209837497139464
  0
ELLIPSE
  5
8B9
330
70
100
AcDbEntity
  8
Visible
100
AcDbEllipse
 10
378.860109
 20
164.953886
 30
0.0
 11
0.4868980003093382
 21
0.1222144647608015
 31
0.0
210
0.0
220
0.0
230
1.0
 40
0.9974299518563928
 41
-0.0001919200717384
 42
0.7209837926695864
  0
ELLIPSE
  5
8BA
330
70
100
AcDbEntity
  8
Visible
100
AcDbEllipse
 10
381.703626
 20
161.388229
 30
0.0
 11
0.2274952935345291
 21
0.4474951730933343
 31
0.0
210
0.0
220
0.0
230
-1.0
 40
0.9974299518354662
 41
-0.0001919257869203
 42
0.7209837465226312
  0
ELLIPSE
  5
8BB
330
70
100
AcDbEntity
  8
Visible
100
AcDbEllipse
 10
367.142542
 20
161.388229
 30
0.0
 11
-0.2274952917259623
 21
0.4474951736327184
 31
0.0
210
0.0
220
0.0
230
0.9999999999999998
 40
0.9974299518458973
 41
-0.0001919221915245
 42
0.7209837507769188
  0
ELLIPSE
  5
8BC
330
70
100
AcDbEntity
  8
Visible
100
AcDbEllipse
 10
369.986058
 20
164.953886
 30
0.0
 11
-0.486898000164218
 21
0.1222144653352767
 31
0.0
210
0.0
220
0.0
230
-1.0
 40
0.9974299518492257
 41
-0.0001919212921007
 42
0.7209837517312221
  0
ELLIPSE
  5
8BD
330
70
100
AcDbEntity
  8
Visible
100
AcDbEllipse
 10
367.624719
 20
154.608185
 30
0.0
 11
-0.4917068090351819
 21
0.1011456986052985
 31
0.0
210
0.0
220
0.0
230
1.0
 40
0.9974299518543128
 41
-0.0001919166835316
 42
0.7209837557793062
  0
ELLIPSE
  5
8BE
330
70
100
AcDbEntity
  8
Visible
100
AcDbEllipse
 10
366.60988
 20
159.054486
 30
0.0
 11
0.3991270542191509
 21
0.3044727117036658
 31
0.0
210
0.0
220
0.0
230
-1.0
 40
0.9974299518525629
 41
3.141400730881017
 42
3.862576404345098
  0
ELLIPSE
  5
8BF
330
70
100
AcDbEntity
  8
Visible
100
AcDbEllipse
 10
373.226204
 20
150.757878
 30
0.0
 11
0.3856530694625538
 21
0.3213685552453606
 31
0.0
210
0.0
220
0.0
230
1.0
 40
0.9974299518183526
 41
3.141400727970944
 42
3.862576433741948
  0
ELLIPSE
  5
8C0
330
70
100
AcDbEntity
  8
Visible
100
AcDbEllipse
 10
369.117204
 20
152.736669
 30
0.0
 11
0.0108052960196827
 21
0.5018857274297695
 31
0.0
210
0.0
220
0.0
230
-0.9999999999999998
 40
0.9974299518458575
 41
3.141400731535794
 42
3.862576404978816
  0
SPLINE
  5
8C1
330
70
100
AcDbEntity
  8
Visible
100
AcDbSpline
210
0.0
220
0.0
230
1.0
 70
     8
 71
     3
 72
     8
 73
     4
 74
     0
 42
0.000000001
 43
0.0000000001
 40
0.0
 40
0.0
 40
0.0
 40
0.0
 40
0.0207027432094728
 40
0.0207027432094728
 40
0.0207027432094728
 40
0.0207027432094728
 10
374.9044057878982
 20
166.0229885207718
 30
0.0
 10
374.968063519209
 20
166.0291443130136
 30
0.0
 10
375.0297940471792
 20
166.0363940713541
 30
0.0
 10
375.0886379976346
 20
166.0443010039835
 30
0.0
  0
SPLINE
  5
8C2
330
70
100
AcDbEntity
  8
Visible
100
AcDbSpline
210
0.0
220
0.0
230
1.0
 70
     8
 71
     3
 72
     8
 73
     4
 74
     0
 42
0.000000001
 43
0.0000000001
 40
0.0
 40
0.0
 40
0.0
 40
0.0
 40
0.0063813854650628
 40
0.0063813854650628
 40
0.0063813854650628
 40
0.0063813854650628
 10
374.4598777610808
 20
165.9999057697969
 30
0.0
 10
374.4811394027547
 20
166.0000622162206
 30
0.0
 10
374.5023911519838
 20
166.000361282935
 30
0.0
 10
374.5235896173581
 20
166.0007960705698
 30
0.0
  0
SPLINE
  5
8C3
330
70
100
AcDbEntity
  8
Visible
100
AcDbSpline
210
0.0
220
0.0
230
1.0
 70
     8
 71
     3
 72
     8
 73
     4
 74
     0
 42
0.000000001
 43
0.0000000001
 40
0.0
 40
0.0
 40
0.0
 40
0.0
 40
0.0209341025200294
 40
0.0209341025200294
 40
0.0209341025200294
 40
0.0209341025200294
 10
373.8066643839011
 20
166.0379619445248
 30
0.0
 10
373.8676407026778
 20
166.030379782851
 30
0.0
 10
373.9314183653987
 20
166.0235648623384
 30
0.0
 10
373.99695506645
 20
166.0179597616279
 30
0.0
  0
SPLINE
  5
8C4
330
70
100
AcDbEntity
  8
Visible
100
AcDbSpline
210
0.0
220
0.0
230
1.0
 70
     8
 71
     3
 72
     8
 73
     4
 74
     0
 42
0.000000001
 43
0.0000000001
 40
0.0
 40
0.0
 40
0.0
 40
0.0
 40
0.0248260361099615
 40
0.0248260361099615
 40
0.0248260361099615
 40
0.0248260361099615
 10
373.4034533197501
 20
166.1048429982638
 30
0.0
 10
373.4564486299187
 20
166.0938067261704
 30
0.0
 10
373.5148110586651
 20
166.0825366163117
 30
0.0
 10
373.5774841543916
 20
166.0717838252949
 30
0.0
  0
SPLINE
  5
8C5
330
70
100
AcDbEntity
  8
Visible
100
AcDbSpline
210
0.0
220
0.0
230
1.0
 70
     8
 71
     3
 72
     8
 73
     4
 74
     0
 42
0.000000001
 43
0.0000000001
 40
0.0
 40
0.0
 40
0.0
 40
0.0
 40
0.0250605582995507
 40
0.0250605582995507
 40
0.0250605582995507
 40
0.0250605582995507
 10
373.0783504381816
 20
166.1839710757304
 30
0.0
 10
373.0984573909118
 20
166.1783572670501
 30
0.0
 10
373.1243501884437
 20
166.1712377099193
 30
0.0
 10
373.1561149612753
 20
166.1629194932884
 30
0.0
  0
ARC
  5
8C6
330
70
100
AcDbEntity
  8
Visible
100
AcDbCircle
 10
-344.756417
 20
158.498833
 30
0.0
 40
9.921874999999989
210
0.0
220
0.0
230
-1.0
100
AcDbArc
 50
271.443826
 51
268.556174
  0
ARC
  5
8C7
330
70
100
AcDbEntity
  8
Visible
100
AcDbCircle
 10
-344.756417
 20
158.498833
 30
0.0
 40
6.667499999999992
210
0.0
220
0.0
230
-1.0
100
AcDbArc
 50
92.148827
 51
267.851166
  0
ARC
  5
8C8
330
70
100
AcDbEntity
  8
Visible
100
AcDbCircle
 10
-344.756417
 20
158.498833
 30
0.0
 40
6.667499999999993
210
0.0
220
0.0
230
-1.0
100
AcDbArc
 50
87.851173
 51
92.148827
  0
ARC
  5
8C9
330
70
100
AcDbEntity
  8
Visible
100
AcDbCircle
 10
-344.756417
 20
158.498833
 30
0.0
 40
6.667499999999992
210
0.0
220
0.0
230
-1.0
100
AcDbArc
 50
272.148834
 51
87.851173
  0
ARC
  5
8CA
330
70
100
AcDbEntity
  8
Visible
100
AcDbCircle
 10
344.756417
 20
158.498833
 30
0.0
 40
8.33437499999999
100
AcDbArc
 50
271.718916
 51
278.799487
  0
ARC
  5
8CB
330
70
100
AcDbEntity
  8
Visible
100
AcDbCircle
 10
344.756417
 20
158.498833
 30
0.0
 40
8.33437499999999
100
AcDbArc
 50
261.200514
 51
268.281084
  0
ARC
  5
8CC
330
70
100
AcDbEntity
  8
Visible
100
AcDbCircle
 10
-344.756417
 20
158.498833
 30
0.0
 40
6.667499999999993
210
0.0
220
0.0
230
-1.0
100
AcDbArc
 50
267.851166
 51
272.148834
  0
ARC
  5
8CD
330
70
100
AcDbEntity
  8
Visible
100
AcDbCircle
 10
344.756417
 20
158.498833
 30
0.0
 40
8.33437499999999
100
AcDbArc
 50
268.281084
 51
271.718916
  0
ARC
  5
8CE
330
70
100
AcDbEntity
  8
Visible
100
AcDbCircle
 10
-344.756417
 20
158.498833
 30
0.0
 40
8.33437499999999
210
0.0
220
0.0
230
-1.0
100
AcDbArc
 50
312.629085
 51
330.228058
  0
ARC
  5
8CF
330
70
100
AcDbEntity
  8
Visible
100
AcDbCircle
 10
-344.756417
 20
158.498833
 30
0.0
 40
8.33437499999999
210
0.0
220
0.0
230
-1.0
100
AcDbArc
 50
4.057656
 51
21.656629
  0
ARC
  5
8D0
330
70
100
AcDbEntity
  8
Visible
100
AcDbCircle
 10
-344.756417
 20
158.498833
 30
0.0
 40
8.334374999999988
210
0.0
220
0.0
230
-1.0
100
AcDbArc
 50
55.486228
 51
73.085201
  0
ARC
  5
8D1
330
70
100
AcDbEntity
  8
Visible
100
AcDbCircle
 10
-344.756417
 20
158.498833
 30
0.0
 40
8.33437499999999
210
0.0
220
0.0
230
-1.0
100
AcDbArc
 50
106.914799
 51
124.513772
  0
ARC
  5
8D2
330
70
100
AcDbEntity
  8
Visible
100
AcDbCircle
 10
-344.756417
 20
158.498833
 30
0.0
 40
8.334374999999992
210
0.0
220
0.0
230
-1.0
100
AcDbArc
 50
158.343371
 51
175.942344
  0
ARC
  5
8D3
330
70
100
AcDbEntity
  8
Visible
100
AcDbCircle
 10
-344.756417
 20
158.498833
 30
0.0
 40
8.33437499999999
210
0.0
220
0.0
230
-1.0
100
AcDbArc
 50
209.771942
 51
227.370915
  0
ARC
  5
8D4
330
70
100
AcDbEntity
  8
Visible
100
AcDbCircle
 10
339.332192
 20
147.235314
 30
0.0
 40
5.000624999999994
100
AcDbArc
 50
39.804782
 51
88.766646
  0
ARC
  5
8D5
330
70
100
AcDbEntity
  8
Visible
100
AcDbCircle
 10
332.568295
 20
155.716974
 30
0.0
 40
5.000624999999994
100
AcDbArc
 50
348.376211
 51
37.338075
  0
ARC
  5
8D6
330
70
100
AcDbEntity
  8
Visible
100
AcDbCircle
 10
334.982302
 20
166.29343
 30
0.0
 40
5.000624999999994
100
AcDbArc
 50
296.94764
 51
345.909503
  0
ARC
  5
8D7
330
70
100
AcDbEntity
  8
Visible
100
AcDbCircle
 10
344.756417
 20
171.000395
 30
0.0
 40
5.000624999999994
100
AcDbArc
 50
245.519068
 51
294.480932
  0
ARC
  5
8D8
330
70
100
AcDbEntity
  8
Visible
100
AcDbCircle
 10
354.530532
 20
166.29343
 30
0.0
 40
5.000624999999994
100
AcDbArc
 50
194.090497
 51
243.05236
  0
ARC
  5
8D9
330
70
100
AcDbEntity
  8
Visible
100
AcDbCircle
 10
356.944539
 20
155.716974
 30
0.0
 40
5.000624999999994
100
AcDbArc
 50
142.661925
 51
191.623789
  0
ARC
  5
8DA
330
70
100
AcDbEntity
  8
Visible
100
AcDbCircle
 10
350.180642
 20
147.235314
 30
0.0
 40
5.000624999999994
100
AcDbArc
 50
91.233354
 51
140.195218
  0
ARC
  5
8DB
330
70
100
AcDbEntity
  8
Visible
100
AcDbCircle
 10
-344.756417
 20
158.498833
 30
0.0
 40
9.921874999999989
210
0.0
220
0.0
230
-1.0
100
AcDbArc
 50
268.556174
 51
271.443826
  0
ELLIPSE
  5
8DC
330
70
100
AcDbEntity
  8
Visible
100
AcDbEllipse
 10
342.476094
 20
165.992499
 30
0.0
 11
0.2080248199614374
 21
0.4568716589634629
 31
0.0
210
0.0
220
0.0
230
1.0
 40
0.9974299518398188
 41
-0.0001919239788626
 42
0.7209837485538478
  0
ELLIPSE
  5
8DD
330
70
100
AcDbEntity
  8
Visible
100
AcDbEllipse
 10
347.036741
 20
165.992477
 30
0.0
 11
-0.2080331028397135
 21
0.4568898439366249
 31
0.0
210
0.0
220
0.0
230
-1.0
 40
0.9974299518609081
 41
-0.0001769098078603
 42
0.7209687444789648
  0
ELLIPSE
  5
8DE
330
70
100
AcDbEntity
  8
Visible
100
AcDbEllipse
 10
350.062297
 20
152.736669
 30
0.0
 11
-0.0108052963551946
 21
0.5018857274229348
 31
0.0
210
0.0
220
0.0
230
1.0
 40
0.9974299518368571
 41
3.141400730901904
 42
3.862576444256523
  0
ELLIPSE
  5
8DF
330
70
100
AcDbEntity
  8
Visible
100
AcDbEllipse
 10
345.953296
 20
150.757878
 30
0.0
 11
-0.3856530708383708
 21
0.3213685530006555
 31
0.0
210
0.0
220
0.0
230
-1.0
 40
0.9974299518435639
 41
3.141400732841706
 42
3.862576405969019
  0
ELLIPSE
  5
8E0
330
70
100
AcDbEntity
  8
Visible
100
AcDbEllipse
 10
352.56962
 20
159.054486
 30
0.0
 11
-0.3991270548627876
 21
0.3044727109621407
 31
0.0
210
0.0
220
0.0
230
0.9999999999999998
 40
0.9974299518391875
 41
3.141400728977269
 42
3.862576442464547
  0
ELLIPSE
  5
8E1
330
70
100
AcDbEntity
  8
Visible
100
AcDbEllipse
 10
351.554781
 20
154.608185
 30
0.0
 11
0.4917068093561033
 21
0.1011456954553852
 31
0.0
210
0.0
220
0.0
230
-1.0
 40
0.9974299518550056
 41
-0.0001919232360632
 42
0.7209837497139464
  0
ELLIPSE
  5
8E2
330
70
100
AcDbEntity
  8
Visible
100
AcDbEllipse
 10
349.193442
 20
164.953886
 30
0.0
 11
0.4868980003093382
 21
0.1222144647608015
 31
0.0
210
0.0
220
0.0
230
1.0
 40
0.9974299518563928
 41
-0.0001919200717384
 42
0.7209837926695864
  0
ELLIPSE
  5
8E3
330
70
100
AcDbEntity
  8
Visible
100
AcDbEllipse
 10
352.036959
 20
161.388229
 30
0.0
 11
0.2274952935345291
 21
0.4474951730933343
 31
0.0
210
0.0
220
0.0
230
-1.0
 40
0.9974299518354662
 41
-0.0001919257869203
 42
0.7209837465226312
  0
ELLIPSE
  5
8E4
330
70
100
AcDbEntity
  8
Visible
100
AcDbEllipse
 10
337.475875
 20
161.388229
 30
0.0
 11
-0.2274952917259623
 21
0.4474951736327184
 31
0.0
210
0.0
220
0.0
230
0.9999999999999998
 40
0.9974299518458973
 41
-0.0001919221915245
 42
0.7209837507769188
  0
ELLIPSE
  5
8E5
330
70
100
AcDbEntity
  8
Visible
100
AcDbEllipse
 10
340.319391
 20
164.953886
 30
0.0
 11
-0.486898000164218
 21
0.1222144653352767
 31
0.0
210
0.0
220
0.0
230
-1.0
 40
0.9974299518492257
 41
-0.0001919212921007
 42
0.7209837517312221
  0
ELLIPSE
  5
8E6
330
70
100
AcDbEntity
  8
Visible
100
AcDbEllipse
 10
337.958053
 20
154.608185
 30
0.0
 11
-0.4917068090351819
 21
0.1011456986052985
 31
0.0
210
0.0
220
0.0
230
1.0
 40
0.9974299518543128
 41
-0.0001919166835316
 42
0.7209837557793062
  0
ELLIPSE
  5
8E7
330
70
100
AcDbEntity
  8
Visible
100
AcDbEllipse
 10
336.943213
 20
159.054486
 30
0.0
 11
0.3991270542191509
 21
0.3044727117036658
 31
0.0
210
0.0
220
0.0
230
-1.0
 40
0.9974299518525629
 41
3.141400730881017
 42
3.862576404345098
  0
ELLIPSE
  5
8E8
330
70
100
AcDbEntity
  8
Visible
100
AcDbEllipse
 10
343.559537
 20
150.757878
 30
0.0
 11
0.3856530694625538
 21
0.3213685552453606
 31
0.0
210
0.0
220
0.0
230
1.0
 40
0.9974299518183526
 41
3.141400727970944
 42
3.862576433741948
  0
ELLIPSE
  5
8E9
330
70
100
AcDbEntity
  8
Visible
100
AcDbEllipse
 10
339.450537
 20
152.736669
 30
0.0
 11
0.0108052960196827
 21
0.5018857274297695
 31
0.0
210
0.0
220
0.0
230
-0.9999999999999998
 40
0.9974299518458575
 41
3.141400731535794
 42
3.862576404978816
  0
SPLINE
  5
8EA
330
70
100
AcDbEntity
  8
Visible
100
AcDbSpline
210
0.0
220
0.0
230
1.0
 70
     8
 71
     3
 72
     8
 73
     4
 74
     0
 42
0.000000001
 43
0.0000000001
 40
0.0
 40
0.0
 40
0.0
 40
0.0
 40
0.0207027432094728
 40
0.0207027432094728
 40
0.0207027432094728
 40
0.0207027432094728
 10
345.2377391212321
 20
166.0229885207718
 30
0.0
 10
345.3013968525429
 20
166.0291443130136
 30
0.0
 10
345.3631273805131
 20
166.0363940713541
 30
0.0
 10
345.4219713309667
 20
166.0443010039835
 30
0.0
  0
SPLINE
  5
8EB
330
70
100
AcDbEntity
  8
Visible
100
AcDbSpline
210
0.0
220
0.0
230
1.0
 70
     8
 71
     3
 72
     8
 73
     4
 74
     0
 42
0.000000001
 43
0.0000000001
 40
0.0
 40
0.0
 40
0.0
 40
0.0
 40
0.0063813854650628
 40
0.0063813854650628
 40
0.0063813854650628
 40
0.0063813854650628
 10
344.7932110944148
 20
165.9999057697969
 30
0.0
 10
344.8144727360887
 20
166.0000622162206
 30
0.0
 10
344.8357244853178
 20
166.000361282935
 30
0.0
 10
344.8569229506902
 20
166.0007960705698
 30
0.0
  0
SPLINE
  5
8EC
330
70
100
AcDbEntity
  8
Visible
100
AcDbSpline
210
0.0
220
0.0
230
1.0
 70
     8
 71
     3
 72
     8
 73
     4
 74
     0
 42
0.000000001
 43
0.0000000001
 40
0.0
 40
0.0
 40
0.0
 40
0.0
 40
0.0209341025200294
 40
0.0209341025200294
 40
0.0209341025200294
 40
0.0209341025200294
 10
344.139997717235
 20
166.0379619445248
 30
0.0
 10
344.2009740360099
 20
166.030379782851
 30
0.0
 10
344.2647516987308
 20
166.0235648623384
 30
0.0
 10
344.3302883997822
 20
166.0179597616279
 30
0.0
  0
SPLINE
  5
8ED
330
70
100
AcDbEntity
  8
Visible
100
AcDbSpline
210
0.0
220
0.0
230
1.0
 70
     8
 71
     3
 72
     8
 73
     4
 74
     0
 42
0.000000001
 43
0.0000000001
 40
0.0
 40
0.0
 40
0.0
 40
0.0
 40
0.0248260361099615
 40
0.0248260361099615
 40
0.0248260361099615
 40
0.0248260361099615
 10
343.736786653084
 20
166.1048429982638
 30
0.0
 10
343.7897819632526
 20
166.0938067261704
 30
0.0
 10
343.8481443919973
 20
166.0825366163117
 30
0.0
 10
343.9108174877256
 20
166.0717838252949
 30
0.0
  0
SPLINE
  5
8EE
330
70
100
AcDbEntity
  8
Visible
100
AcDbSpline
210
0.0
220
0.0
230
1.0
 70
     8
 71
     3
 72
     8
 73
     4
 74
     0
 42
0.000000001
 43
0.0000000001
 40
0.0
 40
0.0
 40
0.0
 40
0.0
 40
0.0250605582995507
 40
0.0250605582995507
 40
0.0250605582995507
 40
0.0250605582995507
 10
343.4116837715155
 20
166.1839710757304
 30
0.0
 10
343.4317907242439
 20
166.1783572670501
 30
0.0
 10
343.4576835217777
 20
166.1712377099193
 30
0.0
 10
343.4894482946074
 20
166.1629194932884
 30
0.0
  0
ARC
  5
8EF
330
70
100
AcDbEntity
  8
Visible
100
AcDbCircle
 10
-315.08975
 20
158.498833
 30
0.0
 40
9.921874999999989
210
0.0
220
0.0
230
-1.0
100
AcDbArc
 50
271.443826
 51
268.556174
  0
ARC
  5
8F0
330
70
100
AcDbEntity
  8
Visible
100
AcDbCircle
 10
-315.08975
 20
158.498833
 30
0.0
 40
6.667499999999992
210
0.0
220
0.0
230
-1.0
100
AcDbArc
 50
92.148827
 51
267.851166
  0
ARC
  5
8F1
330
70
100
AcDbEntity
  8
Visible
100
AcDbCircle
 10
-315.08975
 20
158.498833
 30
0.0
 40
6.667499999999993
210
0.0
220
0.0
230
-1.0
100
AcDbArc
 50
87.851173
 51
92.148827
  0
ARC
  5
8F2
330
70
100
AcDbEntity
  8
Visible
100
AcDbCircle
 10
-315.08975
 20
158.498833
 30
0.0
 40
6.667499999999992
210
0.0
220
0.0
230
-1.0
100
AcDbArc
 50
272.148834
 51
87.851173
  0
ARC
  5
8F3
330
70
100
AcDbEntity
  8
Visible
100
AcDbCircle
 10
315.08975
 20
158.498833
 30
0.0
 40
8.33437499999999
100
AcDbArc
 50
271.718916
 51
278.799487
  0
ARC
  5
8F4
330
70
100
AcDbEntity
  8
Visible
100
AcDbCircle
 10
315.08975
 20
158.498833
 30
0.0
 40
8.33437499999999
100
AcDbArc
 50
261.200514
 51
268.281084
  0
ARC
  5
8F5
330
70
100
AcDbEntity
  8
Visible
100
AcDbCircle
 10
-315.08975
 20
158.498833
 30
0.0
 40
6.667499999999993
210
0.0
220
0.0
230
-1.0
100
AcDbArc
 50
267.851166
 51
272.148834
  0
ARC
  5
8F6
330
70
100
AcDbEntity
  8
Visible
100
AcDbCircle
 10
315.08975
 20
158.498833
 30
0.0
 40
8.33437499999999
100
AcDbArc
 50
268.281084
 51
271.718916
  0
ARC
  5
8F7
330
70
100
AcDbEntity
  8
Visible
100
AcDbCircle
 10
-315.08975
 20
158.498833
 30
0.0
 40
8.33437499999999
210
0.0
220
0.0
230
-1.0
100
AcDbArc
 50
312.629085
 51
330.228058
  0
ARC
  5
8F8
330
70
100
AcDbEntity
  8
Visible
100
AcDbCircle
 10
-315.08975
 20
158.498833
 30
0.0
 40
8.33437499999999
210
0.0
220
0.0
230
-1.0
100
AcDbArc
 50
4.057656
 51
21.656629
  0
ARC
  5
8F9
330
70
100
AcDbEntity
  8
Visible
100
AcDbCircle
 10
-315.08975
 20
158.498833
 30
0.0
 40
8.334374999999988
210
0.0
220
0.0
230
-1.0
100
AcDbArc
 50
55.486228
 51
73.085201
  0
ARC
  5
8FA
330
70
100
AcDbEntity
  8
Visible
100
AcDbCircle
 10
-315.08975
 20
158.498833
 30
0.0
 40
8.33437499999999
210
0.0
220
0.0
230
-1.0
100
AcDbArc
 50
106.914799
 51
124.513772
  0
ARC
  5
8FB
330
70
100
AcDbEntity
  8
Visible
100
AcDbCircle
 10
-315.08975
 20
158.498833
 30
0.0
 40
8.334374999999992
210
0.0
220
0.0
230
-1.0
100
AcDbArc
 50
158.343371
 51
175.942344
  0
ARC
  5
8FC
330
70
100
AcDbEntity
  8
Visible
100
AcDbCircle
 10
-315.08975
 20
158.498833
 30
0.0
 40
8.33437499999999
210
0.0
220
0.0
230
-1.0
100
AcDbArc
 50
209.771942
 51
227.370915
  0
ARC
  5
8FD
330
70
100
AcDbEntity
  8
Visible
100
AcDbCircle
 10
309.665526
 20
147.235314
 30
0.0
 40
5.000624999999994
100
AcDbArc
 50
39.804782
 51
88.766646
  0
ARC
  5
8FE
330
70
100
AcDbEntity
  8
Visible
100
AcDbCircle
 10
302.901628
 20
155.716974
 30
0.0
 40
5.000624999999994
100
AcDbArc
 50
348.376211
 51
37.338075
  0
ARC
  5
8FF
330
70
100
AcDbEntity
  8
Visible
100
AcDbCircle
 10
305.315635
 20
166.29343
 30
0.0
 40
5.000624999999994
100
AcDbArc
 50
296.94764
 51
345.909503
  0
ARC
  5
900
330
70
100
AcDbEntity
  8
Visible
100
AcDbCircle
 10
315.08975
 20
171.000395
 30
0.0
 40
5.000624999999994
100
AcDbArc
 50
245.519068
 51
294.480932
  0
ARC
  5
901
330
70
100
AcDbEntity
  8
Visible
100
AcDbCircle
 10
324.863865
 20
166.29343
 30
0.0
 40
5.000624999999994
100
AcDbArc
 50
194.090497
 51
243.05236
  0
ARC
  5
902
330
70
100
AcDbEntity
  8
Visible
100
AcDbCircle
 10
327.277872
 20
155.716974
 30
0.0
 40
5.000624999999994
100
AcDbArc
 50
142.661925
 51
191.623789
  0
ARC
  5
903
330
70
100
AcDbEntity
  8
Visible
100
AcDbCircle
 10
320.513975
 20
147.235314
 30
0.0
 40
5.000624999999994
100
AcDbArc
 50
91.233354
 51
140.195218
  0
ARC
  5
904
330
70
100
AcDbEntity
  8
Visible
100
AcDbCircle
 10
-315.08975
 20
158.498833
 30
0.0
 40
9.921874999999989
210
0.0
220
0.0
230
-1.0
100
AcDbArc
 50
268.556174
 51
271.443826
  0
ELLIPSE
  5
905
330
70
100
AcDbEntity
  8
Visible
100
AcDbEllipse
 10
312.809427
 20
165.992499
 30
0.0
 11
0.2080248199614374
 21
0.4568716589634629
 31
0.0
210
0.0
220
0.0
230
1.0
 40
0.9974299518398188
 41
-0.0001919239788626
 42
0.7209837485538478
  0
ELLIPSE
  5
906
330
70
100
AcDbEntity
  8
Visible
100
AcDbEllipse
 10
317.370075
 20
165.992477
 30
0.0
 11
-0.2080331028397135
 21
0.4568898439366249
 31
0.0
210
0.0
220
0.0
230
-1.0
 40
0.9974299518609081
 41
-0.0001769098078603
 42
0.7209687444789648
  0
ELLIPSE
  5
907
330
70
100
AcDbEntity
  8
Visible
100
AcDbEllipse
 10
320.39563
 20
152.736669
 30
0.0
 11
-0.0108052963551946
 21
0.5018857274229348
 31
0.0
210
0.0
220
0.0
230
1.0
 40
0.9974299518368571
 41
3.141400730901904
 42
3.862576444256523
  0
ELLIPSE
  5
908
330
70
100
AcDbEntity
  8
Visible
100
AcDbEllipse
 10
316.28663
 20
150.757878
 30
0.0
 11
-0.3856530708383708
 21
0.3213685530006555
 31
0.0
210
0.0
220
0.0
230
-1.0
 40
0.9974299518435639
 41
3.141400732841706
 42
3.862576405969019
  0
ELLIPSE
  5
909
330
70
100
AcDbEntity
  8
Visible
100
AcDbEllipse
 10
322.902954
 20
159.054486
 30
0.0
 11
-0.3991270548627876
 21
0.3044727109621407
 31
0.0
210
0.0
220
0.0
230
0.9999999999999998
 40
0.9974299518391875
 41
3.141400728977269
 42
3.862576442464547
  0
ELLIPSE
  5
90A
330
70
100
AcDbEntity
  8
Visible
100
AcDbEllipse
 10
321.888114
 20
154.608185
 30
0.0
 11
0.4917068093561033
 21
0.1011456954553852
 31
0.0
210
0.0
220
0.0
230
-1.0
 40
0.9974299518550056
 41
-0.0001919232360632
 42
0.7209837497139464
  0
ELLIPSE
  5
90B
330
70
100
AcDbEntity
  8
Visible
100
AcDbEllipse
 10
319.526776
 20
164.953886
 30
0.0
 11
0.4868980003093382
 21
0.1222144647608015
 31
0.0
210
0.0
220
0.0
230
1.0
 40
0.9974299518563928
 41
-0.0001919200717384
 42
0.7209837926695864
  0
ELLIPSE
  5
90C
330
70
100
AcDbEntity
  8
Visible
100
AcDbEllipse
 10
322.370292
 20
161.388229
 30
0.0
 11
0.2274952935345291
 21
0.4474951730933343
 31
0.0
210
0.0
220
0.0
230
-1.0
 40
0.9974299518354662
 41
-0.0001919257869203
 42
0.7209837465226312
  0
ELLIPSE
  5
90D
330
70
100
AcDbEntity
  8
Visible
100
AcDbEllipse
 10
307.809208
 20
161.388229
 30
0.0
 11
-0.2274952917259623
 21
0.4474951736327184
 31
0.0
210
0.0
220
0.0
230
0.9999999999999998
 40
0.9974299518458973
 41
-0.0001919221915245
 42
0.7209837507769188
  0
ELLIPSE
  5
90E
330
70
100
AcDbEntity
  8
Visible
100
AcDbEllipse
 10
310.652725
 20
164.953886
 30
0.0
 11
-0.486898000164218
 21
0.1222144653352767
 31
0.0
210
0.0
220
0.0
230
-1.0
 40
0.9974299518492257
 41
-0.0001919212921007
 42
0.7209837517312221
  0
ELLIPSE
  5
90F
330
70
100
AcDbEntity
  8
Visible
100
AcDbEllipse
 10
308.291386
 20
154.608185
 30
0.0
 11
-0.4917068090351819
 21
0.1011456986052985
 31
0.0
210
0.0
220
0.0
230
1.0
 40
0.9974299518543128
 41
-0.0001919166835316
 42
0.7209837557793062
  0
ELLIPSE
  5
910
330
70
100
AcDbEntity
  8
Visible
100
AcDbEllipse
 10
307.276547
 20
159.054486
 30
0.0
 11
0.3991270542191509
 21
0.3044727117036658
 31
0.0
210
0.0
220
0.0
230
-1.0
 40
0.9974299518525629
 41
3.141400730881017
 42
3.862576404345098
  0
ELLIPSE
  5
911
330
70
100
AcDbEntity
  8
Visible
100
AcDbEllipse
 10
313.892871
 20
150.757878
 30
0.0
 11
0.3856530694625538
 21
0.3213685552453606
 31
0.0
210
0.0
220
0.0
230
1.0
 40
0.9974299518183526
 41
3.141400727970944
 42
3.862576433741948
  0
ELLIPSE
  5
912
330
70
100
AcDbEntity
  8
Visible
100
AcDbEllipse
 10
309.78387
 20
152.736669
 30
0.0
 11
0.0108052960196827
 21
0.5018857274297695
 31
0.0
210
0.0
220
0.0
230
-0.9999999999999998
 40
0.9974299518458575
 41
3.141400731535794
 42
3.862576404978816
  0
SPLINE
  5
913
330
70
100
AcDbEntity
  8
Visible
100
AcDbSpline
210
0.0
220
0.0
230
1.0
 70
     8
 71
     3
 72
     8
 73
     4
 74
     0
 42
0.000000001
 43
0.0000000001
 40
0.0
 40
0.0
 40
0.0
 40
0.0
 40
0.0207027432094728
 40
0.0207027432094728
 40
0.0207027432094728
 40
0.0207027432094728
 10
315.5710724545661
 20
166.0229885207718
 30
0.0
 10
315.634730185875
 20
166.0291443130136
 30
0.0
 10
315.6964607138452
 20
166.0363940713541
 30
0.0
 10
315.7553046643006
 20
166.0443010039835
 30
0.0
  0
SPLINE
  5
914
330
70
100
AcDbEntity
  8
Visible
100
AcDbSpline
210
0.0
220
0.0
230
1.0
 70
     8
 71
     3
 72
     8
 73
     4
 74
     0
 42
0.000000001
 43
0.0000000001
 40
0.0
 40
0.0
 40
0.0
 40
0.0
 40
0.0063813854650628
 40
0.0063813854650628
 40
0.0063813854650628
 40
0.0063813854650628
 10
315.1265444277488
 20
165.9999057697969
 30
0.0
 10
315.1478060694226
 20
166.0000622162206
 30
0.0
 10
315.1690578186499
 20
166.000361282935
 30
0.0
 10
315.1902562840242
 20
166.0007960705698
 30
0.0
  0
SPLINE
  5
915
330
70
100
AcDbEntity
  8
Visible
100
AcDbSpline
210
0.0
220
0.0
230
1.0
 70
     8
 71
     3
 72
     8
 73
     4
 74
     0
 42
0.000000001
 43
0.0000000001
 40
0.0
 40
0.0
 40
0.0
 40
0.0
 40
0.0209341025200294
 40
0.0209341025200294
 40
0.0209341025200294
 40
0.0209341025200294
 10
314.473331050569
 20
166.0379619445248
 30
0.0
 10
314.5343073693439
 20
166.030379782851
 30
0.0
 10
314.5980850320648
 20
166.0235648623384
 30
0.0
 10
314.6636217331161
 20
166.0179597616279
 30
0.0
  0
SPLINE
  5
916
330
70
100
AcDbEntity
  8
Visible
100
AcDbSpline
210
0.0
220
0.0
230
1.0
 70
     8
 71
     3
 72
     8
 73
     4
 74
     0
 42
0.000000001
 43
0.0000000001
 40
0.0
 40
0.0
 40
0.0
 40
0.0
 40
0.0248260361099615
 40
0.0248260361099615
 40
0.0248260361099615
 40
0.0248260361099615
 10
314.0701199864179
 20
166.1048429982638
 30
0.0
 10
314.1231152965847
 20
166.0938067261704
 30
0.0
 10
314.1814777253312
 20
166.0825366163117
 30
0.0
 10
314.2441508210577
 20
166.0717838252949
 30
0.0
  0
SPLINE
  5
917
330
70
100
AcDbEntity
  8
Visible
100
AcDbSpline
210
0.0
220
0.0
230
1.0
 70
     8
 71
     3
 72
     8
 73
     4
 74
     0
 42
0.000000001
 43
0.0000000001
 40
0.0
 40
0.0
 40
0.0
 40
0.0
 40
0.0250605582995507
 40
0.0250605582995507
 40
0.0250605582995507
 40
0.0250605582995507
 10
313.7450171048477
 20
166.1839710757304
 30
0.0
 10
313.7651240575778
 20
166.1783572670501
 30
0.0
 10
313.7910168551116
 20
166.1712377099193
 30
0.0
 10
313.8227816279414
 20
166.1629194932884
 30
0.0
  0
ARC
  5
918
330
70
100
AcDbEntity
  8
Visible
100
AcDbCircle
 10
-285.423084
 20
158.498833
 30
0.0
 40
9.921874999999989
210
0.0
220
0.0
230
-1.0
100
AcDbArc
 50
271.443826
 51
268.556174
  0
ARC
  5
919
330
70
100
AcDbEntity
  8
Visible
100
AcDbCircle
 10
-285.423084
 20
158.498833
 30
0.0
 40
6.667499999999992
210
0.0
220
0.0
230
-1.0
100
AcDbArc
 50
92.148827
 51
267.851166
  0
ARC
  5
91A
330
70
100
AcDbEntity
  8
Visible
100
AcDbCircle
 10
-285.423084
 20
158.498833
 30
0.0
 40
6.667499999999993
210
0.0
220
0.0
230
-1.0
100
AcDbArc
 50
87.851173
 51
92.148827
  0
ARC
  5
91B
330
70
100
AcDbEntity
  8
Visible
100
AcDbCircle
 10
-285.423084
 20
158.498833
 30
0.0
 40
6.667499999999992
210
0.0
220
0.0
230
-1.0
100
AcDbArc
 50
272.148834
 51
87.851173
  0
ARC
  5
91C
330
70
100
AcDbEntity
  8
Visible
100
AcDbCircle
 10
285.423084
 20
158.498833
 30
0.0
 40
8.33437499999999
100
AcDbArc
 50
271.718916
 51
278.799487
  0
ARC
  5
91D
330
70
100
AcDbEntity
  8
Visible
100
AcDbCircle
 10
285.423084
 20
158.498833
 30
0.0
 40
8.33437499999999
100
AcDbArc
 50
261.200514
 51
268.281084
  0
ARC
  5
91E
330
70
100
AcDbEntity
  8
Visible
100
AcDbCircle
 10
-285.423084
 20
158.498833
 30
0.0
 40
6.667499999999993
210
0.0
220
0.0
230
-1.0
100
AcDbArc
 50
267.851166
 51
272.148834
  0
ARC
  5
91F
330
70
100
AcDbEntity
  8
Visible
100
AcDbCircle
 10
285.423084
 20
158.498833
 30
0.0
 40
8.33437499999999
100
AcDbArc
 50
268.281084
 51
271.718916
  0
ARC
  5
920
330
70
100
AcDbEntity
  8
Visible
100
AcDbCircle
 10
-285.423084
 20
158.498833
 30
0.0
 40
8.33437499999999
210
0.0
220
0.0
230
-1.0
100
AcDbArc
 50
312.629085
 51
330.228058
  0
ARC
  5
921
330
70
100
AcDbEntity
  8
Visible
100
AcDbCircle
 10
-285.423084
 20
158.498833
 30
0.0
 40
8.33437499999999
210
0.0
220
0.0
230
-1.0
100
AcDbArc
 50
4.057656
 51
21.656629
  0
ARC
  5
922
330
70
100
AcDbEntity
  8
Visible
100
AcDbCircle
 10
-285.423084
 20
158.498833
 30
0.0
 40
8.334374999999988
210
0.0
220
0.0
230
-1.0
100
AcDbArc
 50
55.486228
 51
73.085201
  0
ARC
  5
923
330
70
100
AcDbEntity
  8
Visible
100
AcDbCircle
 10
-285.423084
 20
158.498833
 30
0.0
 40
8.33437499999999
210
0.0
220
0.0
230
-1.0
100
AcDbArc
 50
106.914799
 51
124.513772
  0
ARC
  5
924
330
70
100
AcDbEntity
  8
Visible
100
AcDbCircle
 10
-285.423084
 20
158.498833
 30
0.0
 40
8.334374999999992
210
0.0
220
0.0
230
-1.0
100
AcDbArc
 50
158.343371
 51
175.942344
  0
ARC
  5
925
330
70
100
AcDbEntity
  8
Visible
100
AcDbCircle
 10
-285.423084
 20
158.498833
 30
0.0
 40
8.33437499999999
210
0.0
220
0.0
230
-1.0
100
AcDbArc
 50
209.771942
 51
227.370915
  0
ARC
  5
926
330
70
100
AcDbEntity
  8
Visible
100
AcDbCircle
 10
279.998859
 20
147.235314
 30
0.0
 40
5.000624999999994
100
AcDbArc
 50
39.804782
 51
88.766646
  0
ARC
  5
927
330
70
100
AcDbEntity
  8
Visible
100
AcDbCircle
 10
273.234961
 20
155.716974
 30
0.0
 40
5.000624999999994
100
AcDbArc
 50
348.376211
 51
37.338075
  0
ARC
  5
928
330
70
100
AcDbEntity
  8
Visible
100
AcDbCircle
 10
275.648968
 20
166.29343
 30
0.0
 40
5.000624999999994
100
AcDbArc
 50
296.94764
 51
345.909503
  0
ARC
  5
929
330
70
100
AcDbEntity
  8
Visible
100
AcDbCircle
 10
285.423084
 20
171.000395
 30
0.0
 40
5.000624999999994
100
AcDbArc
 50
245.519068
 51
294.480932
  0
ARC
  5
92A
330
70
100
AcDbEntity
  8
Visible
100
AcDbCircle
 10
295.197199
 20
166.29343
 30
0.0
 40
5.000624999999994
100
AcDbArc
 50
194.090497
 51
243.05236
  0
ARC
  5
92B
330
70
100
AcDbEntity
  8
Visible
100
AcDbCircle
 10
297.611206
 20
155.716974
 30
0.0
 40
5.000624999999994
100
AcDbArc
 50
142.661925
 51
191.623789
  0
ARC
  5
92C
330
70
100
AcDbEntity
  8
Visible
100
AcDbCircle
 10
290.847308
 20
147.235314
 30
0.0
 40
5.000624999999994
100
AcDbArc
 50
91.233354
 51
140.195218
  0
ARC
  5
92D
330
70
100
AcDbEntity
  8
Visible
100
AcDbCircle
 10
-285.423084
 20
158.498833
 30
0.0
 40
9.921874999999989
210
0.0
220
0.0
230
-1.0
100
AcDbArc
 50
268.556174
 51
271.443826
  0
ELLIPSE
  5
92E
330
70
100
AcDbEntity
  8
Visible
100
AcDbEllipse
 10
283.14276
 20
165.992499
 30
0.0
 11
0.2080248199614374
 21
0.4568716589634629
 31
0.0
210
0.0
220
0.0
230
1.0
 40
0.9974299518398188
 41
-0.0001919239788626
 42
0.7209837485538478
  0
ELLIPSE
  5
92F
330
70
100
AcDbEntity
  8
Visible
100
AcDbEllipse
 10
287.703408
 20
165.992477
 30
0.0
 11
-0.2080331028397135
 21
0.4568898439366249
 31
0.0
210
0.0
220
0.0
230
-1.0
 40
0.9974299518609081
 41
-0.0001769098078603
 42
0.7209687444789648
  0
ELLIPSE
  5
930
330
70
100
AcDbEntity
  8
Visible
100
AcDbEllipse
 10
290.728963
 20
152.736669
 30
0.0
 11
-0.0108052963551946
 21
0.5018857274229348
 31
0.0
210
0.0
220
0.0
230
1.0
 40
0.9974299518368571
 41
3.141400730901904
 42
3.862576444256523
  0
ELLIPSE
  5
931
330
70
100
AcDbEntity
  8
Visible
100
AcDbEllipse
 10
286.619963
 20
150.757878
 30
0.0
 11
-0.3856530708383708
 21
0.3213685530006555
 31
0.0
210
0.0
220
0.0
230
-1.0
 40
0.9974299518435639
 41
3.141400732841706
 42
3.862576405969019
  0
ELLIPSE
  5
932
330
70
100
AcDbEntity
  8
Visible
100
AcDbEllipse
 10
293.236287
 20
159.054486
 30
0.0
 11
-0.3991270548627876
 21
0.3044727109621407
 31
0.0
210
0.0
220
0.0
230
0.9999999999999998
 40
0.9974299518391875
 41
3.141400728977269
 42
3.862576442464547
  0
ELLIPSE
  5
933
330
70
100
AcDbEntity
  8
Visible
100
AcDbEllipse
 10
292.221448
 20
154.608185
 30
0.0
 11
0.4917068093561033
 21
0.1011456954553852
 31
0.0
210
0.0
220
0.0
230
-1.0
 40
0.9974299518550056
 41
-0.0001919232360632
 42
0.7209837497139464
  0
ELLIPSE
  5
934
330
70
100
AcDbEntity
  8
Visible
100
AcDbEllipse
 10
289.860109
 20
164.953886
 30
0.0
 11
0.4868980003093382
 21
0.1222144647608015
 31
0.0
210
0.0
220
0.0
230
1.0
 40
0.9974299518563928
 41
-0.0001919200717384
 42
0.7209837926695864
  0
ELLIPSE
  5
935
330
70
100
AcDbEntity
  8
Visible
100
AcDbEllipse
 10
292.703626
 20
161.388229
 30
0.0
 11
0.2274952935345291
 21
0.4474951730933343
 31
0.0
210
0.0
220
0.0
230
-1.0
 40
0.9974299518354662
 41
-0.0001919257869203
 42
0.7209837465226312
  0
ELLIPSE
  5
936
330
70
100
AcDbEntity
  8
Visible
100
AcDbEllipse
 10
278.142542
 20
161.388229
 30
0.0
 11
-0.2274952917259623
 21
0.4474951736327184
 31
0.0
210
0.0
220
0.0
230
0.9999999999999998
 40
0.9974299518458973
 41
-0.0001919221915245
 42
0.7209837507769188
  0
ELLIPSE
  5
937
330
70
100
AcDbEntity
  8
Visible
100
AcDbEllipse
 10
280.986058
 20
164.953886
 30
0.0
 11
-0.486898000164218
 21
0.1222144653352767
 31
0.0
210
0.0
220
0.0
230
-1.0
 40
0.9974299518492257
 41
-0.0001919212921007
 42
0.7209837517312221
  0
ELLIPSE
  5
938
330
70
100
AcDbEntity
  8
Visible
100
AcDbEllipse
 10
278.624719
 20
154.608185
 30
0.0
 11
-0.4917068090351819
 21
0.1011456986052985
 31
0.0
210
0.0
220
0.0
230
1.0
 40
0.9974299518543128
 41
-0.0001919166835316
 42
0.7209837557793062
  0
ELLIPSE
  5
939
330
70
100
AcDbEntity
  8
Visible
100
AcDbEllipse
 10
277.60988
 20
159.054486
 30
0.0
 11
0.3991270542191509
 21
0.3044727117036658
 31
0.0
210
0.0
220
0.0
230
-1.0
 40
0.9974299518525629
 41
3.141400730881017
 42
3.862576404345098
  0
ELLIPSE
  5
93A
330
70
100
AcDbEntity
  8
Visible
100
AcDbEllipse
 10
284.226204
 20
150.757878
 30
0.0
 11
0.3856530694625538
 21
0.3213685552453606
 31
0.0
210
0.0
220
0.0
230
1.0
 40
0.9974299518183526
 41
3.141400727970944
 42
3.862576433741948
  0
ELLIPSE
  5
93B
330
70
100
AcDbEntity
  8
Visible
100
AcDbEllipse
 10
280.117204
 20
152.736669
 30
0.0
 11
0.0108052960196827
 21
0.5018857274297695
 31
0.0
210
0.0
220
0.0
230
-0.9999999999999998
 40
0.9974299518458575
 41
3.141400731535794
 42
3.862576404978816
  0
SPLINE
  5
93C
330
70
100
AcDbEntity
  8
Visible
100
AcDbSpline
210
0.0
220
0.0
230
1.0
 70
     8
 71
     3
 72
     8
 73
     4
 74
     0
 42
0.000000001
 43
0.0000000001
 40
0.0
 40
0.0
 40
0.0
 40
0.0
 40
0.0207027432094728
 40
0.0207027432094728
 40
0.0207027432094728
 40
0.0207027432094728
 10
285.9044057878982
 20
166.0229885207718
 30
0.0
 10
285.968063519209
 20
166.0291443130136
 30
0.0
 10
286.0297940471792
 20
166.0363940713541
 30
0.0
 10
286.0886379976346
 20
166.0443010039835
 30
0.0
  0
SPLINE
  5
93D
330
70
100
AcDbEntity
  8
Visible
100
AcDbSpline
210
0.0
220
0.0
230
1.0
 70
     8
 71
     3
 72
     8
 73
     4
 74
     0
 42
0.000000001
 43
0.0000000001
 40
0.0
 40
0.0
 40
0.0
 40
0.0
 40
0.0063813854650628
 40
0.0063813854650628
 40
0.0063813854650628
 40
0.0063813854650628
 10
285.4598777610809
 20
165.9999057697969
 30
0.0
 10
285.4811394027547
 20
166.0000622162206
 30
0.0
 10
285.5023911519838
 20
166.000361282935
 30
0.0
 10
285.5235896173581
 20
166.0007960705698
 30
0.0
  0
SPLINE
  5
93E
330
70
100
AcDbEntity
  8
Visible
100
AcDbSpline
210
0.0
220
0.0
230
1.0
 70
     8
 71
     3
 72
     8
 73
     4
 74
     0
 42
0.000000001
 43
0.0000000001
 40
0.0
 40
0.0
 40
0.0
 40
0.0
 40
0.0209341025200294
 40
0.0209341025200294
 40
0.0209341025200294
 40
0.0209341025200294
 10
284.8066643839011
 20
166.0379619445248
 30
0.0
 10
284.8676407026778
 20
166.030379782851
 30
0.0
 10
284.9314183653987
 20
166.0235648623384
 30
0.0
 10
284.99695506645
 20
166.0179597616279
 30
0.0
  0
SPLINE
  5
93F
330
70
100
AcDbEntity
  8
Visible
100
AcDbSpline
210
0.0
220
0.0
230
1.0
 70
     8
 71
     3
 72
     8
 73
     4
 74
     0
 42
0.000000001
 43
0.0000000001
 40
0.0
 40
0.0
 40
0.0
 40
0.0
 40
0.0248260361099615
 40
0.0248260361099615
 40
0.0248260361099615
 40
0.0248260361099615
 10
284.40345331975
 20
166.1048429982638
 30
0.0
 10
284.4564486299187
 20
166.0938067261704
 30
0.0
 10
284.5148110586651
 20
166.0825366163117
 30
0.0
 10
284.5774841543916
 20
166.0717838252949
 30
0.0
  0
SPLINE
  5
940
330
70
100
AcDbEntity
  8
Visible
100
AcDbSpline
210
0.0
220
0.0
230
1.0
 70
     8
 71
     3
 72
     8
 73
     4
 74
     0
 42
0.000000001
 43
0.0000000001
 40
0.0
 40
0.0
 40
0.0
 40
0.0
 40
0.0250605582995507
 40
0.0250605582995507
 40
0.0250605582995507
 40
0.0250605582995507
 10
284.0783504381816
 20
166.1839710757304
 30
0.0
 10
284.0984573909118
 20
166.1783572670501
 30
0.0
 10
284.1243501884437
 20
166.1712377099193
 30
0.0
 10
284.1561149612753
 20
166.1629194932884
 30
0.0
  0
SPLINE
  5
941
330
70
100
AcDbEntity
  8
Visible
100
AcDbSpline
210
0.0
220
0.0
230
1.0
 70
     8
 71
     3
 72
    10
 73
     6
 74
     0
 42
0.000000001
 43
0.0000000001
 40
0.0
 40
0.0
 40
0.0
 40
0.0
 40
0.0170853850941585
 40
0.0170853850941585
 40
0.0365276536654489
 40
0.0365276536654489
 40
0.0365276536654489
 40
0.0365276536654489
 10
369.6897020528941
 20
192.5316447216228
 30
0.0
 10
369.6650713774325
 20
192.5315798046413
 30
0.0
 10
369.6428459815434
 20
192.5315798046958
 30
0.0
 10
369.5995689298907
 20
192.5315798046958
 30
0.0
 10
369.5782598489823
 20
192.5315798776464
 30
0.0
 10
369.5587031742725
 20
192.5315798776464
 30
0.0
  0
ARC
  5
942
330
70
100
AcDbEntity
  8
Visible
100
AcDbCircle
 10
370.083
 20
193.563127
 30
0.0
 40
1.038425718791385
100
AcDbArc
 50
216.244799
 51
222.683477
  0
SPLINE
  5
943
330
70
100
AcDbEntity
  8
Visible
100
AcDbSpline
210
0.0
220
0.0
230
1.0
 70
     8
 71
     3
 72
    10
 73
     6
 74
     0
 42
0.000000001
 43
0.0000000001
 40
0.0
 40
0.0
 40
0.0
 40
0.0
 40
0.0402579315855576
 40
0.0402579315855576
 40
0.0804143907371084
 40
0.0804143907371084
 40
0.0804143907371084
 40
0.0804143907371084
 10
369.5587011600437
 20
192.5315810280754
 30
0.0
 10
369.5283355265547
 20
192.5731869704686
 30
0.0
 10
369.4937108139784
 20
192.6206284350537
 30
0.0
 10
369.4203306638847
 20
192.721171246003
 30
0.0
 10
369.3712305341651
 20
192.788446456565
 30
0.0
 10
369.3196422837682
 20
192.8591286640167
 30
0.0
  0
SPLINE
  5
944
330
70
100
AcDbEntity
  8
Visible
100
AcDbSpline
210
0.0
220
0.0
230
1.0
 70
     8
 71
     3
 72
    10
 73
     6
 74
     0
 42
0.000000001
 43
0.0000000001
 40
0.0
 40
0.0
 40
0.0
 40
0.0
 40
0.0182772209670766
 40
0.0182772209670766
 40
0.0365176494988097
 40
0.0365176494988097
 40
0.0365176494988097
 40
0.0365176494988097
 10
370.3207009315465
 20
192.5315798776628
 30
0.0
 10
370.3023127804245
 20
192.5315798776628
 30
0.0
 10
370.2823958193075
 20
192.5315798046413
 30
0.0
 10
370.2395895087775
 20
192.5315798046413
 30
0.0
 10
370.2159707941391
 20
192.5315798046413
 30
0.0
 10
370.1897909757936
 20
192.5315960101434
 30
0.0
  0
SPLINE
  5
945
330
70
100
AcDbEntity
  8
Visible
100
AcDbSpline
210
0.0
220
0.0
230
1.0
 70
     8
 71
     3
 72
    10
 73
     6
 74
     0
 42
0.000000001
 43
0.0000000001
 40
0.0000026629794707
 40
0.0000026629794707
 40
0.0000026629794707
 40
0.0000026629794707
 40
0.0357163494329343
 40
0.0357163494329343
 40
0.0714004306780273
 40
0.0714004306780273
 40
0.0714004306780273
 40
0.0714004306780273
 10
370.5597618221291
 20
192.8591286641058
 30
0.0
 10
370.508094157598
 20
192.7883376462723
 30
0.0
 10
370.4589150910506
 20
192.7209542794044
 30
0.0
 10
370.3855704634316
 20
192.6204601400568
 30
0.0
 10
370.3510181345537
 20
192.5731178529258
 30
0.0
 10
370.3207029458499
 20
192.5315810281354
 30
0.0
  0
ARC
  5
946
330
70
100
AcDbEntity
  8
Visible
100
AcDbCircle
 10
369.796405
 20
193.563127
 30
0.0
 40
1.038425724631172
100
AcDbArc
 50
317.316524
 51
323.755201
  0
ARC
  5
947
330
70
100
AcDbEntity
  8
Visible
100
AcDbCircle
 10
-369.939702
 20
207.64458
 30
0.0
 40
14.22400000000001
210
0.0
220
0.0
230
-1.0
100
AcDbArc
 50
121.968221
 51
262.814586
  0
ARC
  5
948
330
70
100
AcDbEntity
  8
Visible
100
AcDbCircle
 10
369.939765
 20
207.644006
 30
0.0
 40
14.22342309335576
100
AcDbArc
 50
274.268689
 51
277.185452
  0
ARC
  5
949
330
70
100
AcDbEntity
  8
Visible
100
AcDbCircle
 10
369.939639
 20
207.644006
 30
0.0
 40
14.22342307061438
100
AcDbArc
 50
262.814548
 51
265.731311
  0
ARC
  5
94A
330
70
100
AcDbEntity
  8
Visible
100
AcDbCircle
 10
-369.939702
 20
207.64458
 30
0.0
 40
14.22400000000001
210
0.0
220
0.0
230
-1.0
100
AcDbArc
 50
277.185414
 51
58.031779
  0
ARC
  5
94B
330
70
100
AcDbEntity
  8
Visible
100
AcDbCircle
 10
369.939702
 20
207.64458
 30
0.0
 40
14.22400000606775
100
AcDbArc
 50
115.780566
 51
121.968221
  0
ARC
  5
94C
330
70
100
AcDbEntity
  8
Visible
100
AcDbCircle
 10
-369.939702
 20
207.64458
 30
0.0
 40
14.22400000000001
210
0.0
220
0.0
230
-1.0
100
AcDbArc
 50
64.219434
 51
115.780566
  0
ARC
  5
94D
330
70
100
AcDbEntity
  8
Visible
100
AcDbCircle
 10
369.939702
 20
207.64458
 30
0.0
 40
14.22399997900246
100
AcDbArc
 50
58.031779
 51
64.219434
  0
ARC
  5
94E
330
70
100
AcDbEntity
  8
Visible
100
AcDbCircle
 10
-388.794959
 20
207.280505
 30
0.0
 40
24.23980220841143
210
0.0
220
0.0
230
-1.0
100
AcDbArc
 50
323.755558
 51
325.238872
  0
ARC
  5
94F
330
70
100
AcDbEntity
  8
Visible
100
AcDbCircle
 10
351.084445
 20
207.280505
 30
0.0
 40
24.23980220841143
100
AcDbArc
 50
323.755558
 51
325.238872
  0
SPLINE
  5
950
330
70
100
AcDbEntity
  8
Visible
100
AcDbSpline
210
0.0
220
0.0
230
1.0
 70
     8
 71
     3
 72
    12
 73
     8
 74
     0
 42
0.000000001
 43
0.0000000001
 40
-0.0002966022865738
 40
-0.0002966022865738
 40
-0.0002966022865738
 40
-0.0002966022865738
 40
0.0
 40
0.0
 40
0.0097685336728659
 40
0.0097685336728659
 40
0.0151528341540611
 40
0.0151528341540611
 40
0.0151528341540611
 40
0.0151528341540611
 10
368.7976336072479
 20
193.6633176846335
 30
0.0
 10
368.7979254426846
 20
193.6627484774089
 30
0.0
 10
368.7982158424948
 20
193.6621812193207
 30
0.0
 10
368.8080390007799
 20
193.6429661001493
 30
0.0
 10
368.8361070984992
 20
193.5884664718996
 30
0.0
 10
368.8655049807312
 20
193.5147056458063
 30
0.0
 10
368.8747184174499
 20
193.4866669657749
 30
0.0
 10
368.8724261548468
 20
193.471890062814
 30
0.0
  0
SPLINE
  5
951
330
70
100
AcDbEntity
  8
Visible
100
AcDbSpline
210
0.0
220
0.0
230
1.0
 70
     8
 71
     3
 72
    16
 73
    12
 74
     0
 42
0.000000001
 43
0.0000000001
 40
0.0
 40
0.0
 40
0.0
 40
0.0
 40
0.0174225473234723
 40
0.0174225473234723
 40
0.0330769066820681
 40
0.0330769066820681
 40
0.0416235836633723
 40
0.0416235836633723
 40
0.04552725599463
 40
0.04552725599463
 40
0.0490794112732104
 40
0.0490794112732104
 40
0.0490794112732104
 40
0.0490794112732104
 10
376.2426295420937
 20
220.3693158970418
 30
0.0
 10
376.1985012357636
 20
220.3945020089086
 30
0.0
 10
376.1704689201015
 20
220.4120440227507
 30
0.0
 10
376.1401341685123
 20
220.4316286178746
 30
0.0
 10
376.1286351591461
 20
220.4395099065132
 30
0.0
 10
376.1166007765605
 20
220.4485010688732
 30
0.0
 10
376.1126298716736
 20
220.4516786359072
 30
0.0
 10
376.1095077465798
 20
220.4549731019324
 30
0.0
 10
376.1088477332414
 20
220.455880909878
 30
0.0
 10
376.1088174895395
 20
220.4570067713594
 30
0.0
 10
376.1093355259636
 20
220.4572930163777
 30
0.0
 10
376.1107162874396
 20
220.4571368497655
 30
0.0
  0
SPLINE
  5
952
330
70
100
AcDbEntity
  8
Visible
100
AcDbSpline
210
0.0
220
0.0
230
1.0
 70
     8
 71
     3
 72
    16
 73
    12
 74
     0
 42
0.000000001
 43
0.0000000001
 40
0.0000011631333415
 40
0.0000011631333415
 40
0.0000011631333415
 40
0.0000011631333415
 40
0.0013732184553433
 40
0.0013732184553433
 40
0.0028810444592952
 40
0.0028810444592952
 40
0.0061822723388897
 40
0.0061822723388897
 40
0.0122289997940123
 40
0.0122289997940123
 40
0.0189589121701215
 40
0.0189589121701215
 40
0.0189589121701215
 40
0.0189589121701215
 10
363.7686878182121
 20
220.4571368496909
 30
0.0
 10
363.7700685073214
 20
220.4572930082049
 30
0.0
 10
363.7705865611169
 20
220.457006801289
 30
0.0
 10
363.7705564372081
 20
220.455881057409
 30
0.0
 10
363.7698965417822
 20
220.4549733396234
 30
0.0
 10
363.7667748273925
 20
220.4516791635979
 30
0.0
 10
363.762804317219
 20
220.4485018523428
 30
0.0
 10
363.7507708855665
 20
220.4395112720795
 30
0.0
 10
363.739272648354
 20
220.4316304486165
 30
0.0
 10
363.7089397132568
 20
220.4120468562596
 30
0.0
 10
363.6809063461206
 20
220.3945039962655
 30
0.0
 10
363.6367745291936
 20
220.3693158833412
 30
0.0
  0
ELLIPSE
  5
953
330
70
100
AcDbEntity
  8
Visible
100
AcDbEllipse
 10
363.565086
 20
220.281463
 30
0.0
 11
0.4526083007401874
 21
0.2688138146779432
 31
0.0
210
0.0
220
0.0
230
0.9999999999999998
 40
0.075446278451935
 41
1.366821624988416
 42
1.630273107805227
  0
ELLIPSE
  5
954
330
70
100
AcDbEntity
  8
Visible
100
AcDbEllipse
 10
376.314318
 20
220.281463
 30
0.0
 11
-0.452608300605094
 21
0.2688138145951866
 31
0.0
210
0.0
220
0.0
230
1.0
 40
0.0754462784839737
 41
4.652912199353711
 42
4.916363710945228
  0
SPLINE
  5
955
330
70
100
AcDbEntity
  8
Visible
100
AcDbSpline
210
0.0
220
0.0
230
1.0
 70
     9
 71
     3
 72
    41
 73
    37
 74
     0
 42
0.000000001
 43
0.0000000001
 40
-0.5631010091008001
 40
-0.5631010091008001
 40
-0.5631010091008001
 40
-0.5631010091008001
 40
-0.506466784577611
 40
-0.506466784577611
 40
-0.4490645026917985
 40
-0.4490645026917985
 40
-0.3928760122340094
 40
-0.3928760122340094
 40
-0.3366875217762202
 40
-0.3366875217762202
 40
-0.2806098865610597
 40
-0.2806098865610597
 40
-0.2245322513458992
 40
-0.2245322513458992
 40
-0.1684546161307387
 40
-0.1684546161307387
 40
-0.1123769809155783
 40
-0.1123769809155783
 40
-0.0561884904577892
 40
-0.0561884904577892
 40
0.0
 40
0.0
 40
0.0
 40
0.0574022818858123
 40
0.0574022818858123
 40
0.1148045637716247
 40
0.1148045637716247
 40
0.1719680140416976
 40
0.1719680140416976
 40
0.2291314643117705
 40
0.2291314643117705
 40
0.2862949145818433
 40
0.2862949145818433
 40
0.343458364851916
 40
0.343458364851916
 40
0.3442264222145392
 40
0.3442264222145392
 40
0.3442264222145392
 40
0.3442264222145392
 10
371.0118013462306
 20
221.3951746956518
 30
0.0
 10
371.1429263751161
 20
221.3708135071829
 30
0.0
 10
371.2557823667721
 20
221.3422451869883
 30
0.0
 10
371.4057495134402
 20
221.2878201640524
 30
0.0
 10
371.4417953281063
 20
221.2622316440975
 30
0.0
 10
371.4374559757453
 20
221.2228920167818
 30
0.0
 10
371.3983107795739
 20
221.2063477182874
 30
0.0
 10
371.2433248143188
 20
221.183503983224
 30
0.0
 10
371.1274702348983
 20
221.1769857980598
 30
0.0
 10
370.8614000041889
 20
221.1699942159721
 30
0.0
 10
370.6934922604523
 20
221.1690018815188
 30
0.0
 10
370.326105803073
 20
221.168608129612
 30
0.0
 10
370.1266275036123
 20
221.1689849939976
 30
0.0
 10
369.7527766021776
 20
221.1689849939976
 30
0.0
 10
369.5532983027169
 20
221.168608129612
 30
0.0
 10
369.1859118453358
 20
221.1690018815188
 30
0.0
 10
369.0180041015992
 20
221.1699942159739
 30
0.0
 10
368.7519338708899
 20
221.1769857980598
 30
0.0
 10
368.6360792914693
 20
221.183503983224
 30
0.0
 10
368.4810933262142
 20
221.2063477182874
 30
0.0
 10
368.4419481300429
 20
221.2228920167818
 30
0.0
 10
368.4398016382675
 20
221.242351645662
 30
0.0
 10
368.4376087776836
 20
221.2622316440975
 30
0.0
 10
368.4736545923479
 20
221.2878201640524
 30
0.0
 10
368.624631796014
 20
221.3426117497747
 30
0.0
 10
368.7395458312494
 20
221.3715886612372
 30
0.0
 10
369.0057960647501
 20
221.4206359377622
 30
0.0
 10
369.1747438457351
 20
221.443968929103
 30
0.0
 10
369.5464087236723
 20
221.4759125842483
 30
0.0
 10
369.7491572186609
 20
221.4842976997352
 30
0.0
 10
370.1302468871272
 20
221.4842976997352
 30
0.0
 10
370.3329953821176
 20
221.4759125842483
 30
0.0
 10
370.7046602600549
 20
221.443968929103
 30
0.0
 10
370.8736080410399
 20
221.4206359377622
 30
0.0
 10
371.0082405977737
 20
221.395834606501
 30
0.0
 10
371.0100222495057
 20
221.3955050017139
 30
0.0
 10
371.0118013462306
 20
221.3951746956518
 30
0.0
  0
SPLINE
  5
956
330
70
100
AcDbEntity
  8
Visible
100
AcDbSpline
210
0.0
220
0.0
230
1.0
 70
     8
 71
     3
 72
    12
 73
     8
 74
     0
 42
0.000000001
 43
0.0000000001
 40
-0.0151219196833576
 40
-0.0151219196833576
 40
-0.0151219196833576
 40
-0.0151219196833576
 40
-0.0097496743907869
 40
-0.0097496743907869
 40
0.0
 40
0.0
 40
0.0002959127583335
 40
0.0002959127583335
 40
0.0002959127583335
 40
0.0002959127583335
 10
371.0069779509486
 20
193.4718900628231
 30
0.0
 10
371.0046856883819
 20
193.4866669655857
 30
0.0
 10
371.0138991247259
 20
193.5147056449823
 30
0.0
 10
371.043302864593
 20
193.5884811681717
 30
0.0
 10
371.0713834502258
 20
193.6430020267635
 30
0.0
 10
371.0811875884501
 20
193.662179897763
 30
0.0
 10
371.0814793352783
 20
193.6627497924564
 30
0.0
 10
371.081770492272
 20
193.663317676448
 30
0.0
  0
SPLINE
  5
957
330
70
100
AcDbEntity
  8
Visible
100
AcDbSpline
210
0.0
220
0.0
230
1.0
 70
     8
 71
     3
 72
    12
 73
     8
 74
     0
 42
0.000000001
 43
0.0000000001
 40
0.0000274909393159
 40
0.0000274909393159
 40
0.0000274909393159
 40
0.0000274909393159
 40
0.0207988685847647
 40
0.0207988685847647
 40
0.0322070448399053
 40
0.0322070448399053
 40
0.0417857609880589
 40
0.0417857609880589
 40
0.0417857609880589
 40
0.0417857609880589
 10
370.1897909757936
 20
192.5315960101434
 30
0.0
 10
370.1600180882324
 20
192.5315798046413
 30
0.0
 10
370.1254018485451
 20
192.5315798046431
 30
0.0
 10
370.0644542371647
 20
192.5315798046431
 30
0.0
 10
370.040306966308
 20
192.5315798046413
 30
0.0
 10
369.9915521694402
 20
192.5315798046413
 30
0.0
 10
369.966775787625
 20
192.5315798046413
 30
0.0
 10
369.9397019498883
 20
192.5315798046413
 30
0.0
  0
SPLINE
  5
958
330
70
100
AcDbEntity
  8
Visible
100
AcDbSpline
210
0.0
220
0.0
230
1.0
 70
     8
 71
     3
 72
    12
 73
     8
 74
     0
 42
0.000000001
 43
0.0000000001
 40
0.0000010119927532
 40
0.0000010119927532
 40
0.0000010119927532
 40
0.0000010119927532
 40
0.0095902774991905
 40
0.0095902774991905
 40
0.0210100620463516
 40
0.0210100620463516
 40
0.04182696815089
 40
0.04182696815089
 40
0.04182696815089
 40
0.04182696815089
 10
369.9397021509758
 20
192.5315798046413
 30
0.0
 10
369.9126426807416
 20
192.5315798046413
 30
0.0
 10
369.8878784361877
 20
192.5315798046413
 30
0.0
 10
369.8391467810343
 20
192.5315798046413
 30
0.0
 10
369.8150109272392
 20
192.5315798046449
 30
0.0
 10
369.7540424751496
 20
192.5315798046449
 30
0.0
 10
369.7194026837096
 20
192.5315798046413
 30
0.0
 10
369.6897020528941
 20
192.5316447216228
 30
0.0
  0
SPLINE
  5
959
330
70
100
AcDbEntity
  8
Visible
100
AcDbSpline
210
0.0
220
0.0
230
1.0
 70
     8
 71
     3
 72
    29
 73
    25
 74
     0
 42
0.000000001
 43
0.0000000001
 40
0.0
 40
0.0
 40
0.0
 40
0.0
 40
0.0060851273947249
 40
0.0060851273947249
 40
0.0060851273947249
 40
0.147820749886601
 40
0.147820749886601
 40
0.147820749886601
 40
0.2370785979
 40
0.2370785979
 40
0.2370785979
 40
0.4349726779490063
 40
0.4349726779490063
 40
0.4349726779490063
 40
0.5320375634695514
 40
0.5320375634695514
 40
0.5320375634695514
 40
0.8077587638013392
 40
0.8077587638013392
 40
0.8077587638013392
 40
0.9936662151
 40
0.9936662151
 40
0.9936662151
 40
0.9999982100270974
 40
0.9999982100270974
 40
0.9999982100270974
 40
0.9999982100270974
 10
369.9397020425895
 20
192.5315798876199
 30
0.0
 10
369.9397020425786
 20
192.5325540985504
 30
0.0
 10
369.9397010836801
 20
192.5335263542147
 30
0.0
 10
369.9396991577269
 20
192.5344967221917
 30
0.0
 10
369.939654298154
 20
192.5570986662751
 30
0.0
 10
369.9396356584166
 20
192.5811391027819
 30
0.0
 10
369.9396666681096
 20
192.6051571839689
 30
0.0
 10
369.9396861964306
 20
192.6202825434393
 30
0.0
 10
369.9397019917051
 20
192.6356899752845
 30
0.0
 10
369.9397019644621
 20
192.6516328075886
 30
0.0
 10
369.9397019040589
 20
192.6869797513336
 30
0.0
 10
369.9396860851994
 20
192.7238830590286
 30
0.0
 10
369.9396383304447
 20
192.7623487497767
 30
0.0
 10
369.93961490726
 20
192.7812157510925
 30
0.0
 10
369.9396275352592
 20
192.8006445307783
 30
0.0
 10
369.9396551273603
 20
192.8205560386868
 30
0.0
 10
369.9397335051072
 20
192.8771163986093
 30
0.0
 10
369.939927809437
 20
192.9375631359144
 30
0.0
 10
369.9397974906642
 20
193.0001824518895
 30
0.0
 10
369.93970962208
 20
193.0424040780162
 30
0.0
 10
369.9397017635801
 20
193.0865554016454
 30
0.0
 10
369.9397020262368
 20
193.1324385251646
 30
0.0
 10
369.9397020351844
 20
193.1340013011759
 30
0.0
 10
369.9396969962436
 20
193.1355660469853
 30
0.0
 10
369.9397020528941
 20
193.137125697558
 30
0.0
  0
ARC
  5
95A
330
70
100
AcDbEntity
  8
Visible
100
AcDbCircle
 10
363.773509
 20
220.410473
 30
0.0
 40
0.0469097832676645
100
AcDbArc
 50
95.89875
 51
115.494491
  0
ARC
  5
95B
330
70
100
AcDbEntity
  8
Visible
100
AcDbCircle
 10
376.105895
 20
220.410473
 30
0.0
 40
0.04690979291979
100
AcDbArc
 50
64.505511
 51
84.101249
  0
LINE
  5
95C
330
70
100
AcDbEntity
  8
Visible
100
AcDbLine
 10
323.014717
 20
135.998833
 30
0.0
 11
336.864717
 21
135.998833
 31
0.0
  0
LINE
  5
95D
330
70
100
AcDbEntity
  8
Visible
100
AcDbLine
 10
323.014717
 20
133.998833
 30
0.0
 11
336.864717
 21
133.998833
 31
0.0
  0
ARC
  5
95E
330
70
100
AcDbEntity
  8
Visible
100
AcDbCircle
 10
330.015367
 20
-1062.021237
 30
0.0
 40
1198.379154261766
100
AcDbArc
 50
89.765262
 51
90.252953
  0
LINE
  5
95F
330
70
100
AcDbEntity
  8
Visible
100
AcDbLine
 10
334.925064
 20
136.347785
 30
0.0
 11
334.925064
 21
136.726334
 31
0.0
  0
ARC
  5
960
330
70
100
AcDbEntity
  8
Visible
100
AcDbCircle
 10
330.01557
 20
1335.495901
 30
0.0
 40
1198.779697690514
100
AcDbArc
 50
269.747122
 51
270.23465
  0
LINE
  5
961
330
70
100
AcDbEntity
  8
Visible
100
AcDbLine
 10
324.724717
 20
136.728468
 30
0.0
 11
324.724717
 21
136.345651
 31
0.0
  0
LINE
  5
962
330
70
100
AcDbEntity
  8
Visible
100
AcDbLine
 10
324.724717
 20
136.978833
 30
0.0
 11
324.724717
 21
136.728468
 31
0.0
  0
LINE
  5
963
330
70
100
AcDbEntity
  8
Visible
100
AcDbLine
 10
334.925064
 20
136.726334
 30
0.0
 11
334.925064
 21
136.978833
 31
0.0
  0
LINE
  5
964
330
70
100
AcDbEntity
  8
Visible
100
AcDbLine
 10
324.724717
 20
136.345651
 30
0.0
 11
324.724717
 21
135.998833
 31
0.0
  0
LINE
  5
965
330
70
100
AcDbEntity
  8
Visible
100
AcDbLine
 10
334.925064
 20
135.998833
 30
0.0
 11
334.925064
 21
136.347785
 31
0.0
  0
LINE
  5
966
330
70
100
AcDbEntity
  8
Visible
100
AcDbLine
 10
323.014717
 20
133.998833
 30
0.0
 11
323.014717
 21
135.998833
 31
0.0
  0
LINE
  5
967
330
70
100
AcDbEntity
  8
Visible
100
AcDbLine
 10
336.864717
 20
133.998833
 30
0.0
 11
336.864717
 21
135.998833
 31
0.0
  0
LINE
  5
968
330
70
100
AcDbEntity
  8
Visible
100
AcDbLine
 10
356.089717
 20
132.378833
 30
0.0
 11
363.789717
 21
132.378833
 31
0.0
  0
LINE
  5
969
330
70
100
AcDbEntity
  8
Visible
100
AcDbLine
 10
356.339717
 20
132.128833
 30
0.0
 11
356.089717
 21
132.378833
 31
0.0
  0
LINE
  5
96A
330
70
100
AcDbEntity
  8
Visible
100
AcDbLine
 10
363.539717
 20
132.128833
 30
0.0
 11
363.789717
 21
132.378833
 31
0.0
  0
LINE
  5
96B
330
70
100
AcDbEntity
  8
Visible
100
AcDbLine
 10
356.089717
 20
132.378833
 30
0.0
 11
356.089717
 21
132.469272
 31
0.0
  0
LINE
  5
96C
330
70
100
AcDbEntity
  8
Visible
100
AcDbLine
 10
356.089717
 20
133.206042
 30
0.0
 11
356.089717
 21
133.274843
 31
0.0
  0
LINE
  5
96D
330
70
100
AcDbEntity
  8
Visible
100
AcDbLine
 10
363.789717
 20
132.378833
 30
0.0
 11
363.789717
 21
132.866368
 31
0.0
  0
LINE
  5
96E
330
70
100
AcDbEntity
  8
Visible
100
AcDbLine
 10
363.789717
 20
133.607838
 30
0.0
 11
363.789717
 21
133.676368
 31
0.0
  0
LINE
  5
96F
330
70
100
AcDbEntity
  8
Visible
100
AcDbLine
 10
363.789717
 20
136.847838
 30
0.0
 11
363.789717
 21
136.916368
 31
0.0
  0
LINE
  5
970
330
70
100
AcDbEntity
  8
Visible
100
AcDbLine
 10
296.089717
 20
132.378833
 30
0.0
 11
303.789717
 21
132.378833
 31
0.0
  0
LINE
  5
971
330
70
100
AcDbEntity
  8
Visible
100
AcDbLine
 10
296.339717
 20
132.128833
 30
0.0
 11
296.089717
 21
132.378833
 31
0.0
  0
LINE
  5
972
330
70
100
AcDbEntity
  8
Visible
100
AcDbLine
 10
303.539717
 20
132.128833
 30
0.0
 11
303.789717
 21
132.378833
 31
0.0
  0
LINE
  5
973
330
70
100
AcDbEntity
  8
Visible
100
AcDbLine
 10
296.089717
 20
132.378833
 30
0.0
 11
296.089717
 21
132.469272
 31
0.0
  0
LINE
  5
974
330
70
100
AcDbEntity
  8
Visible
100
AcDbLine
 10
296.089717
 20
133.206042
 30
0.0
 11
296.089717
 21
133.274843
 31
0.0
  0
LINE
  5
975
330
70
100
AcDbEntity
  8
Visible
100
AcDbLine
 10
303.789717
 20
132.378833
 30
0.0
 11
303.789717
 21
132.866368
 31
0.0
  0
LINE
  5
976
330
70
100
AcDbEntity
  8
Visible
100
AcDbLine
 10
303.789717
 20
133.607838
 30
0.0
 11
303.789717
 21
133.676368
 31
0.0
  0
LINE
  5
977
330
70
100
AcDbEntity
  8
Visible
100
AcDbLine
 10
303.789717
 20
136.847838
 30
0.0
 11
303.789717
 21
136.916368
 31
0.0
  0
LINE
  5
978
330
70
100
AcDbEntity
  8
Visible
100
AcDbLine
 10
356.039717
 20
132.128833
 30
0.0
 11
363.839717
 21
132.128833
 31
0.0
  0
ARC
  5
979
330
70
100
AcDbEntity
  8
Visible
100
AcDbCircle
 10
-363.839717
 20
132.028833
 30
0.0
 40
0.1000000000000001
210
0.0
220
0.0
230
-1.0
100
AcDbArc
 50
90.0
 51
180.0
  0
ARC
  5
97A
330
70
100
AcDbEntity
  8
Visible
100
AcDbCircle
 10
-356.039717
 20
132.028833
 30
0.0
 40
0.1
210
0.0
220
0.0
230
-1.0
100
AcDbArc
 50
0.0
 51
90.0
  0
LINE
  5
97B
330
70
100
AcDbEntity
  8
Visible
100
AcDbLine
 10
355.939717
 20
131.128833
 30
0.0
 11
355.939717
 21
132.028833
 31
0.0
  0
LINE
  5
97C
330
70
100
AcDbEntity
  8
Visible
100
AcDbLine
 10
363.939717
 20
131.128833
 30
0.0
 11
363.939717
 21
132.028833
 31
0.0
  0
LINE
  5
97D
330
70
100
AcDbEntity
  8
Visible
100
AcDbLine
 10
296.039717
 20
132.128833
 30
0.0
 11
303.839717
 21
132.128833
 31
0.0
  0
ARC
  5
97E
330
70
100
AcDbEntity
  8
Visible
100
AcDbCircle
 10
-303.839717
 20
132.028833
 30
0.0
 40
0.1000000000000002
210
0.0
220
0.0
230
-1.0
100
AcDbArc
 50
90.0
 51
180.0
  0
ARC
  5
97F
330
70
100
AcDbEntity
  8
Visible
100
AcDbCircle
 10
-296.039717
 20
132.028833
 30
0.0
 40
0.1
210
0.0
220
0.0
230
-1.0
100
AcDbArc
 50
0.0
 51
90.0
  0
LINE
  5
980
330
70
100
AcDbEntity
  8
Visible
100
AcDbLine
 10
295.939717
 20
131.128833
 30
0.0
 11
295.939717
 21
132.028833
 31
0.0
  0
LINE
  5
981
330
70
100
AcDbEntity
  8
Visible
100
AcDbLine
 10
303.939717
 20
131.128833
 30
0.0
 11
303.939717
 21
132.028833
 31
0.0
  0
CIRCLE
  5
982
330
70
100
AcDbEntity
  8
Visible
100
AcDbCircle
 10
-317.459717
 20
213.998833
 30
0.0
 40
2.45
210
0.0
220
0.0
230
-1.0
  0
LINE
  5
983
330
70
100
AcDbEntity
  8
Visible
100
AcDbLine
 10
364.789717
 20
108.228833
 30
0.0
 11
364.789717
 21
110.228833
 31
0.0
  0
LINE
  5
984
330
70
100
AcDbEntity
  8
Visible
100
AcDbLine
 10
364.789717
 20
123.728833
 30
0.0
 11
364.789717
 21
125.728833
 31
0.0
  0
LINE
  5
985
330
70
100
AcDbEntity
  8
Visible
100
AcDbLine
 10
355.089717
 20
110.228833
 30
0.0
 11
355.089717
 21
108.228833
 31
0.0
  0
LINE
  5
986
330
70
100
AcDbEntity
  8
Visible
100
AcDbLine
 10
355.089717
 20
125.728833
 30
0.0
 11
355.089717
 21
123.728833
 31
0.0
  0
ARC
  5
987
330
70
100
AcDbEntity
  8
Visible
100
AcDbCircle
 10
355.039717
 20
131.028833
 30
0.0
 40
0.0999999999999996
100
AcDbArc
 50
90.0
 51
180.0
  0
LINE
  5
988
330
70
100
AcDbEntity
  8
Visible
100
AcDbLine
 10
354.989717
 20
125.728833
 30
0.0
 11
354.939717
 21
125.728833
 31
0.0
  0
LINE
  5
989
330
70
100
AcDbEntity
  8
Visible
100
AcDbLine
 10
354.939717
 20
131.028833
 30
0.0
 11
354.939717
 21
125.728833
 31
0.0
  0
LINE
  5
98A
330
70
100
AcDbEntity
  8
Visible
100
AcDbLine
 10
359.989717
 20
125.728833
 30
0.0
 11
359.889717
 21
125.728833
 31
0.0
  0
ARC
  5
98B
330
70
100
AcDbEntity
  8
Visible
100
AcDbCircle
 10
364.839717
 20
131.028833
 30
0.0
 40
0.0999999999999979
100
AcDbArc
 50
0.0
 51
90.0
  0
LINE
  5
98C
330
70
100
AcDbEntity
  8
Visible
100
AcDbLine
 10
364.939717
 20
125.728833
 30
0.0
 11
364.889717
 21
125.728833
 31
0.0
  0
LINE
  5
98D
330
70
100
AcDbEntity
  8
Visible
100
AcDbLine
 10
364.939717
 20
125.728833
 30
0.0
 11
364.939717
 21
131.028833
 31
0.0
  0
LINE
  5
98E
330
70
100
AcDbEntity
  8
Visible
100
AcDbLine
 10
364.839717
 20
131.128833
 30
0.0
 11
359.939717
 21
131.128833
 31
0.0
  0
LINE
  5
98F
330
70
100
AcDbEntity
  8
Visible
100
AcDbLine
 10
359.939717
 20
131.128833
 30
0.0
 11
355.039717
 21
131.128833
 31
0.0
  0
ARC
  5
990
330
70
100
AcDbEntity
  8
Visible
100
AcDbCircle
 10
355.039717
 20
104.728833
 30
0.0
 40
0.1
100
AcDbArc
 50
180.0
 51
270.0
  0
ARC
  5
991
330
70
100
AcDbEntity
  8
Visible
100
AcDbCircle
 10
364.839717
 20
104.728833
 30
0.0
 40
0.1000000000000001
100
AcDbArc
 50
270.0
 51
0.0
  0
LINE
  5
992
330
70
100
AcDbEntity
  8
Visible
100
AcDbLine
 10
364.889717
 20
108.228833
 30
0.0
 11
364.939717
 21
108.228833
 31
0.0
  0
LINE
  5
993
330
70
100
AcDbEntity
  8
Visible
100
AcDbLine
 10
364.939717
 20
104.728833
 30
0.0
 11
364.939717
 21
108.228833
 31
0.0
  0
LINE
  5
994
330
70
100
AcDbEntity
  8
Visible
100
AcDbLine
 10
355.039717
 20
104.628833
 30
0.0
 11
359.939717
 21
104.628833
 31
0.0
  0
LINE
  5
995
330
70
100
AcDbEntity
  8
Visible
100
AcDbLine
 10
359.939717
 20
104.628833
 30
0.0
 11
364.839717
 21
104.628833
 31
0.0
  0
LINE
  5
996
330
70
100
AcDbEntity
  8
Visible
100
AcDbLine
 10
359.889717
 20
108.228833
 30
0.0
 11
359.989717
 21
108.228833
 31
0.0
  0
LINE
  5
997
330
70
100
AcDbEntity
  8
Visible
100
AcDbLine
 10
354.939717
 20
108.228833
 30
0.0
 11
354.989717
 21
108.228833
 31
0.0
  0
LINE
  5
998
330
70
100
AcDbEntity
  8
Visible
100
AcDbLine
 10
354.939717
 20
108.228833
 30
0.0
 11
354.939717
 21
104.728833
 31
0.0
  0
LINE
  5
999
330
70
100
AcDbEntity
  8
Visible
100
AcDbLine
 10
364.889717
 20
108.228833
 30
0.0
 11
359.989717
 21
108.228833
 31
0.0
  0
LINE
  5
99A
330
70
100
AcDbEntity
  8
Visible
100
AcDbLine
 10
359.889717
 20
108.228833
 30
0.0
 11
354.989717
 21
108.228833
 31
0.0
  0
LINE
  5
99B
330
70
100
AcDbEntity
  8
Visible
100
AcDbLine
 10
359.989717
 20
125.728833
 30
0.0
 11
364.889717
 21
125.728833
 31
0.0
  0
LINE
  5
99C
330
70
100
AcDbEntity
  8
Visible
100
AcDbLine
 10
354.989717
 20
125.728833
 30
0.0
 11
359.889717
 21
125.728833
 31
0.0
  0
LINE
  5
99D
330
70
100
AcDbEntity
  8
Visible
100
AcDbLine
 10
359.939717
 20
110.228833
 30
0.0
 11
364.939717
 21
110.228833
 31
0.0
  0
LINE
  5
99E
330
70
100
AcDbEntity
  8
Visible
100
AcDbLine
 10
354.939717
 20
110.228833
 30
0.0
 11
359.939717
 21
110.228833
 31
0.0
  0
LINE
  5
99F
330
70
100
AcDbEntity
  8
Visible
100
AcDbLine
 10
364.939717
 20
110.228833
 30
0.0
 11
364.939717
 21
123.728833
 31
0.0
  0
LINE
  5
9A0
330
70
100
AcDbEntity
  8
Visible
100
AcDbLine
 10
359.939717
 20
123.728833
 30
0.0
 11
354.939717
 21
123.728833
 31
0.0
  0
LINE
  5
9A1
330
70
100
AcDbEntity
  8
Visible
100
AcDbLine
 10
364.939717
 20
123.728833
 30
0.0
 11
359.939717
 21
123.728833
 31
0.0
  0
LINE
  5
9A2
330
70
100
AcDbEntity
  8
Visible
100
AcDbLine
 10
359.939717
 20
110.228833
 30
0.0
 11
359.939717
 21
123.728833
 31
0.0
  0
LINE
  5
9A3
330
70
100
AcDbEntity
  8
Visible
100
AcDbLine
 10
354.939717
 20
110.228833
 30
0.0
 11
354.939717
 21
123.728833
 31
0.0
  0
LINE
  5
9A4
330
70
100
AcDbEntity
  8
Visible
100
AcDbLine
 10
304.789717
 20
108.228833
 30
0.0
 11
304.789717
 21
110.228833
 31
0.0
  0
LINE
  5
9A5
330
70
100
AcDbEntity
  8
Visible
100
AcDbLine
 10
304.789717
 20
123.728833
 30
0.0
 11
304.789717
 21
125.728833
 31
0.0
  0
LINE
  5
9A6
330
70
100
AcDbEntity
  8
Visible
100
AcDbLine
 10
295.089717
 20
110.228833
 30
0.0
 11
295.089717
 21
108.228833
 31
0.0
  0
LINE
  5
9A7
330
70
100
AcDbEntity
  8
Visible
100
AcDbLine
 10
295.089717
 20
125.728833
 30
0.0
 11
295.089717
 21
123.728833
 31
0.0
  0
ARC
  5
9A8
330
70
100
AcDbEntity
  8
Visible
100
AcDbCircle
 10
295.039717
 20
131.028833
 30
0.0
 40
0.0999999999999997
100
AcDbArc
 50
90.0
 51
180.0
  0
LINE
  5
9A9
330
70
100
AcDbEntity
  8
Visible
100
AcDbLine
 10
294.989717
 20
125.728833
 30
0.0
 11
294.939717
 21
125.728833
 31
0.0
  0
LINE
  5
9AA
330
70
100
AcDbEntity
  8
Visible
100
AcDbLine
 10
294.939717
 20
131.028833
 30
0.0
 11
294.939717
 21
125.728833
 31
0.0
  0
LINE
  5
9AB
330
70
100
AcDbEntity
  8
Visible
100
AcDbLine
 10
299.989717
 20
125.728833
 30
0.0
 11
299.889717
 21
125.728833
 31
0.0
  0
ARC
  5
9AC
330
70
100
AcDbEntity
  8
Visible
100
AcDbCircle
 10
304.839717
 20
131.028833
 30
0.0
 40
0.0999999999999979
100
AcDbArc
 50
0.0
 51
90.0
  0
LINE
  5
9AD
330
70
100
AcDbEntity
  8
Visible
100
AcDbLine
 10
304.939717
 20
125.728833
 30
0.0
 11
304.889717
 21
125.728833
 31
0.0
  0
LINE
  5
9AE
330
70
100
AcDbEntity
  8
Visible
100
AcDbLine
 10
304.939717
 20
125.728833
 30
0.0
 11
304.939717
 21
131.028833
 31
0.0
  0
LINE
  5
9AF
330
70
100
AcDbEntity
  8
Visible
100
AcDbLine
 10
304.839717
 20
131.128833
 30
0.0
 11
299.939717
 21
131.128833
 31
0.0
  0
LINE
  5
9B0
330
70
100
AcDbEntity
  8
Visible
100
AcDbLine
 10
299.939717
 20
131.128833
 30
0.0
 11
295.039717
 21
131.128833
 31
0.0
  0
ARC
  5
9B1
330
70
100
AcDbEntity
  8
Visible
100
AcDbCircle
 10
295.039717
 20
104.728833
 30
0.0
 40
0.1
100
AcDbArc
 50
180.0
 51
270.0
  0
ARC
  5
9B2
330
70
100
AcDbEntity
  8
Visible
100
AcDbCircle
 10
304.839717
 20
104.728833
 30
0.0
 40
0.1000000000000002
100
AcDbArc
 50
270.0
 51
0.0
  0
LINE
  5
9B3
330
70
100
AcDbEntity
  8
Visible
100
AcDbLine
 10
304.889717
 20
108.228833
 30
0.0
 11
304.939717
 21
108.228833
 31
0.0
  0
LINE
  5
9B4
330
70
100
AcDbEntity
  8
Visible
100
AcDbLine
 10
304.939717
 20
104.728833
 30
0.0
 11
304.939717
 21
108.228833
 31
0.0
  0
LINE
  5
9B5
330
70
100
AcDbEntity
  8
Visible
100
AcDbLine
 10
295.039717
 20
104.628833
 30
0.0
 11
299.939717
 21
104.628833
 31
0.0
  0
LINE
  5
9B6
330
70
100
AcDbEntity
  8
Visible
100
AcDbLine
 10
299.939717
 20
104.628833
 30
0.0
 11
304.839717
 21
104.628833
 31
0.0
  0
LINE
  5
9B7
330
70
100
AcDbEntity
  8
Visible
100
AcDbLine
 10
299.889717
 20
108.228833
 30
0.0
 11
299.989717
 21
108.228833
 31
0.0
  0
LINE
  5
9B8
330
70
100
AcDbEntity
  8
Visible
100
AcDbLine
 10
294.939717
 20
108.228833
 30
0.0
 11
294.989717
 21
108.228833
 31
0.0
  0
LINE
  5
9B9
330
70
100
AcDbEntity
  8
Visible
100
AcDbLine
 10
294.939717
 20
108.228833
 30
0.0
 11
294.939717
 21
104.728833
 31
0.0
  0
LINE
  5
9BA
330
70
100
AcDbEntity
  8
Visible
100
AcDbLine
 10
304.889717
 20
108.228833
 30
0.0
 11
299.989717
 21
108.228833
 31
0.0
  0
LINE
  5
9BB
330
70
100
AcDbEntity
  8
Visible
100
AcDbLine
 10
299.889717
 20
108.228833
 30
0.0
 11
294.989717
 21
108.228833
 31
0.0
  0
LINE
  5
9BC
330
70
100
AcDbEntity
  8
Visible
100
AcDbLine
 10
299.989717
 20
125.728833
 30
0.0
 11
304.889717
 21
125.728833
 31
0.0
  0
LINE
  5
9BD
330
70
100
AcDbEntity
  8
Visible
100
AcDbLine
 10
294.989717
 20
125.728833
 30
0.0
 11
299.889717
 21
125.728833
 31
0.0
  0
LINE
  5
9BE
330
70
100
AcDbEntity
  8
Visible
100
AcDbLine
 10
299.939717
 20
110.228833
 30
0.0
 11
304.939717
 21
110.228833
 31
0.0
  0
LINE
  5
9BF
330
70
100
AcDbEntity
  8
Visible
100
AcDbLine
 10
294.939717
 20
110.228833
 30
0.0
 11
299.939717
 21
110.228833
 31
0.0
  0
LINE
  5
9C0
330
70
100
AcDbEntity
  8
Visible
100
AcDbLine
 10
304.939717
 20
110.228833
 30
0.0
 11
304.939717
 21
123.728833
 31
0.0
  0
LINE
  5
9C1
330
70
100
AcDbEntity
  8
Visible
100
AcDbLine
 10
299.939717
 20
123.728833
 30
0.0
 11
294.939717
 21
123.728833
 31
0.0
  0
LINE
  5
9C2
330
70
100
AcDbEntity
  8
Visible
100
AcDbLine
 10
304.939717
 20
123.728833
 30
0.0
 11
299.939717
 21
123.728833
 31
0.0
  0
LINE
  5
9C3
330
70
100
AcDbEntity
  8
Visible
100
AcDbLine
 10
299.939717
 20
110.228833
 30
0.0
 11
299.939717
 21
123.728833
 31
0.0
  0
LINE
  5
9C4
330
70
100
AcDbEntity
  8
Visible
100
AcDbLine
 10
294.939717
 20
110.228833
 30
0.0
 11
294.939717
 21
123.728833
 31
0.0
  0
LINE
  5
9C5
330
70
100
AcDbEntity
  8
Visible
100
AcDbLine
 10
363.839717
 20
103.628833
 30
0.0
 11
356.039717
 21
103.628833
 31
0.0
  0
ARC
  5
9C6
330
70
100
AcDbEntity
  8
Visible
100
AcDbCircle
 10
-356.039717
 20
103.728833
 30
0.0
 40
0.1000000000000001
210
0.0
220
0.0
230
-1.0
100
AcDbArc
 50
270.0
 51
0.0
  0
ARC
  5
9C7
330
70
100
AcDbEntity
  8
Visible
100
AcDbCircle
 10
-363.839717
 20
103.728833
 30
0.0
 40
0.1
210
0.0
220
0.0
230
-1.0
100
AcDbArc
 50
180.0
 51
270.0
  0
LINE
  5
9C8
330
70
100
AcDbEntity
  8
Visible
100
AcDbLine
 10
363.939717
 20
104.628833
 30
0.0
 11
363.939717
 21
103.728833
 31
0.0
  0
LINE
  5
9C9
330
70
100
AcDbEntity
  8
Visible
100
AcDbLine
 10
355.939717
 20
104.628833
 30
0.0
 11
355.939717
 21
103.728833
 31
0.0
  0
LINE
  5
9CA
330
70
100
AcDbEntity
  8
Visible
100
AcDbLine
 10
303.839717
 20
103.628833
 30
0.0
 11
296.039717
 21
103.628833
 31
0.0
  0
ARC
  5
9CB
330
70
100
AcDbEntity
  8
Visible
100
AcDbCircle
 10
-296.039717
 20
103.728833
 30
0.0
 40
0.1000000000000002
210
0.0
220
0.0
230
-1.0
100
AcDbArc
 50
270.0
 51
0.0
  0
ARC
  5
9CC
330
70
100
AcDbEntity
  8
Visible
100
AcDbCircle
 10
-303.839717
 20
103.728833
 30
0.0
 40
0.1
210
0.0
220
0.0
230
-1.0
100
AcDbArc
 50
180.0
 51
270.0
  0
LINE
  5
9CD
330
70
100
AcDbEntity
  8
Visible
100
AcDbLine
 10
303.939717
 20
104.628833
 30
0.0
 11
303.939717
 21
103.728833
 31
0.0
  0
LINE
  5
9CE
330
70
100
AcDbEntity
  8
Visible
100
AcDbLine
 10
295.939717
 20
104.628833
 30
0.0
 11
295.939717
 21
103.728833
 31
0.0
  0
SPLINE
  5
9CF
330
70
100
AcDbEntity
  8
Visible
100
AcDbSpline
210
0.0
220
0.0
230
1.0
 70
     8
 71
     8
 72
    18
 73
     9
 74
     0
 42
0.000000001
 43
0.0000000001
 40
1.950684911198276
 40
1.950684911198276
 40
1.950684911198276
 40
1.950684911198276
 40
1.950684911198276
 40
1.950684911198276
 40
1.950684911198276
 40
1.950684911198276
 40
1.950684911198276
 40
3.114371561072909
 40
3.114371561072909
 40
3.114371561072909
 40
3.114371561072909
 40
3.114371561072909
 40
3.114371561072909
 40
3.114371561072909
 40
3.114371561072909
 40
3.114371561072909
 10
358.3273720309262
 20
136.9788329033235
 30
0.0
 10
357.7396721622045
 20
136.9600829031115
 30
0.0
 10
357.1909523452814
 20
136.9413329031176
 30
0.0
 10
356.7001569155691
 20
136.9225829037695
 30
0.0
 10
356.2844710042427
 20
136.9038329042578
 30
0.0
 10
355.9580378575083
 20
136.8850829019848
 30
0.0
 10
355.7308757142855
 20
136.866332903759
 30
0.0
 10
355.6082882985629
 20
136.8475829033614
 30
0.0
 10
355.5908394570179
 20
136.8288329033239
 30
0.0
  0
SPLINE
  5
9D0
330
70
100
AcDbEntity
  8
Visible
100
AcDbSpline
210
0.0
220
0.0
230
1.0
 70
     8
 71
     8
 72
    18
 73
     9
 74
     0
 42
0.000000001
 43
0.0000000001
 40
2.900906203236909
 40
2.900906203236909
 40
2.900906203236909
 40
2.900906203236909
 40
2.900906203236909
 40
2.900906203236909
 40
2.900906203236909
 40
2.900906203236909
 40
2.900906203236909
 40
3.087862984672901
 40
3.087862984672901
 40
3.087862984672901
 40
3.087862984672901
 40
3.087862984672901
 40
3.087862984672901
 40
3.087862984672901
 40
3.087862984672901
 40
3.087862984672901
 10
355.7230787769295
 20
136.9788329033235
 30
0.0
 10
355.6988603474383
 20
136.9758205463149
 30
0.0
 10
355.6772731590117
 20
136.9728081893063
 30
0.0
 10
355.6583373608191
 20
136.969795832294
 30
0.0
 10
355.64207003708
 20
136.9667834752763
 30
0.0
 10
355.6284851720939
 20
136.9637711182513
 30
0.0
 10
355.6175936243835
 20
136.9607587612208
 30
0.0
 10
355.609403110253
 20
136.9577464041849
 30
0.0
 10
355.6039181969773
 20
136.9547340471508
 30
0.0
  0
SPLINE
  5
9D1
330
70
100
AcDbEntity
  8
Visible
100
AcDbSpline
210
0.0
220
0.0
230
1.0
 70
     8
 71
     8
 72
    18
 73
     9
 74
     0
 42
0.000000001
 43
0.0000000001
 40
0.0887862689673438
 40
0.0887862689673438
 40
0.0887862689673438
 40
0.0887862689673438
 40
0.0887862689673438
 40
0.0887862689673438
 40
0.0887862689673438
 40
0.0887862689673438
 40
0.0887862689673438
 40
1.097314699264703
 40
1.097314699264703
 40
1.097314699264703
 40
1.097314699264703
 40
1.097314699264703
 40
1.097314699264703
 40
1.097314699264703
 40
1.097314699264703
 40
1.097314699264703
 10
364.2731162514847
 20
136.4088329033238
 30
0.0
 10
364.2244961082197
 20
136.3925829031377
 30
0.0
 10
364.097186479783
 20
136.3763329032863
 30
0.0
 10
363.8923648226555
 20
136.3600829038696
 30
0.0
 10
363.6138744113941
 20
136.3438329028886
 30
0.0
 10
363.2681687171825
 20
136.3275829028334
 30
0.0
 10
362.8640201341968
 20
136.3113329032003
 30
0.0
 10
362.4120232737514
 20
136.2950829033761
 30
0.0
 10
361.9239941912565
 20
136.2788329033228
 30
0.0
  0
SPLINE
  5
9D2
330
70
100
AcDbEntity
  8
Visible
100
AcDbSpline
210
0.0
220
0.0
230
1.0
 70
     8
 71
     8
 72
    25
 73
    16
 74
     0
 42
0.000000001
 43
0.0000000001
 40
1.039007561395999
 40
1.039007561395999
 40
1.039007561395999
 40
1.039007561395999
 40
1.039007561395999
 40
1.039007561395999
 40
1.039007561395999
 40
1.039007561395999
 40
1.039007561395999
 40
1.570976976542
 40
1.570976976542
 40
1.570976976542
 40
1.570976976542
 40
1.570976976542
 40
1.570976976542
 40
1.570976976542
 40
2.047535988545801
 40
2.047535988545801
 40
2.047535988545801
 40
2.047535988545801
 40
2.047535988545801
 40
2.047535988545801
 40
2.047535988545801
 40
2.047535988545801
 40
2.047535988545801
 10
362.1419625032777
 20
136.4088329033238
 30
0.0
 10
361.893146456845
 20
136.4002615009522
 30
0.0
 10
361.6332040949292
 20
136.3916900985296
 30
0.0
 10
361.3638115233498
 20
136.3831186960287
 30
0.0
 10
361.0867497837771
 20
136.3745472934515
 30
0.0
 10
360.8038811471597
 20
136.3659758908725
 30
0.0
 10
360.5171229232874
 20
136.3574044884535
 30
0.0
 10
360.2284198891703
 20
136.3488330863274
 30
0.0
 10
359.6810854008345
 20
136.3325830865105
 30
0.0
 10
359.422453930054
 20
136.3249044891727
 30
0.0
 10
359.1652206520739
 20
136.3172258916383
 30
0.0
 10
358.9107837397514
 20
136.3095472939549
 30
0.0
 10
358.6605255154518
 20
136.3018686962314
 30
0.0
 10
358.4157965519826
 20
136.2941900985424
 30
0.0
 10
358.1779004051678
 20
136.2865115009062
 30
0.0
 10
357.9480795091204
 20
136.2788329033228
 30
0.0
  0
ARC
  5
9D3
330
70
100
AcDbEntity
  8
Visible
100
AcDbCircle
 10
368.566005
 20
-93.153893
 30
0.0
 40
227.1064464861331
100
AcDbArc
 50
91.464079
 51
93.2756
  0
SPLINE
  5
9D4
330
70
100
AcDbEntity
  8
Visible
100
AcDbSpline
210
0.0
220
0.0
230
1.0
 70
     8
 71
     8
 72
    18
 73
     9
 74
     0
 42
0.000000001
 43
0.0000000001
 40
1.814798649344939
 40
1.814798649344939
 40
1.814798649344939
 40
1.814798649344939
 40
1.814798649344939
 40
1.814798649344939
 40
1.814798649344939
 40
1.814798649344939
 40
1.814798649344939
 40
3.087862984792309
 40
3.087862984792309
 40
3.087862984792309
 40
3.087862984792309
 40
3.087862984792309
 40
3.087862984792309
 40
3.087862984792309
 40
3.087862984792309
 40
3.087862984792309
 10
358.8915839820747
 20
133.8788329033232
 30
0.0
 10
358.2211146610898
 20
133.8583205458417
 30
0.0
 10
357.5809723089678
 20
133.8378081880328
 30
0.0
 10
356.9970230495091
 20
133.8172958309915
 30
0.0
 10
356.4934951435589
 20
133.7967834762512
 30
0.0
 10
356.0908829210475
 20
133.7762711152027
 30
0.0
 10
355.8040694522442
 20
133.755758759853
 30
0.0
 10
355.6412671897251
 20
133.7352464024316
 30
0.0
 10
355.603918196979
 20
133.7147340451029
 30
0.0
  0
SPLINE
  5
9D5
330
70
100
AcDbEntity
  8
Visible
100
AcDbSpline
210
0.0
220
0.0
230
1.0
 70
     8
 71
     8
 72
    18
 73
     9
 74
     0
 42
0.000000001
 43
0.0000000001
 40
6.236044422734577
 40
6.236044422734577
 40
6.236044422734577
 40
6.236044422734577
 40
6.236044422734577
 40
6.236044422734577
 40
6.236044422734577
 40
6.236044422734577
 40
6.236044422734577
 40
6.283907906169
 40
6.283907906169
 40
6.283907906169
 40
6.283907906169
 40
6.283907906169
 40
6.283907906169
 40
6.283907906169
 40
6.283907906169
 40
6.283907906169
 10
364.276893074104
 20
133.3089313179098
 30
0.0
 10
364.2781357515923
 20
133.3081601134509
 30
0.0
 10
364.2792010395551
 20
133.3073889089883
 30
0.0
 10
364.2800888701568
 20
133.3066177045275
 30
0.0
 10
364.2807991890895
 20
133.3058465000649
 30
0.0
 10
364.2813319555862
 20
133.3050752956005
 30
0.0
 10
364.2816871424238
 20
133.3043040911361
 30
0.0
 10
364.2818647359181
 20
133.3035328866717
 30
0.0
 10
364.2818647359272
 20
133.3027616822073
 30
0.0
  0
SPLINE
  5
9D6
330
70
100
AcDbEntity
  8
Visible
100
AcDbSpline
210
0.0
220
0.0
230
1.0
 70
    12
 71
     9
 72
    28
 73
    18
 74
     0
 42
0.000000001
 43
0.0000000001
 40
0.0399236320214405
 40
0.0399236320214405
 40
0.0399236320214405
 40
0.0399236320214405
 40
0.0399236320214405
 40
0.0399236320214405
 40
0.0399236320214405
 40
0.0399236320214405
 40
0.0399236320214405
 40
0.0399236320214405
 40
1.551582199053999
 40
1.551582199053999
 40
1.551582199053999
 40
1.551582199053999
 40
1.551582199053999
 40
1.551582199053999
 40
1.551582199053999
 40
1.551582199053999
 40
3.103164398107999
 40
3.103164398107999
 40
3.103164398107999
 40
3.103164398107999
 40
3.103164398107999
 40
3.103164398107999
 40
3.103164398107999
 40
3.103164398107999
 40
3.103164398107999
 40
3.103164398107999
 10
364.2867828100989
 20
133.1751313284567
 30
0.0
 41
1.051548778953999
 10
364.2576240594244
 20
133.1534809037839
 30
0.0
 41
1.051548778953999
 10
364.0905312447794
 20
133.1318304797205
 30
0.0
 41
1.051548778953987
 10
363.7866947731691
 20
133.1101800620963
 30
0.0
 41
1.051548778953864
 10
363.354805206689
 20
133.0885296204396
 30
0.0
 41
1.051548778953122
 10
362.8109681445676
 20
133.0668792179967
 30
0.0
 41
1.051548778953999
 10
362.1777564449057
 20
133.0452287803273
 30
0.0
 41
1.051548778953999
 10
361.4824082371088
 20
133.0235783602074
 30
0.0
 41
1.051548778953999
 10
360.7545823527435
 20
133.0019279355911
 30
0.0
 41
1.051548778953999
 10
359.2742836560992
 20
132.9580552896568
 30
0.0
 41
1.051548778953999
 10
358.5216678548077
 20
132.9358330668619
 30
0.0
 41
1.051548778953999
 10
357.798456949462
 20
132.9136108489474
 30
0.0
 41
1.051548778953999
 10
357.1370408947259
 20
132.8913886113023
 30
0.0
 41
1.051548778953999
 10
356.5673812729256
 20
132.8691664153339
 30
0.0
 41
1.051548778953999
 10
356.1144107917626
 20
132.8469441692159
 30
0.0
 41
1.051548778953999
 10
355.7959379711228
 20
132.8247219582063
 30
0.0
 41
1.051548778953999
 10
355.621535858063
 20
132.8024997343309
 30
0.0
 41
1.051548778953999
 10
355.5924568269238
 20
132.780277511456
 30
0.0
 41
1.051548778953999
  0
LINE
  5
9D7
330
70
100
AcDbEntity
  8
Visible
100
AcDbLine
 10
355.592457
 20
132.780278
 30
0.0
 11
356.092612
 21
132.469843
 31
0.0
  0
LINE
  5
9D8
330
70
100
AcDbEntity
  8
Visible
100
AcDbLine
 10
356.092612
 20
133.207838
 30
0.0
 11
355.604614
 21
132.905106
 31
0.0
  0
SPLINE
  5
9D9
330
70
100
AcDbEntity
  8
Visible
100
AcDbSpline
210
0.0
220
0.0
230
1.0
 70
    12
 71
     9
 72
    28
 73
    18
 74
     0
 42
0.000000001
 43
0.0000000001
 40
0.0
 40
0.0
 40
0.0
 40
0.0
 40
0.0
 40
0.0
 40
0.0
 40
0.0
 40
0.0
 40
0.0
 40
1.551582199053999
 40
1.551582199053999
 40
1.551582199053999
 40
1.551582199053999
 40
1.551582199053999
 40
1.551582199053999
 40
1.551582199053999
 40
1.551582199053999
 40
3.087862914204043
 40
3.087862914204043
 40
3.087862914204043
 40
3.087862914204043
 40
3.087862914204043
 40
3.087862914204043
 40
3.087862914204043
 40
3.087862914204043
 40
3.087862914204043
 40
3.087862914204043
 10
364.2818647359272
 20
133.3027616822073
 30
0.0
 41
1.051548778953999
 10
364.2818647362019
 20
133.2805394594015
 30
0.0
 41
1.051548778953999
 10
364.136712844962
 20
133.258317235448
 30
0.0
 41
1.051548778953999
 10
363.8464105092462
 20
133.236095024491
 30
0.0
 41
1.051548778953999
 10
363.4192733415839
 20
133.2138727783549
 30
0.0
 41
1.051548778953
 10
362.8719379826471
 20
133.1916505823883
 30
0.0
 41
1.051548778953999
 10
362.2283623848689
 20
133.1694283447395
 30
0.0
 41
1.051548778953999
 10
361.5178038097656
 20
133.1472061268287
 30
0.0
 41
1.051548778953999
 10
360.7722677679685
 20
133.1249839040338
 30
0.0
 41
1.051548778953999
 10
359.2829461520196
 20
133.0807586123665
 30
0.0
 41
1.051548778953999
 10
358.5392160973752
 20
133.0587555419915
 30
0.0
 41
1.051548778953999
 10
357.8239473089289
 20
133.0367524763496
 30
0.0
 41
1.051548778953999
 10
357.1685187226085
 20
133.0147493918357
 30
0.0
 41
1.051548778953999
 10
356.6020043093849
 20
132.9927463464228
 30
0.0
 41
1.051548778953999
 10
356.1487031479028
 20
132.9707432553114
 30
0.0
 41
1.051548778953999
 10
355.8261398419381
 20
132.9487401946608
 30
0.0
 41
1.051548778953999
 10
355.6439814551432
 20
132.9267371239984
 30
0.0
 41
1.051548778953999
 10
355.6039181954911
 20
132.9047340534944
 30
0.0
 41
1.051548778953999
  0
ARC
  5
9DA
330
70
100
AcDbEntity
  8
Visible
100
AcDbCircle
 10
355.635867
 20
132.838833
 30
0.0
 40
0.0729110000001021
100
AcDbArc
 50
127.361206
 51
233.427901
  0
SPLINE
  5
9DB
330
70
100
AcDbEntity
  8
Visible
100
AcDbSpline
210
0.0
220
0.0
230
1.0
 70
     8
 71
     8
 72
    18
 73
     9
 74
     0
 42
0.000000001
 43
0.0000000001
 40
0.0
 40
0.0
 40
0.0
 40
0.0
 40
0.0
 40
0.0
 40
0.0
 40
0.0
 40
0.0
 40
0.047161244652041
 40
0.047161244652041
 40
0.047161244652041
 40
0.047161244652041
 40
0.047161244652041
 40
0.047161244652041
 40
0.047161244652041
 40
0.047161244652041
 40
0.047161244652041
 10
355.5924568269238
 20
132.7802775114578
 30
0.0
 10
355.5925413640089
 20
132.7795643712579
 30
0.0
 10
355.592778431188
 20
132.7788512310562
 30
0.0
 10
355.5931679295591
 20
132.7781380908563
 30
0.0
 10
355.5937097502337
 20
132.7774249506546
 30
0.0
 10
355.594403774352
 20
132.776711810453
 30
0.0
 10
355.5952498731149
 20
132.7759986702531
 30
0.0
 10
355.5962479077934
 20
132.7752855300514
 30
0.0
 10
355.5973977297599
 20
132.7745723898515
 30
0.0
  0
SPLINE
  5
9DC
330
70
100
AcDbEntity
  8
Visible
100
AcDbSpline
210
0.0
220
0.0
230
1.0
 70
     8
 71
     3
 72
     8
 73
     4
 74
     0
 42
0.000000001
 43
0.0000000001
 40
0.0464965201305945
 40
0.0464965201305945
 40
0.0464965201305945
 40
0.0464965201305945
 40
0.0589949899443171
 40
0.0589949899443171
 40
0.0589949899443171
 40
0.0589949899443171
 10
363.8902911465138
 20
136.9788329033235
 30
0.0
 10
363.8548997525104
 20
136.9568525645245
 30
0.0
 10
363.8195087235108
 20
136.9348716380918
 30
0.0
 10
363.7841180856776
 20
136.9128900819669
 30
0.0
  0
SPLINE
  5
9DD
330
70
100
AcDbEntity
  8
Visible
100
AcDbSpline
210
0.0
220
0.0
230
1.0
 70
     8
 71
     3
 72
     8
 73
     4
 74
     0
 42
0.000000001
 43
0.0000000001
 40
0.0065534587836968
 40
0.0065534587836968
 40
0.0065534587836968
 40
0.0065534587836968
 40
0.0108163212431167
 40
0.0108163212431167
 40
0.0108163212431167
 40
0.0108163212431167
 10
363.7897168632371
 20
136.8513160585608
 30
0.0
 10
363.8017893183387
 20
136.8438216009453
 30
0.0
 10
363.8138618188241
 20
136.836327216426
 30
0.0
 10
363.825934363651
 20
136.8288329033239
 30
0.0
  0
SPLINE
  5
9DE
330
70
100
AcDbEntity
  8
Visible
100
AcDbSpline
210
0.0
220
0.0
230
1.0
 70
     8
 71
     3
 72
     8
 73
     4
 74
     0
 42
0.000000001
 43
0.0000000001
 40
0.000070156966859
 40
0.000070156966859
 40
0.000070156966859
 40
0.000070156966859
 40
0.0047223689045224
 40
0.0047223689045224
 40
0.0047223689045224
 40
0.0047223689045224
 10
355.6031367581291
 20
136.9543012628364
 30
0.0
 10
355.6163129789602
 20
136.9624784153839
 30
0.0
 10
355.629489162422
 20
136.9706556281544
 30
0.0
 10
355.6426653071594
 20
136.9788329033235
 30
0.0
  0
SPLINE
  5
9DF
330
70
100
AcDbEntity
  8
Visible
100
AcDbSpline
210
0.0
220
0.0
230
1.0
 70
     8
 71
     3
 72
    16
 73
    12
 74
     0
 42
0.000000001
 43
0.0000000001
 40
0.0047834920482018
 40
0.0047834920482018
 40
0.0047834920482018
 40
0.0047834920482018
 40
0.0115267050077201
 40
0.0115267050077201
 40
0.0183544516620854
 40
0.0183544516620854
 40
0.0275912945793193
 40
0.0275912945793193
 40
0.0364504129285918
 40
0.0364504129285918
 40
0.0441101790301632
 40
0.0441101790301632
 40
0.0441101790301632
 40
0.0441101790301632
 10
355.5825011943816
 20
136.8288329033239
 30
0.0
 10
355.5775016123153
 20
136.8338663525792
 30
0.0
 10
355.5723771924295
 20
136.8404017221928
 30
0.0
 10
355.5635132790558
 20
136.8580264583743
 30
0.0
 10
355.5602182860476
 20
136.869278246897
 30
0.0
 10
355.559170879671
 20
136.8966122108268
 30
0.0
 10
355.5640999508523
 20
136.9123408303021
 30
0.0
 10
355.5767940425594
 20
136.9337548089352
 30
0.0
 10
355.583846664098
 20
136.9405318449117
 30
0.0
 10
355.5950361191644
 20
136.9495462788345
 30
0.0
 10
355.5996698683502
 20
136.9524008334046
 30
0.0
 10
355.6039181896104
 20
136.9547340462432
 30
0.0
  0
SPLINE
  5
9E0
330
70
100
AcDbEntity
  8
Visible
100
AcDbSpline
210
0.0
220
0.0
230
1.0
 70
     8
 71
     3
 72
     8
 73
     4
 74
     0
 42
0.000000001
 43
0.0000000001
 40
0.0010028425950641
 40
0.0010028425950641
 40
0.0010028425950641
 40
0.0010028425950641
 40
0.0256462111773676
 40
0.0256462111773676
 40
0.0256462111773676
 40
0.0256462111773676
 10
364.2767720222601
 20
136.4088329033238
 30
0.0
 10
364.2069858707527
 20
136.3655013667921
 30
0.0
 10
364.1372007680766
 20
136.322168140925
 30
0.0
 10
364.0674169147533
 20
136.2788329033228
 30
0.0
  0
SPLINE
  5
9E1
330
70
100
AcDbEntity
  8
Visible
100
AcDbSpline
210
0.0
220
0.0
230
1.0
 70
     8
 71
     3
 72
     8
 73
     4
 74
     0
 42
0.000000001
 43
0.0000000001
 40
0.0255820025273922
 40
0.0255820025273922
 40
0.0255820025273922
 40
0.0255820025273922
 40
0.0502321509393169
 40
0.0502321509393169
 40
0.0502321509393169
 40
0.0502321509393169
 10
355.8199008313422
 20
136.2788329033228
 30
0.0
 10
355.8897137925614
 20
136.3221641022228
 30
0.0
 10
355.9595254960023
 20
136.3654973274551
 30
0.0
 10
356.0293357400624
 20
136.4088329033238
 30
0.0
  0
SPLINE
  5
9E2
330
70
100
AcDbEntity
  8
Visible
100
AcDbSpline
210
0.0
220
0.0
230
1.0
 70
     8
 71
     3
 72
     8
 73
     4
 74
     0
 42
0.000000001
 43
0.0000000001
 40
0.0199594694080597
 40
0.0199594694080597
 40
0.0199594694080597
 40
0.0199594694080597
 40
0.0589949899445873
 40
0.0589949899445873
 40
0.0589949899445873
 40
0.0589949899445873
 10
364.1157274009893
 20
133.8788329033232
 30
0.0
 10
364.0051876782363
 20
133.8101905836301
 30
0.0
 10
363.8946509741454
 20
133.7415434029481
 30
0.0
 10
363.784118085674
 20
133.6728900799153
 30
0.0
  0
SPLINE
  5
9E3
330
70
100
AcDbEntity
  8
Visible
100
AcDbSpline
210
0.0
220
0.0
230
1.0
 70
     8
 71
     3
 72
     8
 73
     4
 74
     0
 42
0.000000001
 43
0.0000000001
 40
0.0065537089093665
 40
0.0065537089093665
 40
0.0065537089093665
 40
0.0065537089093665
 40
0.0648896162920237
 40
0.0648896162920237
 40
0.0648896162920237
 40
0.0648896162920237
 10
356.0897168632364
 20
133.2713675319391
 30
0.0
 10
355.9245328299858
 20
133.373964867711
 30
0.0
 10
355.759340354356
 20
133.4765486129672
 30
0.0
 10
355.5941420204636
 20
133.5791229223105
 30
0.0
  0
SPLINE
  5
9E4
330
70
100
AcDbEntity
  8
Visible
100
AcDbSpline
210
0.0
220
0.0
230
1.0
 70
     8
 71
     3
 72
     8
 73
     4
 74
     0
 42
0.000000001
 43
0.0000000001
 40
0.0065534587823222
 40
0.0065534587823222
 40
0.0065534587823222
 40
0.0065534587823222
 40
0.0638925549039818
 40
0.0638925549039818
 40
0.0638925549039818
 40
0.0638925549039818
 10
363.7897168632371
 20
133.6113160565164
 30
0.0
 10
363.9521015683822
 20
133.510509279462
 30
0.0
 10
364.1144944844746
 20
133.4097157271681
 30
0.0
 10
364.276893074104
 20
133.3089313179098
 30
0.0
  0
SPLINE
  5
9E5
330
70
100
AcDbEntity
  8
Visible
100
AcDbSpline
210
0.0
220
0.0
230
1.0
 70
     8
 71
     3
 72
     8
 73
     4
 74
     0
 42
0.000000001
 43
0.0000000001
 40
0.0000701569659165
 40
0.0000701569659165
 40
0.0000701569659165
 40
0.0000701569659165
 40
0.0312707166614974
 40
0.0312707166614974
 40
0.0312707166614974
 40
0.0312707166614974
 10
355.6031367581236
 20
133.714301260783
 30
0.0
 10
355.6915045002006
 20
133.769142213785
 30
0.0
 10
355.7798705614823
 20
133.8239858754241
 30
0.0
 10
355.8682345331563
 20
133.8788329033232
 30
0.0
  0
SPLINE
  5
9E6
330
70
100
AcDbEntity
  8
Visible
100
AcDbSpline
210
0.0
220
0.0
230
1.0
 70
     8
 71
     3
 72
    12
 73
     8
 74
     0
 42
0.000000001
 43
0.0000000001
 40
0.0004733569280402
 40
0.0004733569280402
 40
0.0004733569280402
 40
0.0004733569280402
 40
0.0122429932987917
 40
0.0122429932987917
 40
0.0186111400394999
 40
0.0186111400394999
 40
0.0251963294354599
 40
0.0251963294354599
 40
0.0251963294354599
 40
0.0251963294354599
 10
364.2763075765906
 20
133.3092946771612
 30
0.0
 10
364.2829091958556
 20
133.3055957793622
 30
0.0
 10
364.2906983098765
 20
133.3007614533489
 30
0.0
 10
364.3041485472404
 20
133.2858286554037
 30
0.0
 10
364.3091225621702
 20
133.27895644618
 30
0.0
 10
364.3170406221397
 20
133.2612031424087
 30
0.0
 10
364.3197168631141
 20
133.2500570770225
 30
0.0
 10
364.3197168632378
 20
133.2388328994529
 30
0.0
  0
SPLINE
  5
9E7
330
70
100
AcDbEntity
  8
Visible
100
AcDbSpline
210
0.0
220
0.0
230
1.0
 70
     8
 71
     3
 72
    16
 73
    12
 74
     0
 42
0.000000001
 43
0.0000000001
 40
0.0
 40
0.0
 40
0.0
 40
0.0
 40
0.0115267050107079
 40
0.0115267050107079
 40
0.0183544516642938
 40
0.0183544516642938
 40
0.0275912945786586
 40
0.0275912945786586
 40
0.0364504129303626
 40
0.0364504129303626
 40
0.0441101790323282
 40
0.0441101790323282
 40
0.0441101790323282
 40
0.0441101790323282
 10
355.592650915687
 20
133.5801313300126
 30
0.0
 10
355.5851342738715
 20
133.5857124500398
 30
0.0
 10
355.5755015447467
 20
133.5941893528725
 30
0.0
 10
355.5635132790539
 20
133.6180264563336
 30
0.0
 10
355.5602182860476
 20
133.6292782448563
 30
0.0
 10
355.5591708796746
 20
133.6566122087824
 30
0.0
 10
355.5640999508542
 20
133.6723408282505
 30
0.0
 10
355.5767940425576
 20
133.6937548068836
 30
0.0
 10
355.583846664098
 20
133.7005318428601
 30
0.0
 10
355.5950361191662
 20
133.7095462767865
 30
0.0
 10
355.5996698683521
 20
133.7124008313549
 30
0.0
 10
355.6039181896121
 20
133.7147340441952
 30
0.0
  0
SPLINE
  5
9E8
330
70
100
AcDbEntity
  8
Visible
100
AcDbSpline
210
0.0
220
0.0
230
1.0
 70
     8
 71
     3
 72
     8
 73
     4
 74
     0
 42
0.000000001
 43
0.0000000001
 40
0.0
 40
0.0
 40
0.0
 40
0.0
 40
0.0589949903647389
 40
0.0589949903647389
 40
0.0589949903647389
 40
0.0589949903647389
 10
364.2852917048931
 20
133.1741229201561
 30
0.0
 10
364.1182269492038
 20
133.0703897193671
 30
0.0
 10
363.9511681576059
 20
132.9666469121803
 30
0.0
 10
363.7841180811774
 20
132.8628900754047
 30
0.0
  0
SPLINE
  5
9E9
330
70
100
AcDbEntity
  8
Visible
100
AcDbSpline
210
0.0
220
0.0
230
1.0
 70
     8
 71
     3
 72
     8
 73
     4
 74
     0
 42
0.000000001
 43
0.0000000001
 40
0.0
 40
0.0
 40
0.0
 40
0.0
 40
0.0067603664819697
 40
0.0067603664819697
 40
0.0067603664819697
 40
0.0067603664819697
 10
355.5916551209557
 20
132.8967844332965
 30
0.0
 10
355.596125106571
 20
132.9001997706509
 30
0.0
 10
355.6001686958989
 20
132.9026747975913
 30
0.0
 10
355.6039181954911
 20
132.9047340534944
 30
0.0
  0
ARC
  5
9EA
330
70
100
AcDbEntity
  8
Visible
100
AcDbCircle
 10
364.240291
 20
133.239532
 30
0.0
 40
0.0794292040155158
100
AcDbArc
 50
305.826107
 51
359.495482
  0
LINE
  5
9EB
330
70
100
AcDbEntity
  8
Visible
100
AcDbLine
 10
356.089717
 20
132.469227
 30
0.0
 11
355.597398
 21
132.774572
 31
0.0
  0
ARC
  5
9EC
330
70
100
AcDbEntity
  8
Visible
100
AcDbCircle
 10
355.642734
 20
132.840245
 30
0.0
 40
0.0798400619838592
100
AcDbArc
 50
186.744251
 51
234.083338
  0
SPLINE
  5
9ED
330
70
100
AcDbEntity
  8
Visible
100
AcDbSpline
210
0.0
220
0.0
230
1.0
 70
     8
 71
     8
 72
    18
 73
     9
 74
     0
 42
0.000000001
 43
0.0000000001
 40
1.950684911199721
 40
1.950684911199721
 40
1.950684911199721
 40
1.950684911199721
 40
1.950684911199721
 40
1.950684911199721
 40
1.950684911199721
 40
1.950684911199721
 40
1.950684911199721
 40
3.114371561072647
 40
3.114371561072647
 40
3.114371561072647
 40
3.114371561072647
 40
3.114371561072647
 40
3.114371561072647
 40
3.114371561072647
 40
3.114371561072647
 40
3.114371561072647
 10
298.3273720309207
 20
136.9788329033235
 30
0.0
 10
297.739672162199
 20
136.9600829031115
 30
0.0
 10
297.1909523452778
 20
136.9413329031176
 30
0.0
 10
296.7001569155655
 20
136.9225829037695
 30
0.0
 10
296.2844710042409
 20
136.9038329042578
 30
0.0
 10
295.9580378575083
 20
136.8850829019848
 30
0.0
 10
295.7308757142855
 20
136.866332903759
 30
0.0
 10
295.6082882985629
 20
136.8475829033614
 30
0.0
 10
295.5908394570179
 20
136.8288329033239
 30
0.0
  0
SPLINE
  5
9EE
330
70
100
AcDbEntity
  8
Visible
100
AcDbSpline
210
0.0
220
0.0
230
1.0
 70
     8
 71
     8
 72
    18
 73
     9
 74
     0
 42
0.000000001
 43
0.0000000001
 40
2.900906203238372
 40
2.900906203238372
 40
2.900906203238372
 40
2.900906203238372
 40
2.900906203238372
 40
2.900906203238372
 40
2.900906203238372
 40
2.900906203238372
 40
2.900906203238372
 40
3.087862984672892
 40
3.087862984672892
 40
3.087862984672892
 40
3.087862984672892
 40
3.087862984672892
 40
3.087862984672892
 40
3.087862984672892
 40
3.087862984672892
 40
3.087862984672892
 10
295.7230787769276
 20
136.9788329033235
 30
0.0
 10
295.6988603474383
 20
136.9758205463149
 30
0.0
 10
295.6772731590117
 20
136.9728081893063
 30
0.0
 10
295.6583373608191
 20
136.969795832294
 30
0.0
 10
295.64207003708
 20
136.9667834752763
 30
0.0
 10
295.6284851720939
 20
136.9637711182513
 30
0.0
 10
295.6175936243817
 20
136.9607587612208
 30
0.0
 10
295.609403110253
 20
136.9577464041849
 30
0.0
 10
295.6039181969773
 20
136.9547340471508
 30
0.0
  0
SPLINE
  5
9EF
330
70
100
AcDbEntity
  8
Visible
100
AcDbSpline
210
0.0
220
0.0
230
1.0
 70
     8
 71
     8
 72
    18
 73
     9
 74
     0
 42
0.000000001
 43
0.0000000001
 40
0.0887862689671218
 40
0.0887862689671218
 40
0.0887862689671218
 40
0.0887862689671218
 40
0.0887862689671218
 40
0.0887862689671218
 40
0.0887862689671218
 40
0.0887862689671218
 40
0.0887862689671218
 40
1.097314699264704
 40
1.097314699264704
 40
1.097314699264704
 40
1.097314699264704
 40
1.097314699264704
 40
1.097314699264704
 40
1.097314699264704
 40
1.097314699264704
 40
1.097314699264704
 10
304.2731162514847
 20
136.4088329033238
 30
0.0
 10
304.2244961082197
 20
136.3925829031377
 30
0.0
 10
304.097186479783
 20
136.3763329032863
 30
0.0
 10
303.8923648226555
 20
136.3600829038696
 30
0.0
 10
303.6138744113941
 20
136.3438329028886
 30
0.0
 10
303.2681687171826
 20
136.3275829028334
 30
0.0
 10
302.8640201341968
 20
136.3113329032003
 30
0.0
 10
302.4120232737514
 20
136.2950829033761
 30
0.0
 10
301.9239941912565
 20
136.2788329033228
 30
0.0
  0
SPLINE
  5
9F0
330
70
100
AcDbEntity
  8
Visible
100
AcDbSpline
210
0.0
220
0.0
230
1.0
 70
     8
 71
     8
 72
    25
 73
    16
 74
     0
 42
0.000000001
 43
0.0000000001
 40
1.039007561395723
 40
1.039007561395723
 40
1.039007561395723
 40
1.039007561395723
 40
1.039007561395723
 40
1.039007561395723
 40
1.039007561395723
 40
1.039007561395723
 40
1.039007561395723
 40
1.570976976542
 40
1.570976976542
 40
1.570976976542
 40
1.570976976542
 40
1.570976976542
 40
1.570976976542
 40
1.570976976542
 40
2.047535988545897
 40
2.047535988545897
 40
2.047535988545897
 40
2.047535988545897
 40
2.047535988545897
 40
2.047535988545897
 40
2.047535988545897
 40
2.047535988545897
 40
2.047535988545897
 10
302.1419625032777
 20
136.4088329033238
 30
0.0
 10
301.893146456845
 20
136.4002615009522
 30
0.0
 10
301.633204094931
 20
136.3916900985296
 30
0.0
 10
301.3638115233498
 20
136.3831186960287
 30
0.0
 10
301.0867497837771
 20
136.3745472934515
 30
0.0
 10
300.8038811471597
 20
136.3659758908725
 30
0.0
 10
300.5171229232874
 20
136.3574044884535
 30
0.0
 10
300.2284198891703
 20
136.3488330863292
 30
0.0
 10
299.6810854008345
 20
136.3325830865105
 30
0.0
 10
299.422453930054
 20
136.3249044891727
 30
0.0
 10
299.1652206520739
 20
136.3172258916383
 30
0.0
 10
298.9107837397514
 20
136.3095472939549
 30
0.0
 10
298.6605255154518
 20
136.3018686962314
 30
0.0
 10
298.4157965519825
 20
136.2941900985424
 30
0.0
 10
298.1779004051659
 20
136.2865115009062
 30
0.0
 10
297.9480795091204
 20
136.2788329033228
 30
0.0
  0
ARC
  5
9F1
330
70
100
AcDbEntity
  8
Visible
100
AcDbCircle
 10
308.566005
 20
-93.153893
 30
0.0
 40
227.1064464860077
100
AcDbArc
 50
91.464079
 51
93.2756
  0
SPLINE
  5
9F2
330
70
100
AcDbEntity
  8
Visible
100
AcDbSpline
210
0.0
220
0.0
230
1.0
 70
     8
 71
     8
 72
    18
 73
     9
 74
     0
 42
0.000000001
 43
0.0000000001
 40
1.814798649345008
 40
1.814798649345008
 40
1.814798649345008
 40
1.814798649345008
 40
1.814798649345008
 40
1.814798649345008
 40
1.814798649345008
 40
1.814798649345008
 40
1.814798649345008
 40
3.087862984792311
 40
3.087862984792311
 40
3.087862984792311
 40
3.087862984792311
 40
3.087862984792311
 40
3.087862984792311
 40
3.087862984792311
 40
3.087862984792311
 40
3.087862984792311
 10
298.8915839820748
 20
133.8788329033232
 30
0.0
 10
298.2211146610898
 20
133.8583205458417
 30
0.0
 10
297.5809723089678
 20
133.8378081880328
 30
0.0
 10
296.9970230495091
 20
133.8172958309915
 30
0.0
 10
296.4934951435589
 20
133.7967834762512
 30
0.0
 10
296.0908829210475
 20
133.7762711152045
 30
0.0
 10
295.8040694522442
 20
133.755758759853
 30
0.0
 10
295.6412671897251
 20
133.7352464024316
 30
0.0
 10
295.6039181969791
 20
133.7147340451029
 30
0.0
  0
SPLINE
  5
9F3
330
70
100
AcDbEntity
  8
Visible
100
AcDbSpline
210
0.0
220
0.0
230
1.0
 70
     8
 71
     8
 72
    18
 73
     9
 74
     0
 42
0.000000001
 43
0.0000000001
 40
6.236044422734577
 40
6.236044422734577
 40
6.236044422734577
 40
6.236044422734577
 40
6.236044422734577
 40
6.236044422734577
 40
6.236044422734577
 40
6.236044422734577
 40
6.236044422734577
 40
6.283907906169
 40
6.283907906169
 40
6.283907906169
 40
6.283907906169
 40
6.283907906169
 40
6.283907906169
 40
6.283907906169
 40
6.283907906169
 40
6.283907906169
 10
304.276893074104
 20
133.3089313179098
 30
0.0
 10
304.2781357515924
 20
133.3081601134509
 30
0.0
 10
304.2792010395551
 20
133.3073889089883
 30
0.0
 10
304.2800888701568
 20
133.3066177045275
 30
0.0
 10
304.2807991890895
 20
133.3058465000649
 30
0.0
 10
304.2813319555862
 20
133.3050752956005
 30
0.0
 10
304.2816871424238
 20
133.3043040911361
 30
0.0
 10
304.2818647359181
 20
133.3035328866717
 30
0.0
 10
304.2818647359272
 20
133.3027616822073
 30
0.0
  0
SPLINE
  5
9F4
330
70
100
AcDbEntity
  8
Visible
100
AcDbSpline
210
0.0
220
0.0
230
1.0
 70
    12
 71
     9
 72
    28
 73
    18
 74
     0
 42
0.000000001
 43
0.0000000001
 40
0.0399236320214395
 40
0.0399236320214395
 40
0.0399236320214395
 40
0.0399236320214395
 40
0.0399236320214395
 40
0.0399236320214395
 40
0.0399236320214395
 40
0.0399236320214395
 40
0.0399236320214395
 40
0.0399236320214395
 40
1.551582199053999
 40
1.551582199053999
 40
1.551582199053999
 40
1.551582199053999
 40
1.551582199053999
 40
1.551582199053999
 40
1.551582199053999
 40
1.551582199053999
 40
3.103164398107999
 40
3.103164398107999
 40
3.103164398107999
 40
3.103164398107999
 40
3.103164398107999
 40
3.103164398107999
 40
3.103164398107999
 40
3.103164398107999
 40
3.103164398107999
 40
3.103164398107999
 10
304.2867828100989
 20
133.1751313284567
 30
0.0
 41
1.051548778953999
 10
304.2576240594244
 20
133.1534809037839
 30
0.0
 41
1.051548778953999
 10
304.0905312447794
 20
133.1318304797205
 30
0.0
 41
1.051548778953987
 10
303.7866947731691
 20
133.1101800620963
 30
0.0
 41
1.051548778953864
 10
303.3548052066872
 20
133.0885296204415
 30
0.0
 41
1.051548778953122
 10
302.8109681445676
 20
133.0668792179967
 30
0.0
 41
1.051548778953999
 10
302.1777564449057
 20
133.0452287803273
 30
0.0
 41
1.051548778953999
 10
301.4824082371088
 20
133.0235783602074
 30
0.0
 41
1.051548778953999
 10
300.7545823527435
 20
133.0019279355911
 30
0.0
 41
1.051548778953999
 10
299.2742836560992
 20
132.9580552896568
 30
0.0
 41
1.051548778953999
 10
298.5216678548058
 20
132.9358330668619
 30
0.0
 41
1.051548778953999
 10
297.798456949462
 20
132.9136108489474
 30
0.0
 41
1.051548778953999
 10
297.1370408947259
 20
132.8913886113023
 30
0.0
 41
1.051548778953999
 10
296.5673812729237
 20
132.8691664153339
 30
0.0
 41
1.051548778953999
 10
296.1144107917608
 20
132.8469441692159
 30
0.0
 41
1.051548778953999
 10
295.7959379711228
 20
132.8247219582063
 30
0.0
 41
1.051548778953999
 10
295.621535858063
 20
132.8024997343309
 30
0.0
 41
1.051548778953999
 10
295.5924568269238
 20
132.780277511456
 30
0.0
 41
1.051548778953999
  0
LINE
  5
9F5
330
70
100
AcDbEntity
  8
Visible
100
AcDbLine
 10
295.592457
 20
132.780278
 30
0.0
 11
296.092612
 21
132.469843
 31
0.0
  0
LINE
  5
9F6
330
70
100
AcDbEntity
  8
Visible
100
AcDbLine
 10
296.092612
 20
133.207838
 30
0.0
 11
295.604614
 21
132.905106
 31
0.0
  0
SPLINE
  5
9F7
330
70
100
AcDbEntity
  8
Visible
100
AcDbSpline
210
0.0
220
0.0
230
1.0
 70
    12
 71
     9
 72
    28
 73
    18
 74
     0
 42
0.000000001
 43
0.0000000001
 40
0.0
 40
0.0
 40
0.0
 40
0.0
 40
0.0
 40
0.0
 40
0.0
 40
0.0
 40
0.0
 40
0.0
 40
1.551582199053999
 40
1.551582199053999
 40
1.551582199053999
 40
1.551582199053999
 40
1.551582199053999
 40
1.551582199053999
 40
1.551582199053999
 40
1.551582199053999
 40
3.087862914204068
 40
3.087862914204068
 40
3.087862914204068
 40
3.087862914204068
 40
3.087862914204068
 40
3.087862914204068
 40
3.087862914204068
 40
3.087862914204068
 40
3.087862914204068
 40
3.087862914204068
 10
304.2818647359272
 20
133.3027616822073
 30
0.0
 41
1.051548778953999
 10
304.2818647362019
 20
133.2805394594015
 30
0.0
 41
1.051548778953999
 10
304.1367128449619
 20
133.258317235448
 30
0.0
 41
1.051548778953999
 10
303.8464105092462
 20
133.236095024491
 30
0.0
 41
1.051548778953999
 10
303.4192733415839
 20
133.2138727783549
 30
0.0
 41
1.051548778953
 10
302.8719379826471
 20
133.1916505823883
 30
0.0
 41
1.051548778953999
 10
302.2283623848689
 20
133.1694283447414
 30
0.0
 41
1.051548778953999
 10
301.5178038097638
 20
133.1472061268287
 30
0.0
 41
1.051548778953999
 10
300.7722677679685
 20
133.1249839040338
 30
0.0
 41
1.051548778953999
 10
299.2829461520196
 20
133.0807586123665
 30
0.0
 41
1.051548778953999
 10
298.5392160973752
 20
133.0587555419915
 30
0.0
 41
1.051548778953999
 10
297.8239473089288
 20
133.0367524763496
 30
0.0
 41
1.051548778953999
 10
297.1685187226085
 20
133.0147493918357
 30
0.0
 41
1.051548778953999
 10
296.6020043093849
 20
132.9927463464228
 30
0.0
 41
1.051548778953999
 10
296.1487031479028
 20
132.9707432553114
 30
0.0
 41
1.051548778953999
 10
295.8261398419381
 20
132.9487401946626
 30
0.0
 41
1.051548778953999
 10
295.6439814551432
 20
132.9267371239984
 30
0.0
 41
1.051548778953999
 10
295.6039181954911
 20
132.9047340534944
 30
0.0
 41
1.051548778953999
  0
ARC
  5
9F8
330
70
100
AcDbEntity
  8
Visible
100
AcDbCircle
 10
295.635867
 20
132.838833
 30
0.0
 40
0.072911000000102
100
AcDbArc
 50
127.361206
 51
233.427901
  0
SPLINE
  5
9F9
330
70
100
AcDbEntity
  8
Visible
100
AcDbSpline
210
0.0
220
0.0
230
1.0
 70
     8
 71
     8
 72
    18
 73
     9
 74
     0
 42
0.000000001
 43
0.0000000001
 40
0.0
 40
0.0
 40
0.0
 40
0.0
 40
0.0
 40
0.0
 40
0.0
 40
0.0
 40
0.0
 40
0.0471612446520401
 40
0.0471612446520401
 40
0.0471612446520401
 40
0.0471612446520401
 40
0.0471612446520401
 40
0.0471612446520401
 40
0.0471612446520401
 40
0.0471612446520401
 40
0.0471612446520401
 10
295.5924568269238
 20
132.7802775114578
 30
0.0
 10
295.5925413640088
 20
132.7795643712579
 30
0.0
 10
295.592778431188
 20
132.7788512310562
 30
0.0
 10
295.593167929559
 20
132.7781380908563
 30
0.0
 10
295.5937097502338
 20
132.7774249506546
 30
0.0
 10
295.594403774352
 20
132.776711810453
 30
0.0
 10
295.5952498731149
 20
132.7759986702531
 30
0.0
 10
295.5962479077935
 20
132.7752855300514
 30
0.0
 10
295.5973977297581
 20
132.7745723898515
 30
0.0
  0
SPLINE
  5
9FA
330
70
100
AcDbEntity
  8
Visible
100
AcDbSpline
210
0.0
220
0.0
230
1.0
 70
     8
 71
     3
 72
     8
 73
     4
 74
     0
 42
0.000000001
 43
0.0000000001
 40
0.0464965201306273
 40
0.0464965201306273
 40
0.0464965201306273
 40
0.0464965201306273
 40
0.0589949899443173
 40
0.0589949899443173
 40
0.0589949899443173
 40
0.0589949899443173
 10
303.890291146512
 20
136.9788329033235
 30
0.0
 10
303.8548997525104
 20
136.9568525645245
 30
0.0
 10
303.8195087235108
 20
136.9348716380918
 30
0.0
 10
303.7841180856776
 20
136.9128900819669
 30
0.0
  0
SPLINE
  5
9FB
330
70
100
AcDbEntity
  8
Visible
100
AcDbSpline
210
0.0
220
0.0
230
1.0
 70
     8
 71
     3
 72
     8
 73
     4
 74
     0
 42
0.000000001
 43
0.0000000001
 40
0.0065534587836984
 40
0.0065534587836984
 40
0.0065534587836984
 40
0.0065534587836984
 40
0.0108163212431112
 40
0.0108163212431112
 40
0.0108163212431112
 40
0.0108163212431112
 10
303.7897168632371
 20
136.8513160585608
 30
0.0
 10
303.8017893183387
 20
136.8438216009453
 30
0.0
 10
303.8138618188241
 20
136.836327216426
 30
0.0
 10
303.8259343636509
 20
136.8288329033239
 30
0.0
  0
SPLINE
  5
9FC
330
70
100
AcDbEntity
  8
Visible
100
AcDbSpline
210
0.0
220
0.0
230
1.0
 70
     8
 71
     3
 72
     8
 73
     4
 74
     0
 42
0.000000001
 43
0.0000000001
 40
0.0000701569669028
 40
0.0000701569669028
 40
0.0000701569669028
 40
0.0000701569669028
 40
0.0047223689044834
 40
0.0047223689044834
 40
0.0047223689044834
 40
0.0047223689044834
 10
295.6031367581291
 20
136.9543012628364
 30
0.0
 10
295.6163129789602
 20
136.9624784153839
 30
0.0
 10
295.629489162422
 20
136.9706556281544
 30
0.0
 10
295.6426653071594
 20
136.9788329033235
 30
0.0
  0
SPLINE
  5
9FD
330
70
100
AcDbEntity
  8
Visible
100
AcDbSpline
210
0.0
220
0.0
230
1.0
 70
     8
 71
     3
 72
    16
 73
    12
 74
     0
 42
0.000000001
 43
0.0000000001
 40
0.0047834920482131
 40
0.0047834920482131
 40
0.0047834920482131
 40
0.0047834920482131
 40
0.0115267050077667
 40
0.0115267050077667
 40
0.018354451662119
 40
0.018354451662119
 40
0.0275912945793182
 40
0.0275912945793182
 40
0.0364504129285926
 40
0.0364504129285926
 40
0.044110179030165
 40
0.044110179030165
 40
0.044110179030165
 40
0.044110179030165
 10
295.5825011943798
 20
136.8288329033239
 30
0.0
 10
295.5775016123153
 20
136.8338663525792
 30
0.0
 10
295.5723771924295
 20
136.8404017221928
 30
0.0
 10
295.5635132790558
 20
136.8580264583761
 30
0.0
 10
295.5602182860475
 20
136.869278246897
 30
0.0
 10
295.559170879671
 20
136.8966122108268
 30
0.0
 10
295.5640999508523
 20
136.9123408303039
 30
0.0
 10
295.5767940425594
 20
136.933754808937
 30
0.0
 10
295.583846664098
 20
136.9405318449117
 30
0.0
 10
295.5950361191644
 20
136.9495462788345
 30
0.0
 10
295.5996698683502
 20
136.9524008334046
 30
0.0
 10
295.6039181896104
 20
136.9547340462432
 30
0.0
  0
SPLINE
  5
9FE
330
70
100
AcDbEntity
  8
Visible
100
AcDbSpline
210
0.0
220
0.0
230
1.0
 70
     8
 71
     3
 72
     8
 73
     4
 74
     0
 42
0.000000001
 43
0.0000000001
 40
0.0010028425950606
 40
0.0010028425950606
 40
0.0010028425950606
 40
0.0010028425950606
 40
0.025646211177371
 40
0.025646211177371
 40
0.025646211177371
 40
0.025646211177371
 10
304.2767720222601
 20
136.4088329033238
 30
0.0
 10
304.2069858707528
 20
136.3655013667921
 30
0.0
 10
304.1372007680766
 20
136.322168140925
 30
0.0
 10
304.0674169147532
 20
136.2788329033228
 30
0.0
  0
SPLINE
  5
9FF
330
70
100
AcDbEntity
  8
Visible
100
AcDbSpline
210
0.0
220
0.0
230
1.0
 70
     8
 71
     3
 72
     8
 73
     4
 74
     0
 42
0.000000001
 43
0.0000000001
 40
0.0255820025273895
 40
0.0255820025273895
 40
0.0255820025273895
 40
0.0255820025273895
 40
0.0502321509393218
 40
0.0502321509393218
 40
0.0502321509393218
 40
0.0502321509393218
 10
295.8199008313404
 20
136.2788329033228
 30
0.0
 10
295.8897137925614
 20
136.3221641022228
 30
0.0
 10
295.9595254960023
 20
136.3654973274569
 30
0.0
 10
296.0293357400624
 20
136.4088329033238
 30
0.0
  0
SPLINE
  5
A00
330
70
100
AcDbEntity
  8
Visible
100
AcDbSpline
210
0.0
220
0.0
230
1.0
 70
     8
 71
     3
 72
     8
 73
     4
 74
     0
 42
0.000000001
 43
0.0000000001
 40
0.019959469408062
 40
0.019959469408062
 40
0.019959469408062
 40
0.019959469408062
 40
0.0589949899445883
 40
0.0589949899445883
 40
0.0589949899445883
 40
0.0589949899445883
 10
304.1157274009893
 20
133.8788329033232
 30
0.0
 10
304.0051876782363
 20
133.810190583632
 30
0.0
 10
303.8946509741454
 20
133.7415434029481
 30
0.0
 10
303.784118085674
 20
133.6728900799153
 30
0.0
  0
SPLINE
  5
A01
330
70
100
AcDbEntity
  8
Visible
100
AcDbSpline
210
0.0
220
0.0
230
1.0
 70
     8
 71
     3
 72
     8
 73
     4
 74
     0
 42
0.000000001
 43
0.0000000001
 40
0.0065537089093652
 40
0.0065537089093652
 40
0.0065537089093652
 40
0.0065537089093652
 40
0.0648896162920234
 40
0.0648896162920234
 40
0.0648896162920234
 40
0.0648896162920234
 10
296.0897168632364
 20
133.2713675319391
 30
0.0
 10
295.9245328299858
 20
133.373964867711
 30
0.0
 10
295.759340354356
 20
133.4765486129672
 30
0.0
 10
295.5941420204636
 20
133.5791229223105
 30
0.0
  0
SPLINE
  5
A02
330
70
100
AcDbEntity
  8
Visible
100
AcDbSpline
210
0.0
220
0.0
230
1.0
 70
     8
 71
     3
 72
     8
 73
     4
 74
     0
 42
0.000000001
 43
0.0000000001
 40
0.0065534587823226
 40
0.0065534587823226
 40
0.0065534587823226
 40
0.0065534587823226
 40
0.0638925549039819
 40
0.0638925549039819
 40
0.0638925549039819
 40
0.0638925549039819
 10
303.7897168632371
 20
133.6113160565164
 30
0.0
 10
303.9521015683822
 20
133.510509279462
 30
0.0
 10
304.1144944844746
 20
133.4097157271681
 30
0.0
 10
304.276893074104
 20
133.3089313179098
 30
0.0
  0
SPLINE
  5
A03
330
70
100
AcDbEntity
  8
Visible
100
AcDbSpline
210
0.0
220
0.0
230
1.0
 70
     8
 71
     3
 72
     8
 73
     4
 74
     0
 42
0.000000001
 43
0.0000000001
 40
0.0000701569659417
 40
0.0000701569659417
 40
0.0000701569659417
 40
0.0000701569659417
 40
0.0312707166614993
 40
0.0312707166614993
 40
0.0312707166614993
 40
0.0312707166614993
 10
295.6031367581236
 20
133.714301260783
 30
0.0
 10
295.6915045001988
 20
133.7691422137868
 30
0.0
 10
295.7798705614823
 20
133.8239858754241
 30
0.0
 10
295.8682345331563
 20
133.8788329033232
 30
0.0
  0
SPLINE
  5
A04
330
70
100
AcDbEntity
  8
Visible
100
AcDbSpline
210
0.0
220
0.0
230
1.0
 70
     8
 71
     3
 72
    12
 73
     8
 74
     0
 42
0.000000001
 43
0.0000000001
 40
0.0004733569281045
 40
0.0004733569281045
 40
0.0004733569281045
 40
0.0004733569281045
 40
0.0122429932987929
 40
0.0122429932987929
 40
0.0186111400395019
 40
0.0186111400395019
 40
0.0251963294354621
 40
0.0251963294354621
 40
0.0251963294354621
 40
0.0251963294354621
 10
304.2763075765906
 20
133.3092946771612
 30
0.0
 10
304.2829091958556
 20
133.3055957793622
 30
0.0
 10
304.2906983098764
 20
133.3007614533489
 30
0.0
 10
304.3041485472404
 20
133.2858286554037
 30
0.0
 10
304.3091225621702
 20
133.27895644618
 30
0.0
 10
304.3170406221398
 20
133.2612031424105
 30
0.0
 10
304.3197168631141
 20
133.2500570770225
 30
0.0
 10
304.319716863236
 20
133.2388328994529
 30
0.0
  0
SPLINE
  5
A05
330
70
100
AcDbEntity
  8
Visible
100
AcDbSpline
210
0.0
220
0.0
230
1.0
 70
     8
 71
     3
 72
    16
 73
    12
 74
     0
 42
0.000000001
 43
0.0000000001
 40
0.0
 40
0.0
 40
0.0
 40
0.0
 40
0.0115267050106412
 40
0.0115267050106412
 40
0.0183544516642477
 40
0.0183544516642477
 40
0.0275912945786293
 40
0.0275912945786293
 40
0.0364504129303274
 40
0.0364504129303274
 40
0.0441101790323266
 40
0.0441101790323266
 40
0.0441101790323266
 40
0.0441101790323266
 10
295.5926509156853
 20
133.5801313300126
 30
0.0
 10
295.5851342738715
 20
133.5857124500398
 30
0.0
 10
295.5755015447467
 20
133.5941893528725
 30
0.0
 10
295.5635132790539
 20
133.6180264563336
 30
0.0
 10
295.5602182860475
 20
133.6292782448563
 30
0.0
 10
295.5591708796746
 20
133.6566122087824
 30
0.0
 10
295.5640999508523
 20
133.6723408282505
 30
0.0
 10
295.5767940425576
 20
133.6937548068836
 30
0.0
 10
295.583846664098
 20
133.7005318428619
 30
0.0
 10
295.5950361191662
 20
133.7095462767865
 30
0.0
 10
295.5996698683502
 20
133.7124008313549
 30
0.0
 10
295.6039181896122
 20
133.7147340441952
 30
0.0
  0
SPLINE
  5
A06
330
70
100
AcDbEntity
  8
Visible
100
AcDbSpline
210
0.0
220
0.0
230
1.0
 70
     8
 71
     3
 72
     8
 73
     4
 74
     0
 42
0.000000001
 43
0.0000000001
 40
0.0
 40
0.0
 40
0.0
 40
0.0
 40
0.0589949903647393
 40
0.0589949903647393
 40
0.0589949903647393
 40
0.0589949903647393
 10
304.2852917048913
 20
133.174122920158
 30
0.0
 10
304.1182269492038
 20
133.0703897193671
 30
0.0
 10
303.9511681576059
 20
132.9666469121821
 30
0.0
 10
303.7841180811775
 20
132.8628900754047
 30
0.0
  0
SPLINE
  5
A07
330
70
100
AcDbEntity
  8
Visible
100
AcDbSpline
210
0.0
220
0.0
230
1.0
 70
     8
 71
     3
 72
     8
 73
     4
 74
     0
 42
0.000000001
 43
0.0000000001
 40
0.0
 40
0.0
 40
0.0
 40
0.0
 40
0.0067603664819591
 40
0.0067603664819591
 40
0.0067603664819591
 40
0.0067603664819591
 10
295.5916551209557
 20
132.8967844332965
 30
0.0
 10
295.5961251065692
 20
132.9001997706509
 30
0.0
 10
295.6001686958989
 20
132.9026747975913
 30
0.0
 10
295.6039181954911
 20
132.9047340534944
 30
0.0
  0
ARC
  5
A08
330
70
100
AcDbEntity
  8
Visible
100
AcDbCircle
 10
304.240291
 20
133.239532
 30
0.0
 40
0.0794292040155476
100
AcDbArc
 50
305.826107
 51
359.495482
  0
LINE
  5
A09
330
70
100
AcDbEntity
  8
Visible
100
AcDbLine
 10
296.089717
 20
132.469227
 30
0.0
 11
295.597398
 21
132.774572
 31
0.0
  0
ARC
  5
A0A
330
70
100
AcDbEntity
  8
Visible
100
AcDbCircle
 10
295.642734
 20
132.840245
 30
0.0
 40
0.0798400619836819
100
AcDbArc
 50
186.744251
 51
234.083338
  0
CIRCLE
  5
A0B
330
70
100
AcDbEntity
  8
Visible
100
AcDbCircle
 10
-290.889717
 20
212.798833
 30
0.0
 40
5.0
210
0.0
220
0.0
230
-1.0
  0
ARC
  5
A0C
330
70
100
AcDbEntity
  8
Visible
100
AcDbCircle
 10
290.889717
 20
212.798833
 30
0.0
 40
5.25
100
AcDbArc
 50
102.639258
 51
77.360742
  0
ARC
  5
A0D
330
70
100
AcDbEntity
  8
Visible
100
AcDbCircle
 10
289.699821
 20
218.096311
 30
0.0
 40
0.1794784980386528
100
AcDbArc
 50
283.249034
 51
304.744131
  0
SPLINE
  5
A0E
330
70
100
AcDbEntity
  8
Visible
100
AcDbSpline
210
0.0
220
0.0
230
1.0
 70
     8
 71
     3
 72
    14
 73
    10
 74
     0
 42
0.000000001
 43
0.0000000001
 40
0.0287364171964085
 40
0.0287364171964085
 40
0.0287364171964085
 40
0.0287364171964085
 40
0.0315312113103148
 40
0.0315312113103148
 40
0.0379469235991283
 40
0.0379469235991283
 40
0.0462206989252603
 40
0.0462206989252603
 40
0.0507454820882655
 40
0.0507454820882655
 40
0.0507454820882655
 40
0.0507454820882655
 10
289.8021080218659
 20
217.9488329033211
 30
0.0
 10
289.8096520711679
 20
217.9539795115943
 30
0.0
 10
289.8168188136115
 20
217.9595835772961
 30
0.0
 10
289.8387092308512
 20
217.9791185672148
 30
0.0
 10
289.8511563083903
 20
217.9944529159311
 30
0.0
 10
289.872364348319
 20
218.0279424722867
 30
0.0
 10
289.8813171392922
 20
218.0492483699818
 30
0.0
 10
289.8884577810859
 20
218.0823431359058
 30
0.0
 10
289.8896837222201
 20
218.0940702960143
 30
0.0
 10
289.8897168632393
 20
218.1054325678906
 30
0.0
  0
LINE
  5
A0F
330
70
100
AcDbEntity
  8
Visible
100
AcDbLine
 10
289.889717
 20
218.105433
 30
0.0
 11
289.889717
 21
218.387914
 31
0.0
  0
ARC
  5
A10
330
70
100
AcDbEntity
  8
Visible
100
AcDbCircle
 10
290.959468
 20
212.833501
 30
0.0
 40
5.656489857183619
100
AcDbArc
 50
100.901386
 51
143.792184
  0
ARC
  5
A11
330
70
100
AcDbEntity
  8
Visible
100
AcDbCircle
 10
290.889717
 20
212.798833
 30
0.0
 40
5.621113887496345
100
AcDbArc
 50
143.08706
 51
226.954106
  0
ARC
  5
A12
330
70
100
AcDbEntity
  8
Visible
100
AcDbCircle
 10
290.83671
 20
213.095783
 30
0.0
 40
5.808909936870308
100
AcDbArc
 50
152.451983
 51
229.336932
  0
ARC
  5
A13
330
70
100
AcDbEntity
  8
Visible
100
AcDbCircle
 10
-290.889717
 20
212.798833
 30
0.0
 40
6.0
210
0.0
220
0.0
230
-1.0
100
AcDbArc
 50
324.225884
 51
29.828683
  0
SPLINE
  5
A14
330
70
100
AcDbEntity
  8
Visible
100
AcDbSpline
210
0.0
220
0.0
230
1.0
 70
     8
 71
     3
 72
    28
 73
    24
 74
     0
 42
0.000000001
 43
0.0000000001
 40
-2.31185098458597
 40
-2.31185098458597
 40
-2.31185098458597
 40
-2.31185098458597
 40
-2.085515823748242
 40
-2.085515823748242
 40
-1.869636346229458
 40
-1.869636346229458
 40
-1.630921445729162
 40
-1.630921445729162
 40
-1.399635568345909
 40
-1.399635568345909
 40
-1.164192072108365
 40
-1.164192072108365
 40
-0.9390580359706778
 40
-0.9390580359706778
 40
-0.7070614263921624
 40
-0.7070614263921624
 40
-0.4852645174830014
 40
-0.4852645174830014
 40
-0.256331508373798
 40
-0.256331508373798
 40
-0.127868005098503
 40
-0.127868005098503
 40
-0.0000009999999996
 40
-0.0000009999999996
 40
-0.0000009999999996
 40
-0.0000009999999996
 10
286.0217488995895
 20
209.291285625679
 30
0.0
 10
286.4632503482535
 20
208.6945396887022
 30
0.0
 10
287.0126677566004
 20
208.1828772544286
 30
0.0
 10
288.2438900600591
 20
207.4075550588914
 30
0.0
 10
288.9078137615125
 20
207.1395794835935
 30
0.0
 10
290.372146552103
 20
206.8347037729654
 30
0.0
 10
291.1681946377648
 20
206.8276110210973
 30
0.0
 10
292.6913049815521
 20
207.1231113388985
 30
0.0
 10
293.4055046486756
 20
207.4126756856876
 30
0.0
 10
294.6953101889885
 20
208.2553995145026
 30
0.0
 10
295.2581209626515
 20
208.8066212765825
 30
0.0
 10
296.1135611530808
 20
210.0696091962782
 30
0.0
 10
296.4096073266101
 20
210.7613830113314
 30
0.0
 10
296.7302469875831
 20
212.2410441313914
 30
0.0
 10
296.743812369672
 20
213.0197758769427
 30
0.0
 10
296.4698028499061
 20
214.5024843346691
 30
0.0
 10
296.1984981851601
 20
215.194912792218
 30
0.0
 10
295.397753863248
 20
216.4604983282952
 30
0.0
 10
294.866465527095
 20
217.0193422199245
 30
0.0
 10
293.8904559757775
 20
217.7022818743881
 30
0.0
 10
293.5131826636607
 20
217.9075943758762
 30
0.0
 10
292.7217576910862
 20
218.2294193029975
 30
0.0
 10
292.310258140431
 20
218.345334116344
 30
0.0
 10
291.8897168632375
 20
218.4144662632225
 30
0.0
  0
LINE
  5
A15
330
70
100
AcDbEntity
  8
Visible
100
AcDbLine
 10
291.889717
 20
218.414466
 30
0.0
 11
291.889717
 21
218.105433
 31
0.0
  0
SPLINE
  5
A16
330
70
100
AcDbEntity
  8
Visible
100
AcDbSpline
210
0.0
220
0.0
230
1.0
 70
     8
 71
     3
 72
    14
 73
    10
 74
     0
 42
0.000000001
 43
0.0000000001
 40
0.0605501234533749
 40
0.0605501234533749
 40
0.0605501234533749
 40
0.0605501234533749
 40
0.0650749066163801
 40
0.0650749066163801
 40
0.0733486819425121
 40
0.0733486819425121
 40
0.0797643942313256
 40
0.0797643942313256
 40
0.0825591883452318
 40
0.0825591883452318
 40
0.0825591883452318
 40
0.0825591883452318
 10
291.8897168632393
 20
218.1054325678906
 30
0.0
 10
291.8897500042567
 20
218.0940702960143
 30
0.0
 10
291.8909759453909
 20
218.0823431359058
 30
0.0
 10
291.8981165871846
 20
218.0492483699818
 30
0.0
 10
291.9070693781577
 20
218.0279424722867
 30
0.0
 10
291.9282774180865
 20
217.9944529159311
 30
0.0
 10
291.9407244956255
 20
217.9791185672148
 30
0.0
 10
291.9626149128653
 20
217.9595835772961
 30
0.0
 10
291.9697816553089
 20
217.9539795115943
 30
0.0
 10
291.9773257046109
 20
217.9488329033211
 30
0.0
  0
ARC
  5
A17
330
70
100
AcDbEntity
  8
Visible
100
AcDbCircle
 10
292.079878
 20
218.09669
 30
0.0
 40
0.1799273432828346
100
AcDbArc
 50
235.255292
 51
256.696509
  0
ARC
  5
A18
330
70
100
AcDbEntity
  8
Visible
100
AcDbCircle
 10
290.889717
 20
212.798833
 30
0.0
 40
5.99999985467352
100
AcDbArc
 50
215.774115
 51
80.405934
  0
LINE
  5
A19
330
70
100
AcDbEntity
  8
Visible
100
AcDbLine
 10
289.889717
 20
218.387914
 30
0.0
 11
289.889717
 21
218.714913
 31
0.0
  0
LINE
  5
A1A
330
70
100
AcDbEntity
  8
Visible
100
AcDbLine
 10
289.889717
 20
218.105433
 30
0.0
 11
289.889717
 21
217.948833
 31
0.0
  0
LINE
  5
A1B
330
70
100
AcDbEntity
  8
Visible
100
AcDbLine
 10
291.889717
 20
217.948833
 30
0.0
 11
291.889717
 21
218.105433
 31
0.0
  0
LINE
  5
A1C
330
70
100
AcDbEntity
  8
Visible
100
AcDbLine
 10
291.889717
 20
218.714913
 30
0.0
 11
291.889717
 21
218.414466
 31
0.0
  0
ARC
  5
A1D
330
70
100
AcDbEntity
  8
Visible
100
AcDbCircle
 10
290.039717
 20
217.948833
 30
0.0
 40
0.15
100
AcDbArc
 50
180.0
 51
270.0
  0
LINE
  5
A1E
330
70
100
AcDbEntity
  8
Visible
100
AcDbLine
 10
290.039717
 20
217.798833
 30
0.0
 11
291.739717
 21
217.798833
 31
0.0
  0
ARC
  5
A1F
330
70
100
AcDbEntity
  8
Visible
100
AcDbCircle
 10
291.739717
 20
217.948833
 30
0.0
 40
0.15
100
AcDbArc
 50
270.0
 51
0.0
  0
ARC
  5
A20
330
70
100
AcDbEntity
  8
Visible
100
AcDbCircle
 10
290.889717
 20
212.798833
 30
0.0
 40
6.000000000003158
100
AcDbArc
 50
99.594068
 51
150.171317
  0
LINE
  5
A21
330
70
100
AcDbEntity
  8
Visible
100
AcDbLine
 10
291.839717
 20
218.398833
 30
0.0
 11
291.839717
 21
218.723148
 31
0.0
  0
LINE
  5
A22
330
70
100
AcDbEntity
  8
Visible
100
AcDbLine
 10
289.939717
 20
218.398833
 30
0.0
 11
289.939717
 21
218.723148
 31
0.0
  0
LINE
  5
A23
330
70
100
AcDbEntity
  8
Visible
100
AcDbLine
 10
289.939717
 20
217.998833
 30
0.0
 11
291.839717
 21
217.998833
 31
0.0
  0
LINE
  5
A24
330
70
100
AcDbEntity
  8
Visible
100
AcDbLine
 10
291.839717
 20
217.998833
 30
0.0
 11
291.839717
 21
218.398833
 31
0.0
  0
LINE
  5
A25
330
70
100
AcDbEntity
  8
Visible
100
AcDbLine
 10
289.939717
 20
218.398833
 30
0.0
 11
291.839717
 21
218.398833
 31
0.0
  0
LINE
  5
A26
330
70
100
AcDbEntity
  8
Visible
100
AcDbLine
 10
289.939717
 20
217.998833
 30
0.0
 11
289.939717
 21
218.398833
 31
0.0
  0
LINE
  5
A27
330
70
100
AcDbEntity
  8
Visible
100
AcDbLine
 10
353.189717
 20
136.828833
 30
0.0
 11
366.689717
 21
136.828833
 31
0.0
  0
LINE
  5
A28
330
70
100
AcDbEntity
  8
Visible
100
AcDbLine
 10
353.189717
 20
136.408833
 30
0.0
 11
366.689717
 21
136.408833
 31
0.0
  0
LINE
  5
A29
330
70
100
AcDbEntity
  8
Visible
100
AcDbLine
 10
353.189717
 20
136.408833
 30
0.0
 11
353.189717
 21
136.828833
 31
0.0
  0
LINE
  5
A2A
330
70
100
AcDbEntity
  8
Visible
100
AcDbLine
 10
366.689717
 20
136.408833
 30
0.0
 11
366.689717
 21
136.828833
 31
0.0
  0
LINE
  5
A2B
330
70
100
AcDbEntity
  8
Visible
100
AcDbLine
 10
293.189717
 20
136.828833
 30
0.0
 11
306.689717
 21
136.828833
 31
0.0
  0
LINE
  5
A2C
330
70
100
AcDbEntity
  8
Visible
100
AcDbLine
 10
293.189717
 20
136.408833
 30
0.0
 11
306.689717
 21
136.408833
 31
0.0
  0
LINE
  5
A2D
330
70
100
AcDbEntity
  8
Visible
100
AcDbLine
 10
293.189717
 20
136.408833
 30
0.0
 11
293.189717
 21
136.828833
 31
0.0
  0
LINE
  5
A2E
330
70
100
AcDbEntity
  8
Visible
100
AcDbLine
 10
306.689717
 20
136.408833
 30
0.0
 11
306.689717
 21
136.828833
 31
0.0
  0
LINE
  5
A2F
330
70
100
AcDbEntity
  8
Visible
100
AcDbLine
 10
356.627368
 20
136.278833
 30
0.0
 11
354.047032
 21
136.278833
 31
0.0
  0
LINE
  5
A30
330
70
100
AcDbEntity
  8
Visible
100
AcDbLine
 10
357.247736
 20
136.278833
 30
0.0
 11
356.627368
 21
136.278833
 31
0.0
  0
LINE
  5
A31
330
70
100
AcDbEntity
  8
Visible
100
AcDbLine
 10
362.51187
 20
136.278833
 30
0.0
 11
357.247736
 21
136.278833
 31
0.0
  0
LINE
  5
A32
330
70
100
AcDbEntity
  8
Visible
100
AcDbLine
 10
363.140421
 20
136.278833
 30
0.0
 11
362.51187
 21
136.278833
 31
0.0
  0
LINE
  5
A33
330
70
100
AcDbEntity
  8
Visible
100
AcDbLine
 10
365.824219
 20
136.278833
 30
0.0
 11
363.140421
 21
136.278833
 31
0.0
  0
LINE
  5
A34
330
70
100
AcDbEntity
  8
Visible
100
AcDbLine
 10
365.832402
 20
136.278833
 30
0.0
 11
365.824219
 21
136.278833
 31
0.0
  0
SPLINE
  5
A35
330
70
100
AcDbEntity
  8
Visible
100
AcDbSpline
210
0.0
220
0.0
230
1.0
 70
     8
 71
     5
 72
    24
 73
    18
 74
     0
 42
0.000000001
 43
0.0000000001
 40
0.0
 40
0.0
 40
0.0
 40
0.0
 40
0.0
 40
0.0
 40
0.154427676822
 40
0.154427676822
 40
0.154427676822
 40
0.154427676822
 40
0.333506890328
 40
0.333506890328
 40
0.333506890328
 40
0.333506890328
 40
0.561080207004
 40
0.561080207004
 40
0.561080207004
 40
0.561080207004
 40
1.0
 40
1.0
 40
1.0
 40
1.0
 40
1.0
 40
1.0
 10
354.0125446493512
 20
134.1388329033234
 30
0.0
 10
354.0135893144852
 20
134.1190364029134
 30
0.0
 10
354.0146375493696
 20
134.100583593603
 30
0.0
 10
354.0156888488564
 20
134.0834017580455
 30
0.0
 10
354.0167427815104
 20
134.0674185187545
 30
0.0
 10
354.0190238019059
 20
134.0353335617928
 30
0.0
 10
354.0202516700156
 20
134.0196205167503
 30
0.0
 10
354.0214820384735
 20
134.0053102032889
 30
0.0
 10
354.0227144558103
 20
133.9922938780055
 30
0.0
 10
354.0255168889144
 20
133.9654364263278
 30
0.0
 10
354.0270879396703
 20
133.9523267865533
 30
0.0
 10
354.0286610225685
 20
133.9409233505375
 30
0.0
 10
354.03023561378
 20
133.9310262975341
 30
0.0
 10
354.0348505399052
 20
133.9059396611155
 30
0.0
 10
354.0378939134771
 20
133.8943720996212
 30
0.0
 10
354.0409392767251
 20
133.8864974089556
 30
0.0
 10
354.0439854391025
 20
133.8814192679892
 30
0.0
 10
354.047032132381
 20
133.8788329033232
 30
0.0
  0
LINE
  5
A36
330
70
100
AcDbEntity
  8
Visible
100
AcDbLine
 10
354.012545
 20
134.138833
 30
0.0
 11
354.012545
 21
135.978833
 31
0.0
  0
SPLINE
  5
A37
330
70
100
AcDbEntity
  8
Visible
100
AcDbSpline
210
0.0
220
0.0
230
1.0
 70
     8
 71
     5
 72
    24
 73
    18
 74
     0
 42
0.000000001
 43
0.0000000001
 40
0.0
 40
0.0
 40
0.0
 40
0.0
 40
0.0
 40
0.0
 40
0.441138860389
 40
0.441138860389
 40
0.441138860389
 40
0.441138860389
 40
0.667652063363
 40
0.667652063363
 40
0.667652063363
 40
0.667652063363
 40
0.846504343532
 40
0.846504343532
 40
0.846504343532
 40
0.846504343532
 40
1.0
 40
1.0
 40
1.0
 40
1.0
 40
1.0
 40
1.0
 10
354.047032132381
 20
136.2788329033228
 30
0.0
 10
354.0439651119432
 20
136.2755659066406
 30
0.0
 10
354.0408988108065
 20
136.2691528228642
 30
0.0
 10
354.0378336626109
 20
136.2592850408564
 30
0.0
 10
354.034771235647
 20
136.2450517555753
 30
0.0
 10
354.0301446878639
 20
136.2149544105268
 30
0.0
 10
354.0285765455683
 20
136.2032532795911
 30
0.0
 10
354.0270103148832
 20
136.1898884016445
 30
0.0
 10
354.0254466143651
 20
136.1746616744531
 30
0.0
 10
354.022654225033
 20
136.143699850918
 30
0.0
 10
354.0214242828861
 20
136.1287460840322
 30
0.0
 10
354.0201968426645
 20
136.1123940993202
 30
0.0
 10
354.018972425858
 20
136.0945350356105
 30
0.0
 10
354.0167039823446
 20
136.0583392604094
 30
0.0
 10
354.0156589947892
 20
136.0404294684358
 30
0.0
 10
354.0146171090218
 20
136.0212559579941
 30
0.0
 10
354.013578807042
 20
136.0007475477578
 30
0.0
 10
354.0125446493512
 20
135.9788329033235
 30
0.0
  0
ARC
  5
A38
330
70
100
AcDbEntity
  8
Visible
100
AcDbCircle
 10
356.459714
 20
126.089073
 30
0.0
 40
10.1901320892204
100
AcDbArc
 50
89.05739
 51
103.898371
  0
ARC
  5
A39
330
70
100
AcDbEntity
  8
Visible
100
AcDbCircle
 10
357.464428
 20
145.112026
 30
0.0
 40
11.2342431935151
100
AcDbArc
 50
268.894885
 51
282.327854
  0
LINE
  5
A3A
330
70
100
AcDbEntity
  8
Visible
100
AcDbLine
 10
359.86256
 20
134.138833
 30
0.0
 11
359.86256
 21
135.978833
 31
0.0
  0
ARC
  5
A3B
330
70
100
AcDbEntity
  8
Visible
100
AcDbCircle
 10
357.41539
 20
126.089073
 30
0.0
 40
10.19013208922031
100
AcDbArc
 50
76.101629
 51
90.94261
  0
ARC
  5
A3C
330
70
100
AcDbEntity
  8
Visible
100
AcDbCircle
 10
356.410676
 20
145.112026
 30
0.0
 40
11.23424319351706
100
AcDbArc
 50
257.672146
 51
271.105115
  0
LINE
  5
A3D
330
70
100
AcDbEntity
  8
Visible
100
AcDbLine
 10
357.247736
 20
133.878833
 30
0.0
 11
356.627368
 21
133.878833
 31
0.0
  0
ARC
  5
A3E
330
70
100
AcDbEntity
  8
Visible
100
AcDbCircle
 10
362.34164
 20
125.825562
 30
0.0
 40
10.45364794991256
100
AcDbArc
 50
89.067028
 51
103.721197
  0
ARC
  5
A3F
330
70
100
AcDbEntity
  8
Visible
100
AcDbCircle
 10
363.360232
 20
145.404322
 30
0.0
 40
11.52654389435751
100
AcDbArc
 50
268.907403
 51
282.169944
  0
LINE
  5
A40
330
70
100
AcDbEntity
  8
Visible
100
AcDbLine
 10
365.789732
 20
134.138833
 30
0.0
 11
365.789732
 21
135.978833
 31
0.0
  0
ARC
  5
A41
330
70
100
AcDbEntity
  8
Visible
100
AcDbCircle
 10
363.310651
 20
125.825562
 30
0.0
 40
10.45364794991187
100
AcDbArc
 50
76.278803
 51
90.932972
  0
ARC
  5
A42
330
70
100
AcDbEntity
  8
Visible
100
AcDbCircle
 10
362.29206
 20
145.404322
 30
0.0
 40
11.52654389434446
100
AcDbArc
 50
257.830056
 51
271.092597
  0
LINE
  5
A43
330
70
100
AcDbEntity
  8
Visible
100
AcDbLine
 10
363.140421
 20
133.878833
 30
0.0
 11
362.51187
 21
133.878833
 31
0.0
  0
LINE
  5
A44
330
70
100
AcDbEntity
  8
Visible
100
AcDbLine
 10
365.866889
 20
134.138833
 30
0.0
 11
365.866889
 21
135.978833
 31
0.0
  0
SPLINE
  5
A45
330
70
100
AcDbEntity
  8
Visible
100
AcDbSpline
210
0.0
220
0.0
230
1.0
 70
     8
 71
     5
 72
    24
 73
    18
 74
     0
 42
0.000000001
 43
0.0000000001
 40
0.0
 40
0.0
 40
0.0
 40
0.0
 40
0.0
 40
0.0
 40
0.441138860389
 40
0.441138860389
 40
0.441138860389
 40
0.441138860389
 40
0.667652063363
 40
0.667652063363
 40
0.667652063363
 40
0.667652063363
 40
0.846504343532
 40
0.846504343532
 40
0.846504343532
 40
0.846504343532
 40
1.0
 40
1.0
 40
1.0
 40
1.0
 40
1.0
 40
1.0
 10
365.8242194165141
 20
136.2788329033228
 30
0.0
 10
365.8211523960763
 20
136.2755659066406
 30
0.0
 10
365.8180860949378
 20
136.2691528228642
 30
0.0
 10
365.8150209467422
 20
136.2592850408564
 30
0.0
 10
365.8119585197801
 20
136.2450517555753
 30
0.0
 10
365.807331971997
 20
136.2149544105268
 30
0.0
 10
365.8057638297014
 20
136.2032532795911
 30
0.0
 10
365.8041975990163
 20
136.1898884016445
 30
0.0
 10
365.8026338984964
 20
136.1746616744531
 30
0.0
 10
365.7998415091661
 20
136.143699850918
 30
0.0
 10
365.7986115670174
 20
136.1287460840322
 30
0.0
 10
365.7973841267976
 20
136.1123940993202
 30
0.0
 10
365.7961597099911
 20
136.0945350356123
 30
0.0
 10
365.7938912664777
 20
136.0583392604094
 30
0.0
 10
365.7928462789223
 20
136.0404294684358
 30
0.0
 10
365.7918043931531
 20
136.0212559579941
 30
0.0
 10
365.7907660911751
 20
136.0007475477578
 30
0.0
 10
365.7897319334843
 20
135.9788329033235
 30
0.0
  0
SPLINE
  5
A46
330
70
100
AcDbEntity
  8
Visible
100
AcDbSpline
210
0.0
220
0.0
230
1.0
 70
     8
 71
     5
 72
    24
 73
    18
 74
     0
 42
0.000000001
 43
0.0000000001
 40
0.0
 40
0.0
 40
0.0
 40
0.0
 40
0.0
 40
0.0
 40
0.441138860389
 40
0.441138860389
 40
0.441138860389
 40
0.441138860389
 40
0.667652063363
 40
0.667652063363
 40
0.667652063363
 40
0.667652063363
 40
0.846504343532
 40
0.846504343532
 40
0.846504343532
 40
0.846504343532
 40
1.0
 40
1.0
 40
1.0
 40
1.0
 40
1.0
 40
1.0
 10
365.8324015940925
 20
136.2788329033228
 30
0.0
 10
365.8354686145303
 20
136.2755659066406
 30
0.0
 10
365.838534915667
 20
136.2691528228642
 30
0.0
 10
365.8416000638626
 20
136.2592850408564
 30
0.0
 10
365.8446624908265
 20
136.2450517555753
 30
0.0
 10
365.8492890386096
 20
136.2149544105268
 30
0.0
 10
365.8508571809052
 20
136.2032532795911
 30
0.0
 10
365.8524234115903
 20
136.1898884016445
 30
0.0
 10
365.8539871121084
 20
136.1746616744531
 30
0.0
 10
365.8567795014405
 20
136.143699850918
 30
0.0
 10
365.8580094435874
 20
136.1287460840322
 30
0.0
 10
365.859236883809
 20
136.1123940993202
 30
0.0
 10
365.8604613006155
 20
136.0945350356123
 30
0.0
 10
365.8627297441289
 20
136.0583392604094
 30
0.0
 10
365.8637747316843
 20
136.0404294684358
 30
0.0
 10
365.8648166174517
 20
136.0212559579941
 30
0.0
 10
365.8658549194315
 20
136.0007475477578
 30
0.0
 10
365.8668890771223
 20
135.9788329033235
 30
0.0
  0
SPLINE
  5
A47
330
70
100
AcDbEntity
  8
Visible
100
AcDbSpline
210
0.0
220
0.0
230
1.0
 70
     8
 71
     5
 72
    24
 73
    18
 74
     0
 42
0.000000001
 43
0.0000000001
 40
0.0
 40
0.0
 40
0.0
 40
0.0
 40
0.0
 40
0.0
 40
0.154427676822
 40
0.154427676822
 40
0.154427676822
 40
0.154427676822
 40
0.333506890328
 40
0.333506890328
 40
0.333506890328
 40
0.333506890328
 40
0.561080207004
 40
0.561080207004
 40
0.561080207004
 40
0.561080207004
 40
1.0
 40
1.0
 40
1.0
 40
1.0
 40
1.0
 40
1.0
 10
365.8668890771223
 20
134.1388329033234
 30
0.0
 10
365.8658444119883
 20
134.1190364029134
 30
0.0
 10
365.8647961771039
 20
134.100583593603
 30
0.0
 10
365.8637448776171
 20
134.0834017580455
 30
0.0
 10
365.8626909449631
 20
134.0674185187545
 30
0.0
 10
365.8604099245676
 20
134.0353335617928
 30
0.0
 10
365.8591820564579
 20
134.0196205167503
 30
0.0
 10
365.857951688
 20
134.0053102032889
 30
0.0
 10
365.8567192706632
 20
133.9922938780055
 30
0.0
 10
365.8539168375591
 20
133.9654364263278
 30
0.0
 10
365.8523457868032
 20
133.9523267865533
 30
0.0
 10
365.850772703905
 20
133.9409233505375
 30
0.0
 10
365.8491981126936
 20
133.9310262975341
 30
0.0
 10
365.8445831865683
 20
133.9059396611155
 30
0.0
 10
365.8415398129964
 20
133.8943720996212
 30
0.0
 10
365.8384944497484
 20
133.8864974089556
 30
0.0
 10
365.835448287371
 20
133.8814192679892
 30
0.0
 10
365.8324015940925
 20
133.8788329033232
 30
0.0
  0
SPLINE
  5
A48
330
70
100
AcDbEntity
  8
Visible
100
AcDbSpline
210
0.0
220
0.0
230
1.0
 70
     8
 71
     5
 72
    24
 73
    18
 74
     0
 42
0.000000001
 43
0.0000000001
 40
0.0
 40
0.0
 40
0.0
 40
0.0
 40
0.0
 40
0.0
 40
0.154427676823
 40
0.154427676823
 40
0.154427676823
 40
0.154427676823
 40
0.333506890328
 40
0.333506890328
 40
0.333506890328
 40
0.333506890328
 40
0.561080207004
 40
0.561080207004
 40
0.561080207004
 40
0.561080207004
 40
1.0
 40
1.0
 40
1.0
 40
1.0
 40
1.0
 40
1.0
 10
365.7897319334843
 20
134.1388329033234
 30
0.0
 10
365.7907765986165
 20
134.1190364029134
 30
0.0
 10
365.7918248335027
 20
134.100583593603
 30
0.0
 10
365.7928761329895
 20
134.0834017580455
 30
0.0
 10
365.7939300656417
 20
134.0674185187545
 30
0.0
 10
365.7962110860371
 20
134.0353335617928
 30
0.0
 10
365.7974389541487
 20
134.0196205167503
 30
0.0
 10
365.7986693226066
 20
134.0053102032889
 30
0.0
 10
365.7999017399434
 20
133.9922938780055
 30
0.0
 10
365.8027041730475
 20
133.9654364263278
 30
0.0
 10
365.8042752238016
 20
133.9523267865533
 30
0.0
 10
365.8058483067016
 20
133.9409233505375
 30
0.0
 10
365.8074228979131
 20
133.9310262975341
 30
0.0
 10
365.8120378240383
 20
133.9059396611155
 30
0.0
 10
365.8150811976102
 20
133.8943720996212
 30
0.0
 10
365.8181265608582
 20
133.8864974089556
 30
0.0
 10
365.8211727232338
 20
133.8814192679892
 30
0.0
 10
365.8242194165141
 20
133.8788329033232
 30
0.0
  0
LINE
  5
A49
330
70
100
AcDbEntity
  8
Visible
100
AcDbLine
 10
365.832402
 20
133.878833
 30
0.0
 11
365.824219
 21
133.878833
 31
0.0
  0
LINE
  5
A4A
330
70
100
AcDbEntity
  8
Visible
100
AcDbLine
 10
356.627368
 20
133.878833
 30
0.0
 11
354.047032
 21
133.878833
 31
0.0
  0
LINE
  5
A4B
330
70
100
AcDbEntity
  8
Visible
100
AcDbLine
 10
365.824219
 20
133.878833
 30
0.0
 11
363.140421
 21
133.878833
 31
0.0
  0
LINE
  5
A4C
330
70
100
AcDbEntity
  8
Visible
100
AcDbLine
 10
362.51187
 20
133.878833
 30
0.0
 11
357.247736
 21
133.878833
 31
0.0
  0
LINE
  5
A4D
330
70
100
AcDbEntity
  8
Visible
100
AcDbLine
 10
296.627368
 20
136.278833
 30
0.0
 11
294.047032
 21
136.278833
 31
0.0
  0
LINE
  5
A4E
330
70
100
AcDbEntity
  8
Visible
100
AcDbLine
 10
297.247736
 20
136.278833
 30
0.0
 11
296.627368
 21
136.278833
 31
0.0
  0
LINE
  5
A4F
330
70
100
AcDbEntity
  8
Visible
100
AcDbLine
 10
302.51187
 20
136.278833
 30
0.0
 11
297.247736
 21
136.278833
 31
0.0
  0
LINE
  5
A50
330
70
100
AcDbEntity
  8
Visible
100
AcDbLine
 10
303.140421
 20
136.278833
 30
0.0
 11
302.51187
 21
136.278833
 31
0.0
  0
LINE
  5
A51
330
70
100
AcDbEntity
  8
Visible
100
AcDbLine
 10
305.824219
 20
136.278833
 30
0.0
 11
303.140421
 21
136.278833
 31
0.0
  0
LINE
  5
A52
330
70
100
AcDbEntity
  8
Visible
100
AcDbLine
 10
305.832402
 20
136.278833
 30
0.0
 11
305.824219
 21
136.278833
 31
0.0
  0
SPLINE
  5
A53
330
70
100
AcDbEntity
  8
Visible
100
AcDbSpline
210
0.0
220
0.0
230
1.0
 70
     8
 71
     5
 72
    24
 73
    18
 74
     0
 42
0.000000001
 43
0.0000000001
 40
0.0
 40
0.0
 40
0.0
 40
0.0
 40
0.0
 40
0.0
 40
0.154427676822
 40
0.154427676822
 40
0.154427676822
 40
0.154427676822
 40
0.333506890328
 40
0.333506890328
 40
0.333506890328
 40
0.333506890328
 40
0.561080207004
 40
0.561080207004
 40
0.561080207004
 40
0.561080207004
 40
1.0
 40
1.0
 40
1.0
 40
1.0
 40
1.0
 40
1.0
 10
294.0125446493512
 20
134.1388329033234
 30
0.0
 10
294.0135893144852
 20
134.1190364029134
 30
0.0
 10
294.0146375493696
 20
134.100583593603
 30
0.0
 10
294.0156888488564
 20
134.0834017580455
 30
0.0
 10
294.0167427815104
 20
134.0674185187545
 30
0.0
 10
294.0190238019058
 20
134.0353335617928
 30
0.0
 10
294.0202516700156
 20
134.0196205167503
 30
0.0
 10
294.0214820384717
 20
134.0053102032889
 30
0.0
 10
294.0227144558103
 20
133.9922938780055
 30
0.0
 10
294.0255168889144
 20
133.9654364263278
 30
0.0
 10
294.0270879396703
 20
133.9523267865533
 30
0.0
 10
294.0286610225685
 20
133.9409233505375
 30
0.0
 10
294.03023561378
 20
133.9310262975341
 30
0.0
 10
294.0348505399052
 20
133.9059396611155
 30
0.0
 10
294.0378939134771
 20
133.8943720996212
 30
0.0
 10
294.0409392767251
 20
133.8864974089556
 30
0.0
 10
294.0439854391025
 20
133.8814192679892
 30
0.0
 10
294.047032132381
 20
133.8788329033232
 30
0.0
  0
LINE
  5
A54
330
70
100
AcDbEntity
  8
Visible
100
AcDbLine
 10
294.012545
 20
134.138833
 30
0.0
 11
294.012545
 21
135.978833
 31
0.0
  0
SPLINE
  5
A55
330
70
100
AcDbEntity
  8
Visible
100
AcDbSpline
210
0.0
220
0.0
230
1.0
 70
     8
 71
     5
 72
    24
 73
    18
 74
     0
 42
0.000000001
 43
0.0000000001
 40
0.0
 40
0.0
 40
0.0
 40
0.0
 40
0.0
 40
0.0
 40
0.441138860389
 40
0.441138860389
 40
0.441138860389
 40
0.441138860389
 40
0.667652063363
 40
0.667652063363
 40
0.667652063363
 40
0.667652063363
 40
0.846504343532
 40
0.846504343532
 40
0.846504343532
 40
0.846504343532
 40
1.0
 40
1.0
 40
1.0
 40
1.0
 40
1.0
 40
1.0
 10
294.047032132381
 20
136.2788329033228
 30
0.0
 10
294.0439651119432
 20
136.2755659066406
 30
0.0
 10
294.0408988108047
 20
136.2691528228642
 30
0.0
 10
294.0378336626109
 20
136.2592850408564
 30
0.0
 10
294.034771235647
 20
136.2450517555753
 30
0.0
 10
294.0301446878639
 20
136.2149544105268
 30
0.0
 10
294.0285765455683
 20
136.2032532795911
 30
0.0
 10
294.0270103148833
 20
136.1898884016445
 30
0.0
 10
294.0254466143652
 20
136.1746616744531
 30
0.0
 10
294.0226542250329
 20
136.143699850918
 30
0.0
 10
294.0214242828861
 20
136.1287460840322
 30
0.0
 10
294.0201968426645
 20
136.1123940993202
 30
0.0
 10
294.018972425858
 20
136.0945350356123
 30
0.0
 10
294.0167039823427
 20
136.0583392604094
 30
0.0
 10
294.0156589947892
 20
136.0404294684358
 30
0.0
 10
294.0146171090219
 20
136.0212559579941
 30
0.0
 10
294.013578807042
 20
136.0007475477578
 30
0.0
 10
294.0125446493512
 20
135.9788329033235
 30
0.0
  0
ARC
  5
A56
330
70
100
AcDbEntity
  8
Visible
100
AcDbCircle
 10
296.459714
 20
126.089073
 30
0.0
 40
10.19013208922054
100
AcDbArc
 50
89.05739
 51
103.898371
  0
ARC
  5
A57
330
70
100
AcDbEntity
  8
Visible
100
AcDbCircle
 10
297.464428
 20
145.112026
 30
0.0
 40
11.23424319351521
100
AcDbArc
 50
268.894885
 51
282.327854
  0
LINE
  5
A58
330
70
100
AcDbEntity
  8
Visible
100
AcDbLine
 10
299.86256
 20
134.138833
 30
0.0
 11
299.86256
 21
135.978833
 31
0.0
  0
ARC
  5
A59
330
70
100
AcDbEntity
  8
Visible
100
AcDbCircle
 10
297.41539
 20
126.089073
 30
0.0
 40
10.19013208921998
100
AcDbArc
 50
76.101629
 51
90.94261
  0
ARC
  5
A5A
330
70
100
AcDbEntity
  8
Visible
100
AcDbCircle
 10
296.410676
 20
145.112026
 30
0.0
 40
11.23424319351752
100
AcDbArc
 50
257.672146
 51
271.105115
  0
LINE
  5
A5B
330
70
100
AcDbEntity
  8
Visible
100
AcDbLine
 10
297.247736
 20
133.878833
 30
0.0
 11
296.627368
 21
133.878833
 31
0.0
  0
ARC
  5
A5C
330
70
100
AcDbEntity
  8
Visible
100
AcDbCircle
 10
302.34164
 20
125.825562
 30
0.0
 40
10.4536479499127
100
AcDbArc
 50
89.067028
 51
103.721197
  0
ARC
  5
A5D
330
70
100
AcDbEntity
  8
Visible
100
AcDbCircle
 10
303.360232
 20
145.404322
 30
0.0
 40
11.52654389435774
100
AcDbArc
 50
268.907403
 51
282.169944
  0
LINE
  5
A5E
330
70
100
AcDbEntity
  8
Visible
100
AcDbLine
 10
305.789732
 20
134.138833
 30
0.0
 11
305.789732
 21
135.978833
 31
0.0
  0
ARC
  5
A5F
330
70
100
AcDbEntity
  8
Visible
100
AcDbCircle
 10
303.310651
 20
125.825562
 30
0.0
 40
10.45364794991163
100
AcDbArc
 50
76.278803
 51
90.932972
  0
ARC
  5
A60
330
70
100
AcDbEntity
  8
Visible
100
AcDbCircle
 10
302.29206
 20
145.404322
 30
0.0
 40
11.52654389434466
100
AcDbArc
 50
257.830056
 51
271.092597
  0
LINE
  5
A61
330
70
100
AcDbEntity
  8
Visible
100
AcDbLine
 10
303.140421
 20
133.878833
 30
0.0
 11
302.51187
 21
133.878833
 31
0.0
  0
LINE
  5
A62
330
70
100
AcDbEntity
  8
Visible
100
AcDbLine
 10
305.866889
 20
134.138833
 30
0.0
 11
305.866889
 21
135.978833
 31
0.0
  0
SPLINE
  5
A63
330
70
100
AcDbEntity
  8
Visible
100
AcDbSpline
210
0.0
220
0.0
230
1.0
 70
     8
 71
     5
 72
    24
 73
    18
 74
     0
 42
0.000000001
 43
0.0000000001
 40
0.0
 40
0.0
 40
0.0
 40
0.0
 40
0.0
 40
0.0
 40
0.441138860389
 40
0.441138860389
 40
0.441138860389
 40
0.441138860389
 40
0.667652063363
 40
0.667652063363
 40
0.667652063363
 40
0.667652063363
 40
0.846504343532
 40
0.846504343532
 40
0.846504343532
 40
0.846504343532
 40
1.0
 40
1.0
 40
1.0
 40
1.0
 40
1.0
 40
1.0
 10
305.8242194165141
 20
136.2788329033228
 30
0.0
 10
305.8211523960763
 20
136.2755659066406
 30
0.0
 10
305.8180860949378
 20
136.2691528228642
 30
0.0
 10
305.8150209467421
 20
136.2592850408564
 30
0.0
 10
305.8119585197801
 20
136.2450517555753
 30
0.0
 10
305.807331971997
 20
136.2149544105268
 30
0.0
 10
305.8057638297014
 20
136.2032532795911
 30
0.0
 10
305.8041975990164
 20
136.1898884016445
 30
0.0
 10
305.8026338984964
 20
136.1746616744531
 30
0.0
 10
305.7998415091661
 20
136.143699850918
 30
0.0
 10
305.7986115670173
 20
136.1287460840322
 30
0.0
 10
305.7973841267976
 20
136.1123940993202
 30
0.0
 10
305.7961597099911
 20
136.0945350356123
 30
0.0
 10
305.7938912664758
 20
136.0583392604094
 30
0.0
 10
305.7928462789223
 20
136.0404294684358
 30
0.0
 10
305.7918043931532
 20
136.0212559579941
 30
0.0
 10
305.7907660911751
 20
136.0007475477578
 30
0.0
 10
305.7897319334843
 20
135.9788329033235
 30
0.0
  0
SPLINE
  5
A64
330
70
100
AcDbEntity
  8
Visible
100
AcDbSpline
210
0.0
220
0.0
230
1.0
 70
     8
 71
     5
 72
    24
 73
    18
 74
     0
 42
0.000000001
 43
0.0000000001
 40
0.0
 40
0.0
 40
0.0
 40
0.0
 40
0.0
 40
0.0
 40
0.441138860389
 40
0.441138860389
 40
0.441138860389
 40
0.441138860389
 40
0.667652063363
 40
0.667652063363
 40
0.667652063363
 40
0.667652063363
 40
0.846504343532
 40
0.846504343532
 40
0.846504343532
 40
0.846504343532
 40
1.0
 40
1.0
 40
1.0
 40
1.0
 40
1.0
 40
1.0
 10
305.8324015940907
 20
136.2788329033228
 30
0.0
 10
305.8354686145303
 20
136.2755659066406
 30
0.0
 10
305.838534915667
 20
136.2691528228642
 30
0.0
 10
305.8416000638626
 20
136.2592850408564
 30
0.0
 10
305.8446624908247
 20
136.2450517555753
 30
0.0
 10
305.8492890386078
 20
136.2149544105268
 30
0.0
 10
305.8508571809052
 20
136.2032532795911
 30
0.0
 10
305.8524234115903
 20
136.1898884016445
 30
0.0
 10
305.8539871121084
 20
136.1746616744531
 30
0.0
 10
305.8567795014405
 20
136.143699850918
 30
0.0
 10
305.8580094435874
 20
136.1287460840322
 30
0.0
 10
305.859236883809
 20
136.1123940993202
 30
0.0
 10
305.8604613006137
 20
136.0945350356123
 30
0.0
 10
305.862729744129
 20
136.0583392604094
 30
0.0
 10
305.8637747316843
 20
136.0404294684358
 30
0.0
 10
305.8648166174517
 20
136.0212559579941
 30
0.0
 10
305.8658549194297
 20
136.0007475477578
 30
0.0
 10
305.8668890771223
 20
135.9788329033235
 30
0.0
  0
SPLINE
  5
A65
330
70
100
AcDbEntity
  8
Visible
100
AcDbSpline
210
0.0
220
0.0
230
1.0
 70
     8
 71
     5
 72
    24
 73
    18
 74
     0
 42
0.000000001
 43
0.0000000001
 40
0.0
 40
0.0
 40
0.0
 40
0.0
 40
0.0
 40
0.0
 40
0.154427676822
 40
0.154427676822
 40
0.154427676822
 40
0.154427676822
 40
0.333506890328
 40
0.333506890328
 40
0.333506890328
 40
0.333506890328
 40
0.561080207004
 40
0.561080207004
 40
0.561080207004
 40
0.561080207004
 40
1.0
 40
1.0
 40
1.0
 40
1.0
 40
1.0
 40
1.0
 10
305.8668890771223
 20
134.1388329033234
 30
0.0
 10
305.8658444119883
 20
134.1190364029134
 30
0.0
 10
305.8647961771039
 20
134.100583593603
 30
0.0
 10
305.8637448776171
 20
134.0834017580455
 30
0.0
 10
305.8626909449631
 20
134.0674185187545
 30
0.0
 10
305.8604099245676
 20
134.0353335617928
 30
0.0
 10
305.859182056458
 20
134.0196205167503
 30
0.0
 10
305.857951688
 20
134.0053102032889
 30
0.0
 10
305.8567192706632
 20
133.9922938780055
 30
0.0
 10
305.8539168375592
 20
133.9654364263278
 30
0.0
 10
305.8523457868032
 20
133.9523267865533
 30
0.0
 10
305.850772703905
 20
133.9409233505375
 30
0.0
 10
305.8491981126936
 20
133.9310262975341
 30
0.0
 10
305.8445831865683
 20
133.9059396611155
 30
0.0
 10
305.8415398129964
 20
133.8943720996212
 30
0.0
 10
305.8384944497484
 20
133.8864974089556
 30
0.0
 10
305.835448287371
 20
133.8814192679892
 30
0.0
 10
305.8324015940907
 20
133.8788329033232
 30
0.0
  0
SPLINE
  5
A66
330
70
100
AcDbEntity
  8
Visible
100
AcDbSpline
210
0.0
220
0.0
230
1.0
 70
     8
 71
     5
 72
    24
 73
    18
 74
     0
 42
0.000000001
 43
0.0000000001
 40
0.0
 40
0.0
 40
0.0
 40
0.0
 40
0.0
 40
0.0
 40
0.154427676823
 40
0.154427676823
 40
0.154427676823
 40
0.154427676823
 40
0.333506890328
 40
0.333506890328
 40
0.333506890328
 40
0.333506890328
 40
0.561080207004
 40
0.561080207004
 40
0.561080207004
 40
0.561080207004
 40
1.0
 40
1.0
 40
1.0
 40
1.0
 40
1.0
 40
1.0
 10
305.7897319334843
 20
134.1388329033234
 30
0.0
 10
305.7907765986165
 20
134.1190364029134
 30
0.0
 10
305.7918248335027
 20
134.100583593603
 30
0.0
 10
305.7928761329895
 20
134.0834017580455
 30
0.0
 10
305.7939300656417
 20
134.0674185187545
 30
0.0
 10
305.7962110860371
 20
134.0353335617928
 30
0.0
 10
305.7974389541487
 20
134.0196205167503
 30
0.0
 10
305.7986693226049
 20
134.0053102032889
 30
0.0
 10
305.7999017399434
 20
133.9922938780055
 30
0.0
 10
305.8027041730475
 20
133.9654364263278
 30
0.0
 10
305.8042752238016
 20
133.9523267865533
 30
0.0
 10
305.8058483067016
 20
133.9409233505375
 30
0.0
 10
305.8074228979131
 20
133.9310262975341
 30
0.0
 10
305.8120378240383
 20
133.9059396611155
 30
0.0
 10
305.8150811976102
 20
133.8943720996212
 30
0.0
 10
305.8181265608582
 20
133.8864974089556
 30
0.0
 10
305.8211727232337
 20
133.8814192679892
 30
0.0
 10
305.8242194165141
 20
133.8788329033232
 30
0.0
  0
LINE
  5
A67
330
70
100
AcDbEntity
  8
Visible
100
AcDbLine
 10
305.832402
 20
133.878833
 30
0.0
 11
305.824219
 21
133.878833
 31
0.0
  0
LINE
  5
A68
330
70
100
AcDbEntity
  8
Visible
100
AcDbLine
 10
296.627368
 20
133.878833
 30
0.0
 11
294.047032
 21
133.878833
 31
0.0
  0
LINE
  5
A69
330
70
100
AcDbEntity
  8
Visible
100
AcDbLine
 10
305.824219
 20
133.878833
 30
0.0
 11
303.140421
 21
133.878833
 31
0.0
  0
LINE
  5
A6A
330
70
100
AcDbEntity
  8
Visible
100
AcDbLine
 10
302.51187
 20
133.878833
 30
0.0
 11
297.247736
 21
133.878833
 31
0.0
  0
LINE
  5
A6B
330
70
100
AcDbEntity
  8
Visible
100
AcDbLine
 10
375.289717
 20
189.048833
 30
0.0
 11
375.289717
 21
189.748833
 31
0.0
  0
LINE
  5
A6C
330
70
100
AcDbEntity
  8
Visible
100
AcDbLine
 10
375.289717
 20
189.748833
 30
0.0
 11
373.489717
 21
189.748833
 31
0.0
  0
LINE
  5
A6D
330
70
100
AcDbEntity
  8
Visible
100
AcDbLine
 10
375.289717
 20
189.048833
 30
0.0
 11
373.489717
 21
189.048833
 31
0.0
  0
LINE
  5
A6E
330
70
100
AcDbEntity
  8
Visible
100
AcDbLine
 10
373.489717
 20
189.048833
 30
0.0
 11
373.489717
 21
189.748833
 31
0.0
  0
LINE
  5
A6F
330
70
100
AcDbEntity
  8
Visible
100
AcDbLine
 10
373.989717
 20
185.567879
 30
0.0
 11
373.989717
 21
185.486685
 31
0.0
  0
ARC
  5
A70
330
70
100
AcDbEntity
  8
Visible
100
AcDbCircle
 10
374.389717
 20
186.121114
 30
0.0
 40
0.7500000000000001
100
AcDbArc
 50
237.769047
 51
302.230953
  0
LINE
  5
A71
330
70
100
AcDbEntity
  8
Visible
100
AcDbLine
 10
374.789717
 20
185.486685
 30
0.0
 11
374.789717
 21
185.567879
 31
0.0
  0
LINE
  5
A72
330
70
100
AcDbEntity
  8
Visible
100
AcDbLine
 10
374.389717
 20
178.998833
 30
0.0
 11
376.699118
 21
178.998833
 31
0.0
  0
LINE
  5
A73
330
70
100
AcDbEntity
  8
Visible
100
AcDbLine
 10
372.080316
 20
178.998833
 30
0.0
 11
374.389717
 21
178.998833
 31
0.0
  0
LINE
  5
A74
330
70
100
AcDbEntity
  8
Visible
100
AcDbLine
 10
377.853818
 20
180.998833
 30
0.0
 11
379.008519
 21
182.998833
 31
0.0
  0
LINE
  5
A75
330
70
100
AcDbEntity
  8
Visible
100
AcDbLine
 10
376.699118
 20
178.998833
 30
0.0
 11
377.853818
 21
180.998833
 31
0.0
  0
ARC
  5
A76
330
70
100
AcDbEntity
  8
Visible
100
AcDbCircle
 10
-374.389717
 20
182.998833
 30
0.0
 40
4.0
210
0.0
220
0.0
230
-1.0
100
AcDbArc
 50
210.0
 51
270.0
  0
LINE
  5
A77
330
70
100
AcDbEntity
  8
Visible
100
AcDbLine
 10
370.925615
 20
180.998833
 30
0.0
 11
372.080316
 21
178.998833
 31
0.0
  0
ARC
  5
A78
330
70
100
AcDbEntity
  8
Visible
100
AcDbCircle
 10
-374.389717
 20
182.998833
 30
0.0
 40
4.0
210
0.0
220
0.0
230
-1.0
100
AcDbArc
 50
270.0
 51
330.0
  0
LINE
  5
A79
330
70
100
AcDbEntity
  8
Visible
100
AcDbLine
 10
369.770915
 20
182.998833
 30
0.0
 11
370.925615
 21
180.998833
 31
0.0
  0
LINE
  5
A7A
330
70
100
AcDbEntity
  8
Visible
100
AcDbLine
 10
377.853818
 20
184.998833
 30
0.0
 11
376.699118
 21
186.998833
 31
0.0
  0
LINE
  5
A7B
330
70
100
AcDbEntity
  8
Visible
100
AcDbLine
 10
379.008519
 20
182.998833
 30
0.0
 11
377.853818
 21
184.998833
 31
0.0
  0
ARC
  5
A7C
330
70
100
AcDbEntity
  8
Visible
100
AcDbCircle
 10
-374.389717
 20
182.998833
 30
0.0
 40
4.0
210
0.0
220
0.0
230
-1.0
100
AcDbArc
 50
150.0
 51
210.0
  0
ARC
  5
A7D
330
70
100
AcDbEntity
  8
Visible
100
AcDbCircle
 10
-374.389717
 20
182.998833
 30
0.0
 40
4.0
210
0.0
220
0.0
230
-1.0
100
AcDbArc
 50
90.0
 51
150.0
  0
ARC
  5
A7E
330
70
100
AcDbEntity
  8
Visible
100
AcDbCircle
 10
-374.389717
 20
182.998833
 30
0.0
 40
4.0
210
0.0
220
0.0
230
-1.0
100
AcDbArc
 50
29.999999
 51
90.0
  0
ARC
  5
A7F
330
70
100
AcDbEntity
  8
Visible
100
AcDbCircle
 10
-374.389717
 20
182.998833
 30
0.0
 40
4.0
210
0.0
220
0.0
230
-1.0
100
AcDbArc
 50
330.0
 51
29.999999
  0
ARC
  5
A80
330
70
100
AcDbEntity
  8
Visible
100
AcDbCircle
 10
374.389717
 20
182.998833
 30
0.0
 40
2.6
100
AcDbArc
 50
78.912511
 51
101.087489
  0
LINE
  5
A81
330
70
100
AcDbEntity
  8
Visible
100
AcDbLine
 10
370.925615
 20
184.998833
 30
0.0
 11
369.770915
 21
182.998833
 31
0.0
  0
LINE
  5
A82
330
70
100
AcDbEntity
  8
Visible
100
AcDbLine
 10
372.080316
 20
186.998833
 30
0.0
 11
370.925615
 21
184.998833
 31
0.0
  0
LINE
  5
A83
330
70
100
AcDbEntity
  8
Visible
100
AcDbLine
 10
374.389717
 20
186.998833
 30
0.0
 11
372.080316
 21
186.998833
 31
0.0
  0
LINE
  5
A84
330
70
100
AcDbEntity
  8
Visible
100
AcDbLine
 10
376.699118
 20
186.998833
 30
0.0
 11
374.389717
 21
186.998833
 31
0.0
  0
LINE
  5
A85
330
70
100
AcDbEntity
  8
Visible
100
AcDbLine
 10
373.889717
 20
185.636547
 30
0.0
 11
373.889717
 21
185.80463
 31
0.0
  0
LINE
  5
A86
330
70
100
AcDbEntity
  8
Visible
100
AcDbLine
 10
373.889717
 20
185.499333
 30
0.0
 11
373.889717
 21
185.636547
 31
0.0
  0
LINE
  5
A87
330
70
100
AcDbEntity
  8
Visible
100
AcDbLine
 10
373.889717
 20
185.248833
 30
0.0
 11
373.889717
 21
185.499333
 31
0.0
  0
LINE
  5
A88
330
70
100
AcDbEntity
  8
Visible
100
AcDbLine
 10
374.889717
 20
185.248833
 30
0.0
 11
373.889717
 21
185.248833
 31
0.0
  0
LINE
  5
A89
330
70
100
AcDbEntity
  8
Visible
100
AcDbLine
 10
374.889717
 20
185.499333
 30
0.0
 11
374.889717
 21
185.248833
 31
0.0
  0
LINE
  5
A8A
330
70
100
AcDbEntity
  8
Visible
100
AcDbLine
 10
374.889717
 20
185.665248
 30
0.0
 11
374.889717
 21
185.499333
 31
0.0
  0
LINE
  5
A8B
330
70
100
AcDbEntity
  8
Visible
100
AcDbLine
 10
374.889717
 20
185.665248
 30
0.0
 11
374.889717
 21
185.80463
 31
0.0
  0
CIRCLE
  5
A8C
330
70
100
AcDbEntity
  8
Visible
100
AcDbCircle
 10
-374.389717
 20
182.998833
 30
0.0
 40
2.0
210
0.0
220
0.0
230
-1.0
  0
ARC
  5
A8D
330
70
100
AcDbEntity
  8
Visible
100
AcDbCircle
 10
374.389717
 20
182.998833
 30
0.0
 40
2.849999560338437
100
AcDbArc
 50
335.569361
 51
79.895826
  0
SPLINE
  5
A8E
330
70
100
AcDbEntity
  8
Visible
100
AcDbSpline
210
0.0
220
0.0
230
1.0
 70
     8
 71
     6
 72
    29
 73
    22
 74
     0
 42
0.000000001
 43
0.0000000001
 40
0.0
 40
0.0
 40
0.0
 40
0.0
 40
0.0
 40
0.0
 40
0.0
 40
0.255601690078
 40
0.255601690078
 40
0.255601690078
 40
0.255601690078
 40
0.255601690078
 40
0.5087077375530001
 40
0.5087077375530001
 40
0.5087077375530001
 40
0.5087077375530001
 40
0.5087077375530001
 40
0.755907023291
 40
0.755907023291
 40
0.755907023291
 40
0.755907023291
 40
0.755907023291
 40
0.9951460826003375
 40
0.9951460826003375
 40
0.9951460826003375
 40
0.9951460826003375
 40
0.9951460826003375
 40
0.9951460826003375
 40
0.9951460826003375
 10
376.9845354837526
 20
181.8200978497025
 30
0.0
 10
377.0689616776581
 20
182.0198689496592
 30
0.0
 10
377.1351057731572
 20
182.2272739878644
 30
0.0
 10
377.1820417111048
 20
182.4402006631171
 30
0.0
 10
377.2092035153473
 20
182.6564398664995
 30
0.0
 10
377.2163297741536
 20
182.8737131319394
 30
0.0
 10
377.1908766709548
 20
183.3035378757941
 30
0.0
 10
377.1586821365945
 20
183.5161517751494
 30
0.0
 10
377.1070619703805
 20
183.7252459103711
 30
0.0
 10
377.0364821086441
 20
183.9286162146909
 30
0.0
 10
376.9477087888154
 20
184.1241305724925
 30
0.0
 10
376.7385076320879
 20
184.4910754379998
 30
0.0
 10
376.6188496921495
 20
184.6629916847796
 30
0.0
 10
376.4839440276628
 20
184.8236297894836
 30
0.0
 10
376.3351082677837
 20
184.9713098039192
 30
0.0
 10
376.1738832823831
 20
185.1045365041209
 30
0.0
 10
375.8357882633263
 20
185.3357959912646
 30
0.0
 10
375.6595629595941
 20
185.4348419085381
 30
0.0
 10
375.4750211201935
 20
185.5180525839751
 30
0.0
 10
375.283929808269
 20
185.5845603016332
 30
0.0
 10
375.0881650823885
 20
185.6337360947091
 30
0.0
 10
374.8897168632138
 20
185.6652481704368
 30
0.0
  0
ARC
  5
A8F
330
70
100
AcDbEntity
  8
Visible
100
AcDbCircle
 10
374.389717
 20
182.998833
 30
0.0
 40
2.849999733324314
100
AcDbArc
 50
100.104177
 51
252.430989
  0
ARC
  5
A90
330
70
100
AcDbEntity
  8
Visible
100
AcDbCircle
 10
-374.389717
 20
182.998833
 30
0.0
 40
2.85
210
0.0
220
0.0
230
-1.0
100
AcDbArc
 50
204.430633
 51
287.569016
  0
SPLINE
  5
A91
330
70
100
AcDbEntity
  8
Visible
100
AcDbSpline
210
0.0
220
0.0
230
1.0
 70
     8
 71
     6
 72
    19
 73
    12
 74
     0
 42
0.000000001
 43
0.0000000001
 40
0.0
 40
0.0
 40
0.0
 40
0.0
 40
0.0
 40
0.0
 40
0.0
 40
0.4850616781470001
 40
0.4850616781470001
 40
0.4850616781470001
 40
0.4850616781470001
 40
0.4850616781470001
 40
1.0
 40
1.0
 40
1.0
 40
1.0
 40
1.0
 40
1.0
 40
1.0
 10
376.1383052557212
 20
181.1427783153103
 30
0.0
 10
375.9893731771918
 20
180.9677072981412
 30
0.0
 10
375.8209135454617
 20
180.8082797250117
 30
0.0
 10
375.6352537638723
 20
180.6671127189147
 30
0.0
 10
375.4350846457892
 20
180.5462175068187
 30
0.0
 10
375.2233043421329
 20
180.4471269889964
 30
0.0
 10
374.7692097508789
 20
180.2897855805695
 30
0.0
 10
374.5257451204216
 20
180.2344010102752
 30
0.0
 10
374.2763619738671
 20
180.2058307217649
 30
0.0
 10
374.0247743990167
 20
180.2044513390283
 30
0.0
 10
373.7746200359416
 20
180.2300614994892
 30
0.0
 10
373.5294320843386
 20
180.2817740533137
 30
0.0
  0
ARC
  5
A92
330
70
100
AcDbEntity
  8
Visible
100
AcDbCircle
 10
374.599519
 20
183.036687
 30
0.0
 40
2.439684017218223
100
AcDbArc
 50
253.359083
 51
309.093594
  0
ARC
  5
A93
330
70
100
AcDbEntity
  8
Visible
100
AcDbCircle
 10
374.217888
 20
183.127102
 30
0.0
 40
2.447980196205264
100
AcDbArc
 50
207.033749
 51
262.562754
  0
SPLINE
  5
A94
330
70
100
AcDbEntity
  8
Visible
100
AcDbSpline
210
0.0
220
0.0
230
1.0
 70
     8
 71
     3
 72
    16
 73
    12
 74
     0
 42
0.000000001
 43
0.0000000001
 40
-0.4677093647274716
 40
-0.4677093647274716
 40
-0.4677093647274716
 40
-0.4677093647274716
 40
-0.3659549388778178
 40
-0.3659549388778178
 40
-0.2644928620620943
 40
-0.2644928620620943
 40
-0.1619044481259355
 40
-0.1619044481259355
 40
-0.0812960911978473
 40
-0.0812960911978473
 40
-0.000000999991921
 40
-0.000000999991921
 40
-0.000000999991921
 40
-0.000000999991921
 10
372.0373762956715
 20
182.0144580488158
 30
0.0
 10
371.8974148491179
 20
182.322894027935
 30
0.0
 10
371.8203156801174
 20
182.65612703449
 30
0.0
 10
371.7994096854727
 20
183.3324231432634
 30
0.0
 10
371.855404121905
 20
183.6688462077818
 30
0.0
 10
372.093957697618
 20
184.305166477161
 30
0.0
 10
372.2755654344583
 20
184.5984086461303
 30
0.0
 10
372.6907689030923
 20
185.0456589883324
 30
0.0
 10
372.9024374444907
 20
185.2134052642686
 30
0.0
 10
373.3708006412362
 20
185.4809650250354
 30
0.0
 10
373.6251071523729
 20
185.5786199295944
 30
0.0
 10
373.8897168633175
 20
185.6365471137596
 30
0.0
  0
ARC
  5
A95
330
70
100
AcDbEntity
  8
Visible
100
AcDbCircle
 10
-374.389717
 20
182.998833
 30
0.0
 40
2.549999999999999
210
0.0
220
0.0
230
-1.0
100
AcDbArc
 50
337.292341
 51
78.692271
  0
ARC
  5
A96
330
70
100
AcDbEntity
  8
Visible
100
AcDbCircle
 10
-374.389717
 20
182.998833
 30
0.0
 40
2.549999999999999
210
0.0
220
0.0
230
-1.0
100
AcDbArc
 50
101.307729
 51
226.707669
  0
CIRCLE
  5
A97
330
70
100
AcDbEntity
  8
Visible
100
AcDbCircle
 10
-374.389717
 20
182.998833
 30
0.0
 40
4.900000000001999
210
0.0
220
0.0
230
-1.0
  0
CIRCLE
  5
A98
330
70
100
AcDbEntity
  8
Visible
100
AcDbCircle
 10
-374.389717
 20
182.998833
 30
0.0
 40
5.0
210
0.0
220
0.0
230
-1.0
  0
CIRCLE
  5
A99
330
70
100
AcDbEntity
  8
Visible
100
AcDbCircle
 10
-317.459717
 20
213.998833
 30
0.0
 40
2.500000000000006
210
0.0
220
0.0
230
-1.0
  0
ARC
  5
A9A
330
70
100
AcDbEntity
  8
Visible
100
AcDbCircle
 10
-290.889718
 20
212.798834
 30
0.0
 40
6.000000000000007
210
0.0
220
0.0
230
-1.0
100
AcDbArc
 50
80.405919
 51
99.594059
  0
LINE
  5
A9B
330
70
100
AcDbEntity
  8
Visible
100
AcDbLine
 10
386.189717
 20
136.978833
 30
0.0
 11
273.689717
 21
136.978833
 31
0.0
  0
LINE
  5
A9C
330
70
100
AcDbEntity
  8
Visible
100
AcDbLine
 10
270.689717
 20
139.978833
 30
0.0
 11
270.689717
 21
226.978833
 31
0.0
  0
LINE
  5
A9D
330
70
100
AcDbEntity
  8
Visible
100
AcDbLine
 10
273.689717
 20
229.978833
 30
0.0
 11
386.189717
 21
229.978833
 31
0.0
  0
LINE
  5
A9E
330
70
100
AcDbEntity
  8
Visible
100
AcDbLine
 10
389.189717
 20
226.978833
 30
0.0
 11
389.189717
 21
139.978833
 31
0.0
  0
ARC
  5
A9F
330
70
100
AcDbEntity
  8
Visible
100
AcDbCircle
 10
273.689717
 20
139.978833
 30
0.0
 40
3.00000000000001
100
AcDbArc
 50
180.0
 51
270.0
  0
ARC
  5
AA0
330
70
100
AcDbEntity
  8
Visible
100
AcDbCircle
 10
386.189717
 20
139.978833
 30
0.0
 40
3.000000000000005
100
AcDbArc
 50
270.0
 51
0.0
  0
ARC
  5
AA1
330
70
100
AcDbEntity
  8
Visible
100
AcDbCircle
 10
273.689717
 20
226.978833
 30
0.0
 40
3.000000000000005
100
AcDbArc
 50
90.0
 51
180.0
  0
ARC
  5
AA2
330
70
100
AcDbEntity
  8
Visible
100
AcDbCircle
 10
-386.189717
 20
226.978833
 30
0.0
 40
3.000000000000005
210
0.0
220
0.0
230
-1.0
100
AcDbArc
 50
90.0
 51
180.0
  0
ARC
  5
AA3
330
70
100
AcDbEntity
  8
Visible
100
AcDbCircle
 10
374.389717
 20
182.998833
 30
0.0
 40
2.5
100
AcDbArc
 50
99.206896
 51
101.536959
  0
ARC
  5
AA4
330
70
100
AcDbEntity
  8
Visible
100
AcDbCircle
 10
374.389717
 20
182.998833
 30
0.0
 40
2.5
100
AcDbArc
 50
78.463041
 51
80.793104
  0
LINE
  5
AA5
330
70
100
AcDbEntity
  8
Visible
100
AcDbLine
 10
374.789717
 20
185.298833
 30
0.0
 11
373.989717
 21
185.298833
 31
0.0
  0
LINE
  5
AA6
330
70
100
AcDbEntity
  8
Visible
100
AcDbLine
 10
373.989717
 20
185.486685
 30
0.0
 11
373.989717
 21
185.298833
 31
0.0
  0
LINE
  5
AA7
330
70
100
AcDbEntity
  8
Visible
100
AcDbLine
 10
374.789717
 20
185.486685
 30
0.0
 11
374.789717
 21
185.298833
 31
0.0
  0
CIRCLE
  5
AA8
330
70
100
AcDbEntity
  8
Visible
100
AcDbCircle
 10
-374.389717
 20
182.998833
 30
0.0
 40
1.5
210
0.0
220
0.0
230
-1.0
  0
ENDSEC
  0
SECTION
  2
OBJECTS
  0
DICTIONARY
  5
C
330
0
100
AcDbDictionary
281
     1
  3
ACAD_COLOR
350
63
  3
ACAD_DETAILVIEWSTYLE
350
6A
  3
ACAD_GROUP
350
D
  3
ACAD_LAYOUT
350
62
  3
ACAD_MATERIAL
350
10
  3
ACAD_MLEADERSTYLE
350
66
  3
ACAD_MLINESTYLE
350
5F
  3
ACAD_PLOTSETTINGS
350
61
  3
ACAD_PLOTSTYLENAME
350
E
  3
ACAD_SCALELIST
350
42
  3
ACAD_SECTIONVIEWSTYLE
350
68
  3
ACAD_TABLESTYLE
350
64
  3
ACAD_VISUALSTYLE
350
29
  3
ACDB_RECOMPOSE_DATA
350
B62
  3
AcDbVariableDictionary
350
B59
  0
DICTIONARY
  5
AC
330
70
100
AcDbDictionary
280
     1
281
     1
  3
ACAD_SORTENTS
360
AD
  0
DICTIONARY
  5
457
330
456
100
AcDbDictionary
280
     1
281
     1
  0
DICTIONARY
  5
49D
330
49C
100
AcDbDictionary
280
     1
281
     1
  3
ACAD_SORTENTS
360
75C
  0
DICTIONARY
  5
4B8
330
4B7
100
AcDbDictionary
280
     1
281
     1
  0
DICTIONARY
  5
4BA
330
4B9
100
AcDbDictionary
280
     1
281
     1
  0
DICTIONARY
  5
4BC
330
4BB
100
AcDbDictionary
280
     1
281
     1
  0
DICTIONARY
  5
4BE
330
4BD
100
AcDbDictionary
280
     1
281
     1
  0
DICTIONARY
  5
4C0
330
4BF
100
AcDbDictionary
280
     1
281
     1
  0
DICTIONARY
  5
4C2
330
4C1
100
AcDbDictionary
280
     1
281
     1
  0
DICTIONARY
  5
4C4
330
4C3
100
AcDbDictionary
280
     1
281
     1
  0
DICTIONARY
  5
4C6
330
4C5
100
AcDbDictionary
280
     1
281
     1
  0
DICTIONARY
  5
4C8
330
4C7
100
AcDbDictionary
280
     1
281
     1
  0
DICTIONARY
  5
4CA
330
4C9
100
AcDbDictionary
280
     1
281
     1
  0
DICTIONARY
  5
4CC
330
4CB
100
AcDbDictionary
280
     1
281
     1
  0
DICTIONARY
  5
4CE
330
4CD
100
AcDbDictionary
280
     1
281
     1
  0
DICTIONARY
  5
4D0
330
4CF
100
AcDbDictionary
280
     1
281
     1
  0
DICTIONARY
  5
4D2
330
4D1
100
AcDbDictionary
280
     1
281
     1
  0
DICTIONARY
  5
4D4
330
4D3
100
AcDbDictionary
280
     1
281
     1
  0
DICTIONARY
  5
63
102
{ACAD_REACTORS
330
C
102
}
330
C
100
AcDbDictionary
281
     1
  0
DICTIONARY
  5
6A
102
{ACAD_REACTORS
330
C
102
}
330
C
100
AcDbDictionary
281
     1
  3
Imperial24
350
6B
  0
DICTIONARY
  5
D
102
{ACAD_REACTORS
330
C
102
}
330
C
100
AcDbDictionary
281
     1
  0
DICTIONARY
  5
62
102
{ACAD_REACTORS
330
C
102
}
330
C
100
AcDbDictionary
281
     1
  3
Model
350
73
  3
Sheet1
350
6F
  3
Sheet2
350
77
  0
DICTIONARY
  5
10
102
{ACAD_REACTORS
330
C
102
}
330
C
100
AcDbDictionary
281
     1
  3
ByBlock
350
19
  3
ByLayer
350
11
  3
Global
350
21
  0
DICTIONARY
  5
66
102
{ACAD_REACTORS
330
C
102
}
330
C
100
AcDbDictionary
281
     1
  3
Standard
350
67
  0
DICTIONARY
  5
5F
102
{ACAD_REACTORS
330
C
102
}
330
C
100
AcDbDictionary
281
     1
  3
Standard
350
60
  0
DICTIONARY
  5
61
102
{ACAD_REACTORS
330
C
102
}
330
C
100
AcDbDictionary
281
     1
  0
ACDBDICTIONARYWDFLT
  5
E
102
{ACAD_REACTORS
330
C
102
}
330
C
100
AcDbDictionary
281
     1
  3
Normal
350
F
100
AcDbDictionaryWithDefault
340
F
  0
DICTIONARY
  5
42
102
{ACAD_REACTORS
330
C
102
}
330
C
100
AcDbDictionary
281
     1
  3
A0
350
43
  3
A1
350
44
  3
A2
350
45
  3
A3
350
46
  3
A4
350
47
  3
A5
350
48
  3
A6
350
49
  3
A7
350
4A
  3
A8
350
4B
  3
A9
350
4C
  3
B0
350
4D
  3
B1
350
4E
  3
B2
350
4F
  3
B3
350
50
  3
B4
350
51
  3
B5
350
52
  3
B6
350
53
  0
DICTIONARY
  5
68
102
{ACAD_REACTORS
330
C
102
}
330
C
100
AcDbDictionary
281
     1
  3
Imperial24
350
69
  0
DICTIONARY
  5
64
102
{ACAD_REACTORS
330
C
102
}
330
C
100
AcDbDictionary
281
     1
  3
Standard
350
65
  0
DICTIONARY
  5
29
102
{ACAD_REACTORS
330
C
102
}
330
C
100
AcDbDictionary
281
     1
  3
2dWireframe
350
2F
  3
Basic
350
2E
  3
Brighten
350
35
  3
ColorChange
350
39
  3
Conceptual
350
32
  3
Dim
350
34
  3
EdgeColorOff
350
41
  3
Facepattern
350
38
  3
Flat
350
2A
  3
FlatWithEdges
350
2B
  3
Gouraud
350
2C
  3
GouraudWithEdges
350
2D
  3
Hidden
350
31
  3
JitterOff
350
3F
  3
Linepattern
350
37
  3
OverhangOff
350
40
  3
Realistic
350
33
  3
Shaded
350
3E
  3
Shaded with edges
350
3D
  3
Shades of Gray
350
3A
  3
Sketchy
350
3B
  3
Thicken
350
36
  3
Wireframe
350
30
  3
X-Ray
350
3C
  0
XRECORD
  5
B62
102
{ACAD_REACTORS
330
C
102
}
330
C
100
AcDbXrecord
280
     1
 90
        1
330
65
  0
DICTIONARY
  5
B59
102
{ACAD_REACTORS
330
C
102
}
330
C
100
AcDbDictionary
281
     1
  3
ANNOALLVISIBLE
350
B5E
  3
CANNOSCALE
350
B5F
  3
CMLEADERSTYLE
350
B5B
  3
CTABLESTYLE
350
B5A
  3
CVIEWDETAILSTYLE
350
B5C
  3
CVIEWSECTIONSTYLE
350
B5D
  0
SORTENTSTABLE
  5
AD
102
{ACAD_REACTORS
330
AC
102
}
330
AC
100
AcDbSortentsTable
330
70
  0
SORTENTSTABLE
  5
75C
102
{ACAD_REACTORS
330
49D
102
}
330
49D
100
AcDbSortentsTable
330
49C
  0
ACDBDETAILVIEWSTYLE
  5
6B
102
{ACAD_XDICTIONARY
360
B65
102
}
102
{ACAD_REACTORS
330
6A
102
}
330
6A
100
AcDbModelDocViewStyle
 70
     0
  3
Imperial24
290
     0
100
AcDbDetailViewStyle
 70
     0
 71
     0
 90
        3
 71
     1
340
55
 62
   256
 40
0.24
340
0
 62
   256
 40
0.24
300

 40
0.36
280
     3
 71
     2
340
5D
 90
       25
 62
   256
 71
     3
340
55
 62
   256
 40
0.24
 90
        1
 40
0.75
 90
        1
300
%<\AcVar ViewType \f "%tc1">% %<\AcVar ViewDetailId>%\PSCALE %<\AcVar ViewScale \f "%sn">%
 71
     4
340
5D
 90
       25
 62
   256
340
5D
 90
       25
 62
   256
280
     0
  0
LAYOUT
  5
73
102
{ACAD_REACTORS
330
62
102
}
330
62
100
AcDbPlotSettings
  1

  2
AutoCAD PDF (High Quality Print).pc3
  4
ISO_full_bleed_A3_(420.00_x_297.00_MM)
  6

 40
0.0
 41
0.0
 42
0.0
 43
0.0
 44
420.0
 45
297.0
 46
0.0
 47
0.0
 48
0.0
 49
0.0
140
0.0
141
0.0
142
1.0
143
1.838715
 70
 11952
 72
     1
 73
     0
 74
     0
  7

 75
     0
147
0.543858
 76
     0
 77
     2
 78
   300
148
140.251463
149
25.742289
100
AcDbLayout
  1
Model
 70
     1
 71
     0
 10
0.0
 20
0.0
 11
12.0
 21
9.0
 12
0.0
 22
0.0
 32
0.0
 14
0.0
 24
0.0
 34
0.0
 15
0.0
 25
0.0
 35
0.0
146
0.0
 13
0.0
 23
0.0
 33
0.0
 16
1.0
 26
0.0
 36
0.0
 17
0.0
 27
1.0
 37
0.0
 76
     0
330
70
1001
ACAD_PSEXT
1000
AutoCAD PDF (High Quality Print).pc3
1000
DWG To PDF
1000
File
1000

1070
     0
  0
LAYOUT
  5
6F
102
{ACAD_REACTORS
330
62
102
}
330
62
100
AcDbPlotSettings
  1

  2

  4

  6

 40
0.0
 41
0.0
 42
0.0
 43
0.0
 44
0.0
 45
0.0
 46
0.0
 47
0.0
 48
0.0
 49
0.0
140
0.0
141
0.0
142
1.0
143
1.0
 70
   688
 72
     0
 73
     0
 74
     5
  7

 75
    16
147
1.0
 76
     0
 77
     2
 78
   300
148
0.0
149
0.0
100
AcDbLayout
  1
Sheet1
 70
     1
 71
     1
 10
0.0
 20
0.0
 11
12.0
 21
9.0
 12
0.0
 22
0.0
 32
0.0
 14
0.0
 24
0.0
 34
0.0
 15
0.0
 25
0.0
 35
0.0
146
0.0
 13
0.0
 23
0.0
 33
0.0
 16
1.0
 26
0.0
 36
0.0
 17
0.0
 27
1.0
 37
0.0
 76
     0
330
6C
  0
LAYOUT
  5
77
102
{ACAD_REACTORS
330
62
102
}
330
62
100
AcDbPlotSettings
  1

  2

  4

  6

 40
0.0
 41
0.0
 42
0.0
 43
0.0
 44
0.0
 45
0.0
 46
0.0
 47
0.0
 48
0.0
 49
0.0
140
0.0
141
0.0
142
1.0
143
1.0
 70
   688
 72
     0
 73
     0
 74
     5
  7

 75
    16
147
1.0
 76
     0
 77
     2
 78
   300
148
0.0
149
0.0
100
AcDbLayout
  1
Sheet2
 70
     1
 71
     2
 10
0.0
 20
0.0
 11
12.0
 21
9.0
 12
0.0
 22
0.0
 32
0.0
 14
0.0
 24
0.0
 34
0.0
 15
0.0
 25
0.0
 35
0.0
146
0.0
 13
0.0
 23
0.0
 33
0.0
 16
1.0
 26
0.0
 36
0.0
 17
0.0
 27
1.0
 37
0.0
 76
     0
330
74
  0
MATERIAL
  5
19
102
{ACAD_XDICTIONARY
360
1A
102
}
102
{ACAD_REACTORS
330
10
102
}
330
10
100
AcDbMaterial
  1
ByBlock
 72
     0
 43
0.020833
 43
0.0
 43
0.0
 43
0.0
 43
0.0
 43
0.020833
 43
0.0
 43
0.0
 43
0.0
 43
0.0
 43
1.0
 43
0.0
 43
0.0
 43
0.0
 43
0.0
 43
1.0
 77
     0
 47
0.020833
 47
0.0
 47
0.0
 47
0.0
 47
0.0
 47
0.020833
 47
0.0
 47
0.0
 47
0.0
 47
0.0
 47
1.0
 47
0.0
 47
0.0
 47
0.0
 47
0.0
 47
1.0
171
     0
 49
0.020833
 49
0.0
 49
0.0
 49
0.0
 49
0.0
 49
0.020833
 49
0.0
 49
0.0
 49
0.0
 49
0.0
 49
1.0
 49
0.0
 49
0.0
 49
0.0
 49
0.0
 49
1.0
175
     0
142
0.020833
142
0.0
142
0.0
142
0.0
142
0.0
142
0.020833
142
0.0
142
0.0
142
0.0
142
0.0
142
1.0
142
0.0
142
0.0
142
0.0
142
0.0
142
1.0
179
     0
144
0.020833
144
0.0
144
0.0
144
0.0
144
0.0
144
0.020833
144
0.0
144
0.0
144
0.0
144
0.0
144
1.0
144
0.0
144
0.0
144
0.0
144
0.0
144
1.0
147
0.020833
147
0.0
147
0.0
147
0.0
147
0.0
147
0.020833
147
0.0
147
0.0
147
0.0
147
0.0
147
1.0
147
0.0
147
0.0
147
0.0
147
0.0
147
1.0
  0
MATERIAL
  5
11
102
{ACAD_XDICTIONARY
360
12
102
}
102
{ACAD_REACTORS
330
10
102
}
330
10
100
AcDbMaterial
  1
ByLayer
 72
     0
 43
0.020833
 43
0.0
 43
0.0
 43
0.0
 43
0.0
 43
0.020833
 43
0.0
 43
0.0
 43
0.0
 43
0.0
 43
1.0
 43
0.0
 43
0.0
 43
0.0
 43
0.0
 43
1.0
 77
     0
 47
0.020833
 47
0.0
 47
0.0
 47
0.0
 47
0.0
 47
0.020833
 47
0.0
 47
0.0
 47
0.0
 47
0.0
 47
1.0
 47
0.0
 47
0.0
 47
0.0
 47
0.0
 47
1.0
171
     0
 49
0.020833
 49
0.0
 49
0.0
 49
0.0
 49
0.0
 49
0.020833
 49
0.0
 49
0.0
 49
0.0
 49
0.0
 49
1.0
 49
0.0
 49
0.0
 49
0.0
 49
0.0
 49
1.0
175
     0
142
0.020833
142
0.0
142
0.0
142
0.0
142
0.0
142
0.020833
142
0.0
142
0.0
142
0.0
142
0.0
142
1.0
142
0.0
142
0.0
142
0.0
142
0.0
142
1.0
179
     0
144
0.020833
144
0.0
144
0.0
144
0.0
144
0.0
144
0.020833
144
0.0
144
0.0
144
0.0
144
0.0
144
1.0
144
0.0
144
0.0
144
0.0
144
0.0
144
1.0
147
0.020833
147
0.0
147
0.0
147
0.0
147
0.0
147
0.020833
147
0.0
147
0.0
147
0.0
147
0.0
147
1.0
147
0.0
147
0.0
147
0.0
147
0.0
147
1.0
  0
MATERIAL
  5
21
102
{ACAD_XDICTIONARY
360
22
102
}
102
{ACAD_REACTORS
330
10
102
}
330
10
100
AcDbMaterial
  1
Global
 72
     0
 43
0.020833
 43
0.0
 43
0.0
 43
0.0
 43
0.0
 43
0.020833
 43
0.0
 43
0.0
 43
0.0
 43
0.0
 43
1.0
 43
0.0
 43
0.0
 43
0.0
 43
0.0
 43
1.0
 77
     0
 47
0.020833
 47
0.0
 47
0.0
 47
0.0
 47
0.0
 47
0.020833
 47
0.0
 47
0.0
 47
0.0
 47
0.0
 47
1.0
 47
0.0
 47
0.0
 47
0.0
 47
0.0
 47
1.0
171
     0
 49
0.020833
 49
0.0
 49
0.0
 49
0.0
 49
0.0
 49
0.020833
 49
0.0
 49
0.0
 49
0.0
 49
0.0
 49
1.0
 49
0.0
 49
0.0
 49
0.0
 49
0.0
 49
1.0
175
     0
142
0.020833
142
0.0
142
0.0
142
0.0
142
0.0
142
0.020833
142
0.0
142
0.0
142
0.0
142
0.0
142
1.0
142
0.0
142
0.0
142
0.0
142
0.0
142
1.0
179
     0
144
0.020833
144
0.0
144
0.0
144
0.0
144
0.0
144
0.020833
144
0.0
144
0.0
144
0.0
144
0.0
144
1.0
144
0.0
144
0.0
144
0.0
144
0.0
144
1.0
147
0.020833
147
0.0
147
0.0
147
0.0
147
0.0
147
0.020833
147
0.0
147
0.0
147
0.0
147
0.0
147
1.0
147
0.0
147
0.0
147
0.0
147
0.0
147
1.0
  0
MLEADERSTYLE
  5
67
102
{ACAD_REACTORS
330
66
102
}
330
66
100
AcDbMLeaderStyle
179
     2
170
     2
171
     1
172
     0
 90
        2
 40
0.0
 41
0.0
173
     1
 91
-1056964608
340
5B
 92
       -2
290
     1
 42
0.09
291
     1
 43
0.36
  3
Standard
 44
0.18
300

342
55
174
     1
178
     6
175
     1
176
     0
 93
-1056964608
 45
0.18
292
     0
297
     0
 46
0.18
 94
-1056964608
 47
1.0
 49
1.0
140
1.0
293
     1
141
0.0
294
     1
177
     0
142
1.0
295
     0
296
     0
143
0.125
271
     0
272
     9
273
     9
298
     1
  0
MLINESTYLE
  5
60
102
{ACAD_REACTORS
330
5F
102
}
330
5F
100
AcDbMlineStyle
  2
STANDARD
 70
     0
  3

 62
   256
 51
90.0
 52
90.0
 71
     0
  0
ACDBPLACEHOLDER
  5
F
102
{ACAD_REACTORS
330
E
102
}
330
E
  0
SCALE
  5
43
102
{ACAD_REACTORS
330
42
102
}
330
42
100
AcDbScale
 70
     0
300
1:1
140
1.0
141
1.0
290
     1
  0
SCALE
  5
44
102
{ACAD_REACTORS
330
42
102
}
330
42
100
AcDbScale
 70
     0
300
1:2
140
1.0
141
2.0
290
     0
  0
SCALE
  5
45
102
{ACAD_REACTORS
330
42
102
}
330
42
100
AcDbScale
 70
     0
300
1:4
140
1.0
141
4.0
290
     0
  0
SCALE
  5
46
102
{ACAD_REACTORS
330
42
102
}
330
42
100
AcDbScale
 70
     0
300
1:5
140
1.0
141
5.0
290
     0
  0
SCALE
  5
47
102
{ACAD_REACTORS
330
42
102
}
330
42
100
AcDbScale
 70
     0
300
1:8
140
1.0
141
8.0
290
     0
  0
SCALE
  5
48
102
{ACAD_REACTORS
330
42
102
}
330
42
100
AcDbScale
 70
     0
300
1:10
140
1.0
141
10.0
290
     0
  0
SCALE
  5
49
102
{ACAD_REACTORS
330
42
102
}
330
42
100
AcDbScale
 70
     0
300
1:16
140
1.0
141
16.0
290
     0
  0
SCALE
  5
4A
102
{ACAD_REACTORS
330
42
102
}
330
42
100
AcDbScale
 70
     0
300
1:20
140
1.0
141
20.0
290
     0
  0
SCALE
  5
4B
102
{ACAD_REACTORS
330
42
102
}
330
42
100
AcDbScale
 70
     0
300
1:30
140
1.0
141
30.0
290
     0
  0
SCALE
  5
4C
102
{ACAD_REACTORS
330
42
102
}
330
42
100
AcDbScale
 70
     0
300
1:40
140
1.0
141
40.0
290
     0
  0
SCALE
  5
4D
102
{ACAD_REACTORS
330
42
102
}
330
42
100
AcDbScale
 70
     0
300
1:50
140
1.0
141
50.0
290
     0
  0
SCALE
  5
4E
102
{ACAD_REACTORS
330
42
102
}
330
42
100
AcDbScale
 70
     0
300
1:100
140
1.0
141
100.0
290
     0
  0
SCALE
  5
4F
102
{ACAD_REACTORS
330
42
102
}
330
42
100
AcDbScale
 70
     0
300
2:1
140
2.0
141
1.0
290
     0
  0
SCALE
  5
50
102
{ACAD_REACTORS
330
42
102
}
330
42
100
AcDbScale
 70
     0
300
4:1
140
4.0
141
1.0
290
     0
  0
SCALE
  5
51
102
{ACAD_REACTORS
330
42
102
}
330
42
100
AcDbScale
 70
     0
300
8:1
140
8.0
141
1.0
290
     0
  0
SCALE
  5
52
102
{ACAD_REACTORS
330
42
102
}
330
42
100
AcDbScale
 70
     0
300
10:1
140
10.0
141
1.0
290
     0
  0
SCALE
  5
53
102
{ACAD_REACTORS
330
42
102
}
330
42
100
AcDbScale
 70
     0
300
100:1
140
100.0
141
1.0
290
     0
  0
ACDBSECTIONVIEWSTYLE
  5
69
102
{ACAD_XDICTIONARY
360
B63
102
}
102
{ACAD_REACTORS
330
68
102
}
330
68
100
AcDbModelDocViewStyle
 70
     0
  3
Imperial24
290
     0
100
AcDbSectionViewStyle
 70
     0
 71
     0
 90
       78
 71
     1
340
55
 62
   256
 40
0.24
340
0
340
0
 62
   256
 40
0.24
300
I, O, Q, S, X, Z
 40
0.48
 90
        3
 40
0.18
 90
        1
 71
     2
340
5D
 90
       25
 62
   256
340
5D
 90
       50
 62
   256
 40
0.24
 40
0.0
 40
0.24
 71
     3
340
55
 62
   256
 40
0.24
 90
        1
 40
0.75
 90
        1
300
%<\AcVar ViewType \f "%tc1">% %<\AcVar ViewSectionStartId>%-%<\AcVar ViewSectionEndId>%\PSCALE %<\AcVar ViewScale \f "%sn">%
 71
     4
 62
   256
 62
   257
300
ANSI31
 40
1.0
 90
        0
290
     0
290
     0
 90
        6
 40
0.0
 40
1.570796
 40
0.261799
 40
1.308997
 40
-0.261799
 40
1.832596
  0
TABLESTYLE
  5
65
102
{ACAD_XDICTIONARY
360
B60
102
}
102
{ACAD_REACTORS
330
64
102
}
330
64
100
AcDbTableStyle
280
     0
  3
Standard
 70
     0
 71
     0
 40
1.5
 41
1.5
280
     0
281
     0
  7
Standard
140
0.18
170
     2
 62
     0
 63
     7
283
     0
 90
      512
 91
        0
  1

274
    -2
284
     1
 64
     0
275
    -2
285
     1
 65
     0
276
    -2
286
     1
 66
     0
277
    -2
287
     1
 67
     0
278
    -2
288
     1
 68
     0
279
    -2
289
     1
 69
     0
  7
Standard
140
0.25
170
     5
 62
     0
 63
     7
283
     0
 90
      512
 91
        0
  1

274
    -2
284
     1
 64
     0
275
    -2
285
     1
 65
     0
276
    -2
286
     1
 66
     0
277
    -2
287
     1
 67
     0
278
    -2
288
     1
 68
     0
279
    -2
289
     1
 69
     0
  7
Standard
140
0.18
170
     5
 62
     0
 63
     7
283
     0
 90
      512
 91
        0
  1

274
    -2
284
     1
 64
     0
275
    -2
285
     1
 65
     0
276
    -2
286
     1
 66
     0
277
    -2
287
     1
 67
     0
278
    -2
288
     1
 68
     0
279
    -2
289
     1
 69
     0
  0
VISUALSTYLE
  5
2F
102
{ACAD_REACTORS
330
29
102
}
330
29
100
AcDbVisualStyle
  2
2dWireframe
 70
     4
177
     3
291
     0
 70
    58
 90
        0
176
     1
 90
        2
176
     1
 90
        0
176
     1
 90
        0
176
     1
 40
0.6
176
     1
 40
30.0
176
     1
 62
     7
420
 16777215
176
     1
 90
        1
176
     1
 90
        4
176
     1
 62
     7
176
     1
 62
   257
176
     1
 90
        1
176
     1
 90
        1
176
     1
 40
1.0
176
     1
 90
        0
176
     1
 62
   257
176
     1
 40
1.0
176
     1
 90
        1
176
     1
 90
        6
176
     1
 90
        2
176
     1
 62
     7
176
     1
 90
        5
176
     1
 90
        0
176
     1
 90
        0
176
     1
290
     0
176
     1
 90
        1
176
     1
 40
0.0
176
     1
 90
        0
176
     1
290
     1
176
     1
290
     1
176
     1
290
     0
176
     1
290
     0
176
     1
290
     0
176
     1
290
     0
176
     1
290
     0
176
     1
290
     0
176
     1
290
     0
176
     1
 90
       50
176
     1
 40
0.0
176
     1
 40
1.0
176
     1
 90
        0
176
     1
 62
    18
420
        0
176
     1
 90
       50
176
     1
 90
        3
176
     1
 62
     5
420
      255
176
     1
290
     0
176
     1
 90
       50
176
     1
 90
       50
176
     1
 90
       50
176
     1
290
     0
176
     1
 90
       50
176
     1
 62
   256
176
     0
 40
1.0
176
     0
 90
        2
176
     1
  1
strokes_ogs.tif
176
     1
290
     0
176
     1
 40
1.0
176
     1
 40
1.0
176
     1
1001
ACAD
1000
AcDbSavedByObjectVersion
1070
     0
  0
VISUALSTYLE
  5
2E
102
{ACAD_REACTORS
330
29
102
}
330
29
100
AcDbVisualStyle
  2
Basic
 70
     7
177
     3
291
     1
 70
    58
 90
        1
176
     1
 90
        0
176
     1
 90
        1
176
     1
 90
        0
176
     1
 40
0.6
176
     1
 40
30.0
176
     1
 62
     7
420
 16777215
176
     1
 90
        0
176
     1
 90
        4
176
     1
 62
     7
176
     1
 62
   257
176
     1
 90
        1
176
     1
 90
        1
176
     1
 40
1.0
176
     1
 90
        8
176
     1
 62
     7
176
     1
 40
1.0
176
     1
 90
        1
176
     1
 90
        6
176
     1
 90
        2
176
     1
 62
     7
176
     1
 90
        5
176
     1
 90
        0
176
     1
 90
        0
176
     1
290
     0
176
     1
 90
        1
176
     1
 40
0.0
176
     1
 90
        0
176
     1
290
     0
176
     1
290
     1
176
     1
290
     1
176
     1
290
     0
176
     1
290
     0
176
     1
290
     0
176
     1
290
     0
176
     1
290
     0
176
     1
290
     0
176
     1
 90
       50
176
     1
 40
0.0
176
     1
 40
1.0
176
     1
 90
        0
176
     1
 62
    18
420
        0
176
     1
 90
       50
176
     1
 90
        3
176
     1
 62
     5
420
      255
176
     1
290
     0
176
     1
 90
       50
176
     1
 90
       50
176
     1
 90
       50
176
     1
290
     0
176
     1
 90
       50
176
     1
 62
   256
176
     0
 40
1.0
176
     0
 90
        2
176
     1
  1
strokes_ogs.tif
176
     1
290
     0
176
     1
 40
1.0
176
     1
 40
1.0
176
     1
1001
ACAD
1000
AcDbSavedByObjectVersion
1070
     0
  0
VISUALSTYLE
  5
35
102
{ACAD_REACTORS
330
29
102
}
330
29
100
AcDbVisualStyle
  2
Brighten
 70
    12
177
     3
291
     1
 70
    58
 90
        2
176
     1
 90
        2
176
     1
 90
        0
176
     1
 90
        0
176
     1
 40
0.6
176
     1
 40
30.0
176
     1
 62
     7
420
 16777215
176
     1
 90
        1
176
     1
 90
        4
176
     1
 62
     7
176
     1
 62
   257
176
     1
 90
        1
176
     1
 90
        1
176
     1
 40
1.0
176
     1
 90
        8
176
     1
 62
     7
176
     1
 40
1.0
176
     1
 90
        1
176
     1
 90
        6
176
     1
 90
        2
176
     1
 62
     7
176
     1
 90
        5
176
     1
 90
        0
176
     1
 90
        0
176
     1
290
     0
176
     1
 90
        1
176
     1
 40
50.0
176
     1
 90
        0
176
     1
290
     0
176
     1
290
     1
176
     1
290
     1
176
     1
290
     0
176
     1
290
     0
176
     1
290
     0
176
     1
290
     0
176
     1
290
     0
176
     1
290
     0
176
     1
 90
       50
176
     1
 40
0.0
176
     1
 40
1.0
176
     1
 90
        0
176
     1
 62
    18
420
        0
176
     1
 90
       50
176
     1
 90
        3
176
     1
 62
     5
420
      255
176
     1
290
     0
176
     1
 90
       50
176
     1
 90
       50
176
     1
 90
       50
176
     1
290
     0
176
     1
 90
       50
176
     1
 62
   256
176
     0
 40
1.0
176
     0
 90
        2
176
     1
  1
strokes_ogs.tif
176
     1
290
     0
176
     1
 40
1.0
176
     1
 40
1.0
176
     1
1001
ACAD
1000
AcDbSavedByObjectVersion
1070
     0
  0
VISUALSTYLE
  5
39
102
{ACAD_REACTORS
330
29
102
}
330
29
100
AcDbVisualStyle
  2
ColorChange
 70
    16
177
     3
291
     1
 70
    58
 90
        2
176
     1
 90
        2
176
     1
 90
        3
176
     1
 90
        0
176
     1
 40
0.6
176
     1
 40
30.0
176
     1
 62
     8
420
  8421504
176
     1
 90
        1
176
     1
 90
        4
176
     1
 62
     7
176
     1
 62
   257
176
     1
 90
        1
176
     1
 90
        1
176
     1
 40
1.0
176
     1
 90
        8
176
     1
 62
     8
420
  8421504
176
     1
 40
1.0
176
     1
 90
        1
176
     1
 90
        6
176
     1
 90
        2
176
     1
 62
     7
176
     1
 90
        5
176
     1
 90
        0
176
     1
 90
        0
176
     1
290
     0
176
     1
 90
        1
176
     1
 40
0.0
176
     1
 90
        0
176
     1
290
     0
176
     1
290
     1
176
     1
290
     1
176
     1
290
     0
176
     1
290
     0
176
     1
290
     0
176
     1
290
     0
176
     1
290
     0
176
     1
290
     0
176
     1
 90
       50
176
     1
 40
0.0
176
     1
 40
1.0
176
     1
 90
        0
176
     1
 62
    18
420
        0
176
     1
 90
       50
176
     1
 90
        3
176
     1
 62
     5
420
      255
176
     1
290
     0
176
     1
 90
       50
176
     1
 90
       50
176
     1
 90
       50
176
     1
290
     0
176
     1
 90
       50
176
     1
 62
   256
176
     0
 40
1.0
176
     0
 90
        2
176
     1
  1
strokes_ogs.tif
176
     1
290
     0
176
     1
 40
1.0
176
     1
 40
1.0
176
     1
1001
ACAD
1000
AcDbSavedByObjectVersion
1070
     0
  0
VISUALSTYLE
  5
32
102
{ACAD_REACTORS
330
29
102
}
330
29
100
AcDbVisualStyle
  2
Conceptual
 70
     9
177
     3
291
     0
 70
    58
 90
        3
176
     1
 90
        2
176
     1
 90
        0
176
     1
 90
        0
176
     1
 40
0.6
176
     1
 40
30.0
176
     1
 62
     7
420
 16777215
176
     1
 90
        2
176
     1
 90
        2
176
     1
 62
     7
176
     1
 62
   257
176
     1
 90
        1
176
     1
 90
        1
176
     1
 40
179.0
176
     1
 90
        8
176
     1
 62
     7
176
     1
 40
1.0
176
     1
 90
        1
176
     1
 90
        6
176
     1
 90
        2
176
     1
 62
     7
176
     1
 90
        3
176
     1
 90
        0
176
     1
 90
        0
176
     1
290
     0
176
     1
 90
        1
176
     1
 40
0.0
176
     1
 90
        0
176
     1
290
     0
176
     1
290
     1
176
     1
290
     1
176
     1
290
     0
176
     1
290
     0
176
     1
290
     0
176
     1
290
     0
176
     1
290
     0
176
     1
290
     0
176
     1
 90
       50
176
     1
 40
0.0
176
     1
 40
1.0
176
     1
 90
        0
176
     1
 62
    18
420
        0
176
     1
 90
       50
176
     1
 90
        3
176
     1
 62
     5
420
      255
176
     1
290
     0
176
     1
 90
       50
176
     1
 90
       50
176
     1
 90
       50
176
     1
290
     0
176
     1
 90
       50
176
     1
 62
   256
176
     0
 40
1.0
176
     0
 90
        2
176
     1
  1
strokes_ogs.tif
176
     1
290
     0
176
     1
 40
1.0
176
     1
 40
1.0
176
     1
1001
ACAD
1000
AcDbSavedByObjectVersion
1070
     0
  0
VISUALSTYLE
  5
34
102
{ACAD_REACTORS
330
29
102
}
330
29
100
AcDbVisualStyle
  2
Dim
 70
    11
177
     3
291
     1
 70
    58
 90
        2
176
     1
 90
        2
176
     1
 90
        0
176
     1
 90
        0
176
     1
 40
0.6
176
     1
 40
30.0
176
     1
 62
     7
420
 16777215
176
     1
 90
        1
176
     1
 90
        4
176
     1
 62
     7
176
     1
 62
   257
176
     1
 90
        1
176
     1
 90
        1
176
     1
 40
1.0
176
     1
 90
        8
176
     1
 62
     7
176
     1
 40
1.0
176
     1
 90
        1
176
     1
 90
        6
176
     1
 90
        2
176
     1
 62
     7
176
     1
 90
        5
176
     1
 90
        0
176
     1
 90
        0
176
     1
290
     0
176
     1
 90
        1
176
     1
 40
-50.0
176
     1
 90
        0
176
     1
290
     0
176
     1
290
     1
176
     1
290
     1
176
     1
290
     0
176
     1
290
     0
176
     1
290
     0
176
     1
290
     0
176
     1
290
     0
176
     1
290
     0
176
     1
 90
       50
176
     1
 40
0.0
176
     1
 40
1.0
176
     1
 90
        0
176
     1
 62
    18
420
        0
176
     1
 90
       50
176
     1
 90
        3
176
     1
 62
     5
420
      255
176
     1
290
     0
176
     1
 90
       50
176
     1
 90
       50
176
     1
 90
       50
176
     1
290
     0
176
     1
 90
       50
176
     1
 62
   256
176
     0
 40
1.0
176
     0
 90
        2
176
     1
  1
strokes_ogs.tif
176
     1
290
     0
176
     1
 40
1.0
176
     1
 40
1.0
176
     1
1001
ACAD
1000
AcDbSavedByObjectVersion
1070
     0
  0
VISUALSTYLE
  5
41
102
{ACAD_REACTORS
330
29
102
}
330
29
100
AcDbVisualStyle
  2
EdgeColorOff
 70
    22
177
     3
291
     1
 70
    58
 90
        2
176
     0
 90
        2
176
     0
 90
        0
176
     0
 90
        0
176
     0
 40
0.6
176
     0
 40
30.0
176
     0
 62
     7
420
 16777215
176
     0
 90
        1
176
     0
 90
        4
176
     0
 62
     7
176
     0
 62
   257
176
     0
 90
        1
176
     0
 90
        1
176
     0
 40
1.0
176
     0
 90
        8
176
     2
 62
     7
176
     0
 40
1.0
176
     0
 90
        1
176
     0
 90
        6
176
     0
 90
        2
176
     0
 62
     7
176
     0
 90
        5
176
     0
 90
        0
176
     0
 90
        0
176
     0
290
     0
176
     0
 90
        1
176
     0
 40
0.0
176
     0
 90
        0
176
     0
290
     0
176
     0
290
     1
176
     0
290
     1
176
     0
290
     0
176
     0
290
     0
176
     0
290
     0
176
     0
290
     0
176
     0
290
     0
176
     0
290
     0
176
     0
 90
       50
176
     0
 40
0.0
176
     0
 40
1.0
176
     0
 90
        0
176
     0
 62
    18
420
        0
176
     0
 90
       50
176
     0
 90
        3
176
     0
 62
     5
420
      255
176
     0
290
     0
176
     0
 90
       50
176
     0
 90
       50
176
     0
 90
       50
176
     0
290
     0
176
     0
 90
       50
176
     0
 62
   256
176
     0
 40
1.0
176
     0
 90
        2
176
     0
  1
strokes_ogs.tif
176
     0
290
     0
176
     0
 40
1.0
176
     0
 40
1.0
176
     0
1001
ACAD
1000
AcDbSavedByObjectVersion
1070
     0
  0
VISUALSTYLE
  5
38
102
{ACAD_REACTORS
330
29
102
}
330
29
100
AcDbVisualStyle
  2
Facepattern
 70
    15
177
     3
291
     1
 70
    58
 90
        2
176
     1
 90
        2
176
     1
 90
        0
176
     1
 90
        0
176
     1
 40
0.6
176
     1
 40
30.0
176
     1
 62
     7
420
 16777215
176
     1
 90
        1
176
     1
 90
        4
176
     1
 62
     7
176
     1
 62
   257
176
     1
 90
        1
176
     1
 90
        1
176
     1
 40
1.0
176
     1
 90
        8
176
     1
 62
     7
176
     1
 40
1.0
176
     1
 90
        1
176
     1
 90
        6
176
     1
 90
        2
176
     1
 62
     7
176
     1
 90
        5
176
     1
 90
        0
176
     1
 90
        0
176
     1
290
     0
176
     1
 90
        1
176
     1
 40
0.0
176
     1
 90
        0
176
     1
290
     0
176
     1
290
     1
176
     1
290
     1
176
     1
290
     0
176
     1
290
     0
176
     1
290
     0
176
     1
290
     0
176
     1
290
     0
176
     1
290
     0
176
     1
 90
       50
176
     1
 40
0.0
176
     1
 40
1.0
176
     1
 90
        0
176
     1
 62
    18
420
        0
176
     1
 90
       50
176
     1
 90
        3
176
     1
 62
     5
420
      255
176
     1
290
     0
176
     1
 90
       50
176
     1
 90
       50
176
     1
 90
       50
176
     1
290
     0
176
     1
 90
       50
176
     1
 62
   256
176
     0
 40
1.0
176
     0
 90
        2
176
     1
  1
strokes_ogs.tif
176
     1
290
     0
176
     1
 40
1.0
176
     1
 40
1.0
176
     1
1001
ACAD
1000
AcDbSavedByObjectVersion
1070
     0
  0
VISUALSTYLE
  5
2A
102
{ACAD_REACTORS
330
29
102
}
330
29
100
AcDbVisualStyle
  2
Flat
 70
     0
177
     3
291
     1
 70
    58
 90
        2
176
     1
 90
        1
176
     1
 90
        1
176
     1
 90
        2
176
     1
 40
0.6
176
     1
 40
30.0
176
     1
 62
     7
420
 16777215
176
     1
 90
        0
176
     1
 90
        0
176
     1
 62
     7
176
     1
 62
   257
176
     1
 90
        1
176
     1
 90
        1
176
     1
 40
1.0
176
     1
 90
        8
176
     1
 62
     7
176
     1
 40
1.0
176
     1
 90
        1
176
     1
 90
        6
176
     1
 90
        2
176
     1
 62
     7
176
     1
 90
        5
176
     1
 90
        0
176
     1
 90
        0
176
     1
290
     0
176
     1
 90
       13
176
     1
 40
0.0
176
     1
 90
        0
176
     1
290
     0
176
     1
290
     1
176
     1
290
     1
176
     1
290
     0
176
     1
290
     0
176
     1
290
     0
176
     1
290
     0
176
     1
290
     0
176
     1
290
     0
176
     1
 90
       50
176
     1
 40
0.0
176
     1
 40
1.0
176
     1
 90
        0
176
     1
 62
    18
420
        0
176
     1
 90
       50
176
     1
 90
        3
176
     1
 62
     5
420
      255
176
     1
290
     0
176
     1
 90
       50
176
     1
 90
       50
176
     1
 90
       50
176
     1
290
     0
176
     1
 90
       50
176
     1
 62
   256
176
     0
 40
1.0
176
     0
 90
        2
176
     1
  1
strokes_ogs.tif
176
     1
290
     0
176
     1
 40
1.0
176
     1
 40
1.0
176
     1
1001
ACAD
1000
AcDbSavedByObjectVersion
1070
     0
  0
VISUALSTYLE
  5
2B
102
{ACAD_REACTORS
330
29
102
}
330
29
100
AcDbVisualStyle
  2
FlatWithEdges
 70
     1
177
     3
291
     1
 70
    58
 90
        2
176
     1
 90
        1
176
     1
 90
        1
176
     1
 90
        2
176
     1
 40
0.6
176
     1
 40
30.0
176
     1
 62
     7
420
 16777215
176
     1
 90
        1
176
     1
 90
        0
176
     1
 62
     7
176
     1
 62
   257
176
     1
 90
        1
176
     1
 90
        1
176
     1
 40
1.0
176
     1
 90
        0
176
     1
 62
   257
176
     1
 40
1.0
176
     1
 90
        1
176
     1
 90
        6
176
     1
 90
        2
176
     1
 62
     7
176
     1
 90
        5
176
     1
 90
        0
176
     1
 90
        0
176
     1
290
     0
176
     1
 90
       13
176
     1
 40
0.0
176
     1
 90
        0
176
     1
290
     0
176
     1
290
     1
176
     1
290
     1
176
     1
290
     0
176
     1
290
     0
176
     1
290
     0
176
     1
290
     0
176
     1
290
     0
176
     1
290
     0
176
     1
 90
       50
176
     1
 40
0.0
176
     1
 40
1.0
176
     1
 90
        0
176
     1
 62
    18
420
        0
176
     1
 90
       50
176
     1
 90
        3
176
     1
 62
     5
420
      255
176
     1
290
     0
176
     1
 90
       50
176
     1
 90
       50
176
     1
 90
       50
176
     1
290
     0
176
     1
 90
       50
176
     1
 62
   256
176
     0
 40
1.0
176
     0
 90
        2
176
     1
  1
strokes_ogs.tif
176
     1
290
     0
176
     1
 40
1.0
176
     1
 40
1.0
176
     1
1001
ACAD
1000
AcDbSavedByObjectVersion
1070
     0
  0
VISUALSTYLE
  5
2C
102
{ACAD_REACTORS
330
29
102
}
330
29
100
AcDbVisualStyle
  2
Gouraud
 70
     2
177
     3
291
     1
 70
    58
 90
        2
176
     1
 90
        2
176
     1
 90
        1
176
     1
 90
        2
176
     1
 40
0.6
176
     1
 40
30.0
176
     1
 62
     7
420
 16777215
176
     1
 90
        0
176
     1
 90
        0
176
     1
 62
     7
176
     1
 62
   257
176
     1
 90
        1
176
     1
 90
        1
176
     1
 40
1.0
176
     1
 90
        0
176
     1
 62
     7
176
     1
 40
1.0
176
     1
 90
        1
176
     1
 90
        6
176
     1
 90
        2
176
     1
 62
     7
176
     1
 90
        5
176
     1
 90
        0
176
     1
 90
        0
176
     1
290
     0
176
     1
 90
       13
176
     1
 40
0.0
176
     1
 90
        0
176
     1
290
     0
176
     1
290
     1
176
     1
290
     1
176
     1
290
     0
176
     1
290
     0
176
     1
290
     0
176
     1
290
     0
176
     1
290
     0
176
     1
290
     0
176
     1
 90
       50
176
     1
 40
0.0
176
     1
 40
1.0
176
     1
 90
        0
176
     1
 62
    18
420
        0
176
     1
 90
       50
176
     1
 90
        3
176
     1
 62
     5
420
      255
176
     1
290
     0
176
     1
 90
       50
176
     1
 90
       50
176
     1
 90
       50
176
     1
290
     0
176
     1
 90
       50
176
     1
 62
   256
176
     0
 40
1.0
176
     0
 90
        2
176
     1
  1
strokes_ogs.tif
176
     1
290
     0
176
     1
 40
1.0
176
     1
 40
1.0
176
     1
1001
ACAD
1000
AcDbSavedByObjectVersion
1070
     0
  0
VISUALSTYLE
  5
2D
102
{ACAD_REACTORS
330
29
102
}
330
29
100
AcDbVisualStyle
  2
GouraudWithEdges
 70
     3
177
     3
291
     1
 70
    58
 90
        2
176
     1
 90
        2
176
     1
 90
        1
176
     1
 90
        2
176
     1
 40
0.6
176
     1
 40
30.0
176
     1
 62
     7
420
 16777215
176
     1
 90
        1
176
     1
 90
        0
176
     1
 62
     7
176
     1
 62
   257
176
     1
 90
        1
176
     1
 90
        1
176
     1
 40
1.0
176
     1
 90
        0
176
     1
 62
   257
176
     1
 40
1.0
176
     1
 90
        1
176
     1
 90
        6
176
     1
 90
        2
176
     1
 62
     7
176
     1
 90
        5
176
     1
 90
        0
176
     1
 90
        0
176
     1
290
     0
176
     1
 90
       13
176
     1
 40
0.0
176
     1
 90
        0
176
     1
290
     0
176
     1
290
     1
176
     1
290
     1
176
     1
290
     0
176
     1
290
     0
176
     1
290
     0
176
     1
290
     0
176
     1
290
     0
176
     1
290
     0
176
     1
 90
       50
176
     1
 40
0.0
176
     1
 40
1.0
176
     1
 90
        0
176
     1
 62
    18
420
        0
176
     1
 90
       50
176
     1
 90
        3
176
     1
 62
     5
420
      255
176
     1
290
     0
176
     1
 90
       50
176
     1
 90
       50
176
     1
 90
       50
176
     1
290
     0
176
     1
 90
       50
176
     1
 62
   256
176
     0
 40
1.0
176
     0
 90
        2
176
     1
  1
strokes_ogs.tif
176
     1
290
     0
176
     1
 40
1.0
176
     1
 40
1.0
176
     1
1001
ACAD
1000
AcDbSavedByObjectVersion
1070
     0
  0
VISUALSTYLE
  5
31
102
{ACAD_REACTORS
330
29
102
}
330
29
100
AcDbVisualStyle
  2
Hidden
 70
     6
177
     3
291
     0
 70
    58
 90
        1
176
     1
 90
        2
176
     1
 90
        2
176
     1
 90
        0
176
     1
 40
0.6
176
     1
 40
30.0
176
     1
 62
     7
420
 16777215
176
     1
 90
        2
176
     1
 90
        2
176
     1
 62
     7
176
     1
 62
   257
176
     1
 90
        2
176
     1
 90
        1
176
     1
 40
40.0
176
     1
 90
        0
176
     1
 62
   257
176
     1
 40
1.0
176
     1
 90
        1
176
     1
 90
        6
176
     1
 90
        2
176
     1
 62
     7
176
     1
 90
        3
176
     1
 90
        0
176
     1
 90
        0
176
     1
290
     0
176
     1
 90
        1
176
     1
 40
0.0
176
     1
 90
        0
176
     1
290
     0
176
     1
290
     1
176
     1
290
     1
176
     1
290
     0
176
     1
290
     0
176
     1
290
     0
176
     1
290
     0
176
     1
290
     0
176
     1
290
     0
176
     1
 90
       50
176
     1
 40
0.0
176
     1
 40
1.0
176
     1
 90
        0
176
     1
 62
    18
420
        0
176
     1
 90
       50
176
     1
 90
        3
176
     1
 62
     5
420
      255
176
     1
290
     0
176
     1
 90
       50
176
     1
 90
       50
176
     1
 90
       50
176
     1
290
     0
176
     1
 90
       50
176
     1
 62
   256
176
     0
 40
1.0
176
     0
 90
        2
176
     1
  1
strokes_ogs.tif
176
     1
290
     0
176
     1
 40
1.0
176
     1
 40
1.0
176
     1
1001
ACAD
1000
AcDbSavedByObjectVersion
1070
     0
  0
VISUALSTYLE
  5
3F
102
{ACAD_REACTORS
330
29
102
}
330
29
100
AcDbVisualStyle
  2
JitterOff
 70
    20
177
     3
291
     1
 70
    58
 90
        2
176
     0
 90
        2
176
     0
 90
        0
176
     0
 90
        0
176
     0
 40
0.6
176
     0
 40
30.0
176
     0
 62
     7
420
 16777215
176
     0
 90
        1
176
     0
 90
        4
176
     0
 62
     7
176
     0
 62
   257
176
     0
 90
        1
176
     0
 90
        1
176
     0
 40
1.0
176
     0
 90
       10
176
     2
 62
     7
176
     0
 40
1.0
176
     0
 90
        1
176
     0
 90
        6
176
     0
 90
        2
176
     0
 62
     7
176
     0
 90
        5
176
     0
 90
        0
176
     0
 90
        0
176
     0
290
     0
176
     0
 90
        1
176
     0
 40
0.0
176
     0
 90
        0
176
     0
290
     0
176
     0
290
     1
176
     0
290
     1
176
     0
290
     0
176
     0
290
     0
176
     0
290
     0
176
     0
290
     0
176
     0
290
     0
176
     0
290
     0
176
     0
 90
       50
176
     0
 40
0.0
176
     0
 40
1.0
176
     0
 90
        0
176
     0
 62
    18
420
        0
176
     0
 90
       50
176
     0
 90
        3
176
     0
 62
     5
420
      255
176
     0
290
     0
176
     0
 90
       50
176
     0
 90
       50
176
     0
 90
       50
176
     0
290
     0
176
     0
 90
       50
176
     0
 62
   256
176
     0
 40
1.0
176
     0
 90
        2
176
     0
  1
strokes_ogs.tif
176
     0
290
     0
176
     0
 40
1.0
176
     0
 40
1.0
176
     0
1001
ACAD
1000
AcDbSavedByObjectVersion
1070
     0
  0
VISUALSTYLE
  5
37
102
{ACAD_REACTORS
330
29
102
}
330
29
100
AcDbVisualStyle
  2
Linepattern
 70
    14
177
     3
291
     1
 70
    58
 90
        2
176
     1
 90
        2
176
     1
 90
        0
176
     1
 90
        0
176
     1
 40
0.6
176
     1
 40
30.0
176
     1
 62
     7
420
 16777215
176
     1
 90
        1
176
     1
 90
        4
176
     1
 62
     7
176
     1
 62
   257
176
     1
 90
        7
176
     1
 90
        7
176
     1
 40
1.0
176
     1
 90
        8
176
     1
 62
     7
176
     1
 40
1.0
176
     1
 90
        1
176
     1
 90
        6
176
     1
 90
        2
176
     1
 62
     7
176
     1
 90
        5
176
     1
 90
        0
176
     1
 90
        0
176
     1
290
     0
176
     1
 90
        1
176
     1
 40
0.0
176
     1
 90
        0
176
     1
290
     0
176
     1
290
     1
176
     1
290
     1
176
     1
290
     0
176
     1
290
     0
176
     1
290
     0
176
     1
290
     0
176
     1
290
     0
176
     1
290
     0
176
     1
 90
       50
176
     1
 40
0.0
176
     1
 40
1.0
176
     1
 90
        0
176
     1
 62
    18
420
        0
176
     1
 90
       50
176
     1
 90
        3
176
     1
 62
     5
420
      255
176
     1
290
     0
176
     1
 90
       50
176
     1
 90
       50
176
     1
 90
       50
176
     1
290
     0
176
     1
 90
       50
176
     1
 62
   256
176
     0
 40
1.0
176
     0
 90
        2
176
     1
  1
strokes_ogs.tif
176
     1
290
     0
176
     1
 40
1.0
176
     1
 40
1.0
176
     1
1001
ACAD
1000
AcDbSavedByObjectVersion
1070
     0
  0
VISUALSTYLE
  5
40
102
{ACAD_REACTORS
330
29
102
}
330
29
100
AcDbVisualStyle
  2
OverhangOff
 70
    21
177
     3
291
     1
 70
    58
 90
        2
176
     0
 90
        2
176
     0
 90
        0
176
     0
 90
        0
176
     0
 40
0.6
176
     0
 40
30.0
176
     0
 62
     7
420
 16777215
176
     0
 90
        1
176
     0
 90
        4
176
     0
 62
     7
176
     0
 62
   257
176
     0
 90
        1
176
     0
 90
        1
176
     0
 40
1.0
176
     0
 90
        9
176
     2
 62
     7
176
     0
 40
1.0
176
     0
 90
        1
176
     0
 90
        6
176
     0
 90
        2
176
     0
 62
     7
176
     0
 90
        5
176
     0
 90
        0
176
     0
 90
        0
176
     0
290
     0
176
     0
 90
        1
176
     0
 40
0.0
176
     0
 90
        0
176
     0
290
     0
176
     0
290
     1
176
     0
290
     1
176
     0
290
     0
176
     0
290
     0
176
     0
290
     0
176
     0
290
     0
176
     0
290
     0
176
     0
290
     0
176
     0
 90
       50
176
     0
 40
0.0
176
     0
 40
1.0
176
     0
 90
        0
176
     0
 62
    18
420
        0
176
     0
 90
       50
176
     0
 90
        3
176
     0
 62
     5
420
      255
176
     0
290
     0
176
     0
 90
       50
176
     0
 90
       50
176
     0
 90
       50
176
     0
290
     0
176
     0
 90
       50
176
     0
 62
   256
176
     0
 40
1.0
176
     0
 90
        2
176
     0
  1
strokes_ogs.tif
176
     0
290
     0
176
     0
 40
1.0
176
     0
 40
1.0
176
     0
1001
ACAD
1000
AcDbSavedByObjectVersion
1070
     0
  0
VISUALSTYLE
  5
33
102
{ACAD_REACTORS
330
29
102
}
330
29
100
AcDbVisualStyle
  2
Realistic
 70
     8
177
     3
291
     0
 70
    58
 90
        2
176
     1
 90
        3
176
     1
 90
        0
176
     1
 90
        2
176
     1
 40
0.6
176
     1
 40
30.0
176
     1
 62
     7
420
 16777215
176
     1
 90
        0
176
     1
 90
        0
176
     1
 62
     7
176
     1
 62
   257
176
     1
 90
        1
176
     1
 90
        1
176
     1
 40
1.0
176
     1
 90
        8
176
     1
 62
   257
176
     1
 40
1.0
176
     1
 90
        1
176
     1
 90
        6
176
     1
 90
        2
176
     1
 62
     7
176
     1
 90
        3
176
     1
 90
        0
176
     1
 90
        0
176
     1
290
     0
176
     1
 90
       13
176
     1
 40
0.0
176
     1
 90
        0
176
     1
290
     0
176
     1
290
     1
176
     1
290
     1
176
     1
290
     0
176
     1
290
     0
176
     1
290
     0
176
     1
290
     0
176
     1
290
     0
176
     1
290
     0
176
     1
 90
       50
176
     1
 40
0.0
176
     1
 40
1.0
176
     1
 90
        0
176
     1
 62
    18
420
        0
176
     1
 90
       50
176
     1
 90
        3
176
     1
 62
     5
420
      255
176
     1
290
     0
176
     1
 90
       50
176
     1
 90
       50
176
     1
 90
       50
176
     1
290
     0
176
     1
 90
       50
176
     1
 62
   256
176
     0
 40
1.0
176
     0
 90
        2
176
     1
  1
strokes_ogs.tif
176
     1
290
     0
176
     1
 40
1.0
176
     1
 40
1.0
176
     1
1001
ACAD
1000
AcDbSavedByObjectVersion
1070
     0
  0
VISUALSTYLE
  5
3E
102
{ACAD_REACTORS
330
29
102
}
330
29
100
AcDbVisualStyle
  2
Shaded
 70
    27
177
     3
291
     0
 70
    58
 90
        2
176
     1
 90
        2
176
     1
 90
        1
176
     1
 90
        2
176
     1
 40
0.6
176
     1
 40
30.0
176
     1
 62
     7
420
 16777215
176
     1
 90
        0
176
     1
 90
        4
176
     1
 62
     7
176
     1
 62
   257
176
     1
 90
        1
176
     1
 90
        1
176
     1
 40
1.0
176
     1
 90
        8
176
     1
 62
   257
176
     1
 40
1.0
176
     1
 90
        1
176
     1
 90
        6
176
     1
 90
        2
176
     1
 62
     8
420
  7895160
176
     1
 90
        3
176
     1
 90
        0
176
     1
 90
        0
176
     1
290
     0
176
     1
 90
        5
176
     1
 40
0.0
176
     1
 90
        0
176
     1
290
     0
176
     1
290
     1
176
     1
290
     1
176
     1
290
     0
176
     1
290
     0
176
     1
290
     0
176
     1
290
     0
176
     1
290
     0
176
     1
290
     0
176
     1
 90
       50
176
     1
 40
0.0
176
     1
 40
1.0
176
     1
 90
        0
176
     1
 62
    18
420
        0
176
     1
 90
       50
176
     1
 90
        3
176
     1
 62
     5
420
      255
176
     1
290
     0
176
     1
 90
       50
176
     1
 90
       50
176
     1
 90
       50
176
     1
290
     0
176
     1
 90
       50
176
     1
 62
   256
176
     0
 40
1.0
176
     0
 90
        2
176
     1
  1
strokes_ogs.tif
176
     1
290
     0
176
     1
 40
1.0
176
     1
 40
1.0
176
     1
1001
ACAD
1000
AcDbSavedByObjectVersion
1070
     0
  0
VISUALSTYLE
  5
3D
102
{ACAD_REACTORS
330
29
102
}
330
29
100
AcDbVisualStyle
  2
Shaded with edges
 70
    26
177
     3
291
     0
 70
    58
 90
        2
176
     1
 90
        2
176
     1
 90
        1
176
     1
 90
        2
176
     1
 40
0.6
176
     1
 40
30.0
176
     1
 62
     7
420
 16777215
176
     1
 90
        1
176
     1
 90
        2
176
     1
 62
     7
176
     1
 62
   257
176
     1
 90
        2
176
     1
 90
        1
176
     1
 40
1.0
176
     1
 90
        8
176
     1
 62
   257
176
     1
 40
1.0
176
     1
 90
        1
176
     1
 90
        6
176
     1
 90
        2
176
     1
 62
     7
176
     1
 90
        3
176
     1
 90
        0
176
     1
 90
        0
176
     1
290
     0
176
     1
 90
        5
176
     1
 40
0.0
176
     1
 90
        0
176
     1
290
     0
176
     1
290
     1
176
     1
290
     1
176
     1
290
     0
176
     1
290
     0
176
     1
290
     0
176
     1
290
     0
176
     1
290
     0
176
     1
290
     0
176
     1
 90
       50
176
     1
 40
0.0
176
     1
 40
1.0
176
     1
 90
        0
176
     1
 62
    18
420
        0
176
     1
 90
       50
176
     1
 90
        3
176
     1
 62
     5
420
      255
176
     1
290
     0
176
     1
 90
       50
176
     1
 90
       50
176
     1
 90
       50
176
     1
290
     0
176
     1
 90
       50
176
     1
 62
   256
176
     0
 40
1.0
176
     0
 90
        2
176
     1
  1
strokes_ogs.tif
176
     1
290
     0
176
     1
 40
1.0
176
     1
 40
1.0
176
     1
1001
ACAD
1000
AcDbSavedByObjectVersion
1070
     0
  0
VISUALSTYLE
  5
3A
102
{ACAD_REACTORS
330
29
102
}
330
29
100
AcDbVisualStyle
  2
Shades of Gray
 70
    23
177
     3
291
     0
 70
    58
 90
        2
176
     1
 90
        2
176
     1
 90
        3
176
     1
 90
        0
176
     1
 40
0.6
176
     1
 40
30.0
176
     1
 62
     7
420
 16777215
176
     1
 90
        2
176
     1
 90
        2
176
     1
 62
     7
176
     1
 62
     7
176
     1
 90
        1
176
     1
 90
        1
176
     1
 40
40.0
176
     1
 90
        8
176
     1
 62
     7
176
     1
 40
1.0
176
     1
 90
        1
176
     1
 90
        6
176
     1
 90
        2
176
     1
 62
     7
176
     1
 90
        3
176
     1
 90
        0
176
     1
 90
        0
176
     1
290
     0
176
     1
 90
        1
176
     1
 40
0.0
176
     1
 90
        0
176
     1
290
     0
176
     1
290
     1
176
     1
290
     1
176
     1
290
     0
176
     1
290
     0
176
     1
290
     0
176
     1
290
     0
176
     1
290
     0
176
     1
290
     0
176
     1
 90
       50
176
     1
 40
0.0
176
     1
 40
1.0
176
     1
 90
        0
176
     1
 62
    18
420
        0
176
     1
 90
       50
176
     1
 90
        3
176
     1
 62
     5
420
      255
176
     1
290
     0
176
     1
 90
       50
176
     1
 90
       50
176
     1
 90
       50
176
     1
290
     0
176
     1
 90
       50
176
     1
 62
   256
176
     0
 40
1.0
176
     0
 90
        2
176
     1
  1
strokes_ogs.tif
176
     1
290
     0
176
     1
 40
1.0
176
     1
 40
1.0
176
     1
1001
ACAD
1000
AcDbSavedByObjectVersion
1070
     0
  0
VISUALSTYLE
  5
3B
102
{ACAD_REACTORS
330
29
102
}
330
29
100
AcDbVisualStyle
  2
Sketchy
 70
    24
177
     3
291
     0
 70
    58
 90
        1
176
     1
 90
        2
176
     1
 90
        2
176
     1
 90
        0
176
     1
 40
0.6
176
     1
 40
30.0
176
     1
 62
     7
420
 16777215
176
     1
 90
        2
176
     1
 90
        2
176
     1
 62
     7
176
     1
 62
     7
176
     1
 90
        1
176
     1
 90
        1
176
     1
 40
40.0
176
     1
 90
       11
176
     1
 62
     7
176
     1
 40
1.0
176
     1
 90
        1
176
     1
 90
        6
176
     1
 90
        2
176
     1
 62
     7
176
     1
 90
        6
176
     1
 90
        0
176
     1
 90
        0
176
     1
290
     0
176
     1
 90
        1
176
     1
 40
0.0
176
     1
 90
        0
176
     1
290
     0
176
     1
290
     1
176
     1
290
     1
176
     1
290
     0
176
     1
290
     0
176
     1
290
     0
176
     1
290
     0
176
     1
290
     0
176
     1
290
     0
176
     1
 90
       50
176
     1
 40
0.0
176
     1
 40
1.0
176
     1
 90
        0
176
     1
 62
    18
420
        0
176
     1
 90
       50
176
     1
 90
        3
176
     1
 62
     5
420
      255
176
     1
290
     0
176
     1
 90
       50
176
     1
 90
       50
176
     1
 90
       50
176
     1
290
     0
176
     1
 90
       50
176
     1
 62
   256
176
     0
 40
1.0
176
     0
 90
        2
176
     1
  1
strokes_ogs.tif
176
     1
290
     0
176
     1
 40
1.0
176
     1
 40
1.0
176
     1
1001
ACAD
1000
AcDbSavedByObjectVersion
1070
     0
  0
VISUALSTYLE
  5
36
102
{ACAD_REACTORS
330
29
102
}
330
29
100
AcDbVisualStyle
  2
Thicken
 70
    13
177
     3
291
     1
 70
    58
 90
        2
176
     1
 90
        2
176
     1
 90
        0
176
     1
 90
        0
176
     1
 40
0.6
176
     1
 40
30.0
176
     1
 62
     7
420
 16777215
176
     1
 90
        1
176
     1
 90
        4
176
     1
 62
     7
176
     1
 62
   257
176
     1
 90
        1
176
     1
 90
        1
176
     1
 40
1.0
176
     1
 90
       12
176
     1
 62
     7
176
     1
 40
1.0
176
     1
 90
        1
176
     1
 90
        6
176
     1
 90
        2
176
     1
 62
     7
176
     1
 90
        5
176
     1
 90
        0
176
     1
 90
        0
176
     1
290
     0
176
     1
 90
        1
176
     1
 40
0.0
176
     1
 90
        0
176
     1
290
     0
176
     1
290
     1
176
     1
290
     1
176
     1
290
     0
176
     1
290
     0
176
     1
290
     0
176
     1
290
     0
176
     1
290
     0
176
     1
290
     0
176
     1
 90
       50
176
     1
 40
0.0
176
     1
 40
1.0
176
     1
 90
        0
176
     1
 62
    18
420
        0
176
     1
 90
       50
176
     1
 90
        3
176
     1
 62
     5
420
      255
176
     1
290
     0
176
     1
 90
       50
176
     1
 90
       50
176
     1
 90
       50
176
     1
290
     0
176
     1
 90
       50
176
     1
 62
   256
176
     0
 40
1.0
176
     0
 90
        2
176
     1
  1
strokes_ogs.tif
176
     1
290
     0
176
     1
 40
1.0
176
     1
 40
1.0
176
     1
1001
ACAD
1000
AcDbSavedByObjectVersion
1070
     0
  0
VISUALSTYLE
  5
30
102
{ACAD_REACTORS
330
29
102
}
330
29
100
AcDbVisualStyle
  2
Wireframe
 70
     5
177
     3
291
     0
 70
    58
 90
        0
176
     1
 90
        2
176
     1
 90
        0
176
     1
 90
        0
176
     1
 40
0.6
176
     1
 40
30.0
176
     1
 62
     7
420
 16777215
176
     1
 90
        1
176
     1
 90
        4
176
     1
 62
     7
176
     1
 62
   257
176
     1
 90
        1
176
     1
 90
        1
176
     1
 40
1.0
176
     1
 90
        0
176
     1
 62
   257
176
     1
 40
1.0
176
     1
 90
        1
176
     1
 90
        6
176
     1
 90
        2
176
     1
 62
     7
176
     1
 90
        3
176
     1
 90
        0
176
     1
 90
        0
176
     1
290
     0
176
     1
 90
        1
176
     1
 40
0.0
176
     1
 90
        0
176
     1
290
     0
176
     1
290
     1
176
     1
290
     1
176
     1
290
     0
176
     1
290
     0
176
     1
290
     0
176
     1
290
     0
176
     1
290
     0
176
     1
290
     0
176
     1
 90
       50
176
     1
 40
0.0
176
     1
 40
1.0
176
     1
 90
        0
176
     1
 62
    18
420
        0
176
     1
 90
       50
176
     1
 90
        3
176
     1
 62
     5
420
      255
176
     1
290
     0
176
     1
 90
       50
176
     1
 90
       50
176
     1
 90
       50
176
     1
290
     0
176
     1
 90
       50
176
     1
 62
   256
176
     0
 40
1.0
176
     0
 90
        2
176
     1
  1
strokes_ogs.tif
176
     1
290
     0
176
     1
 40
1.0
176
     1
 40
1.0
176
     1
1001
ACAD
1000
AcDbSavedByObjectVersion
1070
     0
  0
VISUALSTYLE
  5
3C
102
{ACAD_REACTORS
330
29
102
}
330
29
100
AcDbVisualStyle
  2
X-Ray
 70
    25
177
     3
291
     0
 70
    58
 90
        2
176
     1
 90
        2
176
     1
 90
        1
176
     1
 90
        1
176
     1
 40
0.5
176
     1
 40
30.0
176
     1
 62
     7
420
 16777215
176
     1
 90
        1
176
     1
 90
        0
176
     1
 62
     7
176
     1
 62
   257
176
     1
 90
        1
176
     1
 90
        1
176
     1
 40
1.0
176
     1
 90
        8
176
     1
 62
     7
176
     1
 40
1.0
176
     1
 90
        1
176
     1
 90
        6
176
     1
 90
        2
176
     1
 62
     7
176
     1
 90
        3
176
     1
 90
        0
176
     1
 90
        0
176
     1
290
     0
176
     1
 90
       13
176
     1
 40
0.0
176
     1
 90
        0
176
     1
290
     0
176
     1
290
     1
176
     1
290
     1
176
     1
290
     0
176
     1
290
     0
176
     1
290
     0
176
     1
290
     0
176
     1
290
     0
176
     1
290
     0
176
     1
 90
       50
176
     1
 40
0.0
176
     1
 40
1.0
176
     1
 90
        0
176
     1
 62
    18
420
        0
176
     1
 90
       50
176
     1
 90
        3
176
     1
 62
     5
420
      255
176
     1
290
     0
176
     1
 90
       50
176
     1
 90
       50
176
     1
 90
       50
176
     1
290
     0
176
     1
 90
       50
176
     1
 62
   256
176
     0
 40
1.0
176
     0
 90
        2
176
     1
  1
strokes_ogs.tif
176
     1
290
     0
176
     1
 40
1.0
176
     1
 40
1.0
176
     1
1001
ACAD
1000
AcDbSavedByObjectVersion
1070
     0
  0
DICTIONARYVAR
  5
B5E
102
{ACAD_REACTORS
330
B59
102
}
330
B59
100
DictionaryVariables
280
     0
  1
0
  0
DICTIONARYVAR
  5
B5F
102
{ACAD_REACTORS
330
B59
102
}
330
B59
100
DictionaryVariables
280
     0
  1
1:1
  0
DICTIONARYVAR
  5
B5B
102
{ACAD_REACTORS
330
B59
102
}
330
B59
100
DictionaryVariables
280
     0
  1
STANDARD
  0
DICTIONARYVAR
  5
B5A
102
{ACAD_REACTORS
330
B59
102
}
330
B59
100
DictionaryVariables
280
     0
  1
STANDARD
  0
DICTIONARYVAR
  5
B5C
102
{ACAD_REACTORS
330
B59
102
}
330
B59
100
DictionaryVariables
280
     0
  1
Imperial24
  0
DICTIONARYVAR
  5
B5D
102
{ACAD_REACTORS
330
B59
102
}
330
B59
100
DictionaryVariables
280
     0
  1
Imperial24
  0
DICTIONARY
  5
B65
330
6B
100
AcDbDictionary
280
     1
281
     1
  3
ACAD_XREC_ROUNDTRIP
360
B66
  0
DICTIONARY
  5
1A
330
19
100
AcDbDictionary
280
     1
281
     1
  3
BUMPTILE
360
1C
  3
DIFFUSETILE
360
1B
  3
OPACITYTILE
360
1F
  3
REFLECTIONTILE
360
1E
  3
REFRACTIONTILE
360
20
  3
SPECULARTILE
360
1D
  0
DICTIONARY
  5
12
330
11
100
AcDbDictionary
280
     1
281
     1
  3
BUMPTILE
360
14
  3
DIFFUSETILE
360
13
  3
OPACITYTILE
360
17
  3
REFLECTIONTILE
360
16
  3
REFRACTIONTILE
360
18
  3
SPECULARTILE
360
15
  0
DICTIONARY
  5
22
330
21
100
AcDbDictionary
280
     1
281
     1
  3
BUMPTILE
360
24
  3
DIFFUSETILE
360
23
  3
OPACITYTILE
360
27
  3
REFLECTIONTILE
360
26
  3
REFRACTIONTILE
360
28
  3
SPECULARTILE
360
25
  0
DICTIONARY
  5
B63
330
69
100
AcDbDictionary
280
     1
281
     1
  3
ACAD_XREC_ROUNDTRIP
360
B64
  0
DICTIONARY
  5
B60
330
65
100
AcDbDictionary
280
     1
281
     1
  3
ACAD_ROUNDTRIP_2008_TABLESTYLE_CELLSTYLEMAP
360
B61
  0
XRECORD
  5
B66
102
{ACAD_REACTORS
330
B65
102
}
330
B65
100
AcDbXrecord
280
     1
102
DISPLAYNAME
  1
Imperial24
102
FLAGS
 90
        0
  0
XRECORD
  5
1C
102
{ACAD_REACTORS
330
1A
102
}
330
1A
100
AcDbXrecord
280
     1
270
     1
271
     1
  0
XRECORD
  5
1B
102
{ACAD_REACTORS
330
1A
102
}
330
1A
100
AcDbXrecord
280
     1
270
     1
271
     1
  0
XRECORD
  5
1F
102
{ACAD_REACTORS
330
1A
102
}
330
1A
100
AcDbXrecord
280
     1
270
     1
271
     1
  0
XRECORD
  5
1E
102
{ACAD_REACTORS
330
1A
102
}
330
1A
100
AcDbXrecord
280
     1
270
     1
271
     1
  0
XRECORD
  5
20
102
{ACAD_REACTORS
330
1A
102
}
330
1A
100
AcDbXrecord
280
     1
270
     1
271
     1
  0
XRECORD
  5
1D
102
{ACAD_REACTORS
330
1A
102
}
330
1A
100
AcDbXrecord
280
     1
270
     1
271
     1
  0
XRECORD
  5
14
102
{ACAD_REACTORS
330
12
102
}
330
12
100
AcDbXrecord
280
     1
270
     1
271
     1
  0
XRECORD
  5
13
102
{ACAD_REACTORS
330
12
102
}
330
12
100
AcDbXrecord
280
     1
270
     1
271
     1
  0
XRECORD
  5
17
102
{ACAD_REACTORS
330
12
102
}
330
12
100
AcDbXrecord
280
     1
270
     1
271
     1
  0
XRECORD
  5
16
102
{ACAD_REACTORS
330
12
102
}
330
12
100
AcDbXrecord
280
     1
270
     1
271
     1
  0
XRECORD
  5
18
102
{ACAD_REACTORS
330
12
102
}
330
12
100
AcDbXrecord
280
     1
270
     1
271
     1
  0
XRECORD
  5
15
102
{ACAD_REACTORS
330
12
102
}
330
12
100
AcDbXrecord
280
     1
270
     1
271
     1
  0
XRECORD
  5
24
102
{ACAD_REACTORS
330
22
102
}
330
22
100
AcDbXrecord
280
     1
270
     1
271
     1
  0
XRECORD
  5
23
102
{ACAD_REACTORS
330
22
102
}
330
22
100
AcDbXrecord
280
     1
270
     1
271
     1
  0
XRECORD
  5
27
102
{ACAD_REACTORS
330
22
102
}
330
22
100
AcDbXrecord
280
     1
270
     1
271
     1
  0
XRECORD
  5
26
102
{ACAD_REACTORS
330
22
102
}
330
22
100
AcDbXrecord
280
     1
270
     1
271
     1
  0
XRECORD
  5
28
102
{ACAD_REACTORS
330
22
102
}
330
22
100
AcDbXrecord
280
     1
270
     1
271
     1
  0
XRECORD
  5
25
102
{ACAD_REACTORS
330
22
102
}
330
22
100
AcDbXrecord
280
     1
270
     1
271
     1
  0
XRECORD
  5
B64
102
{ACAD_REACTORS
330
B63
102
}
330
B63
100
AcDbXrecord
280
     1
102
DISPLAYNAME
  1
Imperial24
102
FLAGS
 90
        0
  0
CELLSTYLEMAP
  5
B61
102
{ACAD_REACTORS
330
B60
102
}
330
B60
100
AcDbCellStyleMap
 90
        3
300
CELLSTYLE
  1
TABLEFORMAT_BEGIN
 90
        5
170
     1
 91
        0
 92
    32768
 62
   257
 93
        1
300
CONTENTFORMAT
  1
CONTENTFORMAT_BEGIN
 90
        0
 91
        0
 92
      512
 93
        0
300

 40
0.0
140
1.0
 94
        5
 62
     0
340
55
144
0.25
309
CONTENTFORMAT_END
171
     1
301
MARGIN
  1
CELLMARGIN_BEGIN
 40
1.5
 40
1.5
 40
1.5
 40
1.5
 40
0.18
 40
0.18
309
CELLMARGIN_END
 94
        0
309
TABLEFORMAT_END
  1
CELLSTYLE_BEGIN
 90
        1
 91
        1
300
_TITLE
309
CELLSTYLE_END
300
CELLSTYLE
  1
TABLEFORMAT_BEGIN
 90
        5
170
     1
 91
        0
 92
        0
 62
   257
 93
        1
300
CONTENTFORMAT
  1
CONTENTFORMAT_BEGIN
 90
        0
 91
        0
 92
      512
 93
        0
300

 40
0.0
140
1.0
 94
        5
 62
     0
340
55
144
0.18
309
CONTENTFORMAT_END
171
     1
301
MARGIN
  1
CELLMARGIN_BEGIN
 40
1.5
 40
1.5
 40
1.5
 40
1.5
 40
0.18
 40
0.18
309
CELLMARGIN_END
 94
        0
309
TABLEFORMAT_END
  1
CELLSTYLE_BEGIN
 90
        2
 91
        1
300
_HEADER
309
CELLSTYLE_END
300
CELLSTYLE
  1
TABLEFORMAT_BEGIN
 90
        5
170
     1
 91
        0
 92
        0
 62
   257
 93
        1
300
CONTENTFORMAT
  1
CONTENTFORMAT_BEGIN
 90
        0
 91
        0
 92
      512
 93
        0
300

 40
0.0
140
1.0
 94
        2
 62
     0
340
55
144
0.18
309
CONTENTFORMAT_END
171
     1
301
MARGIN
  1
CELLMARGIN_BEGIN
 40
1.5
 40
1.5
 40
1.5
 40
1.5
 40
0.18
 40
0.18
309
CELLMARGIN_END
 94
        0
309
TABLEFORMAT_END
  1
CELLSTYLE_BEGIN
 90
        3
 91
        2
300
_DATA
309
CELLSTYLE_END
  0
ENDSEC
  0
EOF
